test_case_family_split_and_all_candidate_coverage_are_checked (test_amount_extraction_control.AmountCorpusAuditTest.test_case_family_split_and_all_candidate_coverage_are_checked) ... ok
test_generator_refuses_existing_dataset (test_amount_extraction_control.AmountCorpusAuditTest.test_generator_refuses_existing_dataset) ... ok
test_hidden_labels_and_metadata_do_not_enter_candidate_prompts (test_amount_extraction_control.AmountCorpusAuditTest.test_hidden_labels_and_metadata_do_not_enter_candidate_prompts) ... ok
test_joint_selection_reference_and_target_mutation_is_rejected (test_amount_extraction_control.AmountCorpusAuditTest.test_joint_selection_reference_and_target_mutation_is_rejected) ... ok
test_original_dataset_counts_recall_and_all_candidate_attributes (test_amount_extraction_control.AmountCorpusAuditTest.test_original_dataset_counts_recall_and_all_candidate_attributes) ... ok
test_output_exclusive_creation_preserves_concurrent_file (test_amount_extraction_control.AmountCorpusAuditTest.test_output_exclusive_creation_preserves_concurrent_file) ... ok
test_output_rejects_dataset_paths_aliases_existing_files_and_symlinks (test_amount_extraction_control.AmountCorpusAuditTest.test_output_rejects_dataset_paths_aliases_existing_files_and_symlinks) ... ok
test_source_hash_binding_and_unsealed_bytes_fail (test_amount_extraction_control.AmountCorpusAuditTest.test_source_hash_binding_and_unsealed_bytes_fail) ... ok
test_undefined_is_credit_cannot_gain_a_false_supervised_target (test_amount_extraction_control.AmountCorpusAuditTest.test_undefined_is_credit_cannot_gain_a_false_supervised_target) ... ok
test_visible_flow_mutation_and_wrong_normalization_are_independently_detected (test_amount_extraction_control.AmountCorpusAuditTest.test_visible_flow_mutation_and_wrong_normalization_are_independently_detected) ... ok
test_absent_unsupported_and_unrecalled_populated_fields_remain_distinct (test_amount_extraction_control.AmountRuntimeTest.test_absent_unsupported_and_unrecalled_populated_fields_remain_distinct) ... ok
test_ascii_numeric_grammar_rejects_mixed_unicode_malformed_grouping_and_signs (test_amount_extraction_control.AmountRuntimeTest.test_ascii_numeric_grammar_rejects_mixed_unicode_malformed_grouping_and_signs) ... ok
test_candidate_limit_no_candidates_and_actual_candidate_binding (test_amount_extraction_control.AmountRuntimeTest.test_candidate_limit_no_candidates_and_actual_candidate_binding) ... ok
test_candidates_are_query_blind_and_preserve_original_character_offsets (test_amount_extraction_control.AmountRuntimeTest.test_candidates_are_query_blind_and_preserve_original_character_offsets) ... ok
test_exact_long_decimal_credit_and_zero_ignore_decimal_context (test_amount_extraction_control.AmountRuntimeTest.test_exact_long_decimal_credit_and_zero_ignore_decimal_context) ... ok
test_independent_candidate_scanner_matches_prefix_suffix_and_boundary_cases (test_amount_extraction_control.AmountRuntimeTest.test_independent_candidate_scanner_matches_prefix_suffix_and_boundary_cases) ... ok
test_locale_headers_are_required_unique_and_consistent (test_amount_extraction_control.AmountRuntimeTest.test_locale_headers_are_required_unique_and_consistent) ... ok
test_partial_candidates_cannot_be_rescued_by_counterfeit_predictions (test_amount_extraction_control.AmountRuntimeTest.test_partial_candidates_cannot_be_rescued_by_counterfeit_predictions) ... ok
test_same_value_different_offsets_and_duplicate_target_roles (test_amount_extraction_control.AmountRuntimeTest.test_same_value_different_offsets_and_duplicate_target_roles) ... ok
test_unsigned_signed_conflicting_and_unknown_directions (test_amount_extraction_control.AmountRuntimeTest.test_unsigned_signed_conflicting_and_unknown_directions) ... ok
test_visible_currency_markers_declarations_and_unsupported_currency (test_amount_extraction_control.AmountRuntimeTest.test_visible_currency_markers_declarations_and_unsupported_currency) ... ok
test_changed_artifact_manifest_and_producer_fail_before_dispatch (test_amount_service.AmountDriverFixtures.test_changed_artifact_manifest_and_producer_fail_before_dispatch) ... ok
test_driver_preserves_actual_wire_and_labels_fixture_evidence (test_amount_service.AmountDriverFixtures.test_driver_preserves_actual_wire_and_labels_fixture_evidence) ... ok
test_failed_default_http_path_never_marks_model_quality_evidence (test_amount_service.AmountDriverFixtures.test_failed_default_http_path_never_marks_model_quality_evidence) ... ok
test_interruption_during_b_retains_a_and_all_fixed_denominators (test_amount_service.AmountDriverFixtures.test_interruption_during_b_retains_a_and_all_fixed_denominators) ... ok
test_invalid_identity_split_and_transport_flags_fail_before_dispatch (test_amount_service.AmountDriverFixtures.test_invalid_identity_split_and_transport_flags_fail_before_dispatch) ... ok
test_loader_never_decodes_nonheldout_or_typed_targets (test_amount_service.AmountDriverFixtures.test_loader_never_decodes_nonheldout_or_typed_targets) ... ok
test_outputs_cannot_overwrite_data_or_follow_output_symlink (test_amount_service.AmountDriverFixtures.test_outputs_cannot_overwrite_data_or_follow_output_symlink) ... ok
test_postrun_artifact_change_invalidates_evidence (test_amount_service.AmountDriverFixtures.test_postrun_artifact_change_invalidates_evidence) ... ok
test_absent_and_ambiguous_refusals_have_no_unique_target_denominator (test_amount_service.AmountPipelineFixtures.test_absent_and_ambiguous_refusals_have_no_unique_target_denominator) ... ok
test_b_http_schema_and_identity_failure_preserve_a (test_amount_service.AmountPipelineFixtures.test_b_http_schema_and_identity_failure_preserve_a) ... ok
test_b_uses_actual_wrong_role_even_when_presence_is_false (test_amount_service.AmountPipelineFixtures.test_b_uses_actual_wrong_role_even_when_presence_is_false) ... ok
test_equal_amount_at_other_offset_is_not_extraction_success (test_amount_service.AmountPipelineFixtures.test_equal_amount_at_other_offset_is_not_extraction_success) ... ok
test_forced_single_none_still_requires_a_valid_response (test_amount_service.AmountPipelineFixtures.test_forced_single_none_still_requires_a_valid_response) ... ok
test_metadata_locks_before_invalid_a_answers (test_amount_service.AmountPipelineFixtures.test_metadata_locks_before_invalid_a_answers) ... ok
test_miss_none_is_span_correct_but_never_extracted (test_amount_service.AmountPipelineFixtures.test_miss_none_is_span_correct_but_never_extracted) ... ok
test_partial_selection_cannot_be_repaired_by_predicted_known (test_amount_service.AmountPipelineFixtures.test_partial_selection_cannot_be_repaired_by_predicted_known) ... ok
test_predicted_known_cannot_make_unknown_reference_normalizable (test_amount_service.AmountPipelineFixtures.test_predicted_known_cannot_make_unknown_reference_normalizable) ... ok
test_presence_false_keeps_value_score_but_fails_complete_output (test_amount_service.AmountPipelineFixtures.test_presence_false_keeps_value_score_but_fails_complete_output) ... ok
test_reference_currency_review_keeps_known_credit_denominator (test_amount_service.AmountPipelineFixtures.test_reference_currency_review_keeps_known_credit_denominator) ... ok
test_reference_known_credit_scored_even_when_predicted_unknown (test_amount_service.AmountPipelineFixtures.test_reference_known_credit_scored_even_when_predicted_unknown) ... ok
test_supported_currencies_signs_and_long_decimal_remain_exact (test_amount_service.AmountPipelineFixtures.test_supported_currencies_signs_and_long_decimal_remain_exact) ... ok
test_undefined_credit_still_requires_protocol_valid_probability (test_amount_service.AmountPipelineFixtures.test_undefined_credit_still_requires_protocol_valid_probability) ... ok
test_undefined_credit_valid_probabilities_do_not_change_defined_score (test_amount_service.AmountPipelineFixtures.test_undefined_credit_valid_probabilities_do_not_change_defined_score) ... ok
test_wrong_b_heads_collapsing_to_review_do_not_succeed (test_amount_service.AmountPipelineFixtures.test_wrong_b_heads_collapsing_to_review_do_not_succeed) ... ok
test_all_primitives_have_exact_typed_outputs (test_api.TypedAPITest.test_all_primitives_have_exact_typed_outputs) ... ok
test_api_cold_import_has_no_torch_dependency (test_api.TypedAPITest.test_api_cold_import_has_no_torch_dependency) ... ok
test_cardinality_and_primitive_validation (test_api.TypedAPITest.test_cardinality_and_primitive_validation) ... ok
test_input_mutation_does_not_modify_compiled_state (test_api.TypedAPITest.test_input_mutation_does_not_modify_compiled_state) ... ok
test_invalid_model_probabilities_are_never_formatted_as_answers (test_api.TypedAPITest.test_invalid_model_probabilities_are_never_formatted_as_answers) ... ok
test_noul_accepts_optional_true_and_false_criteria (test_api.TypedAPITest.test_noul_accepts_optional_true_and_false_criteria) ... ok
test_question_ids_labels_targets_and_siblings_are_isolated (test_api.TypedAPITest.test_question_ids_labels_targets_and_siblings_are_isolated) ... ok
test_score_sees_own_description_without_neighbor_or_number (test_api.TypedAPITest.test_score_sees_own_description_without_neighbor_or_number) ... ok
test_structured_descriptions_and_null_choice_descriptions (test_api.TypedAPITest.test_structured_descriptions_and_null_choice_descriptions) ... ok
test_cli_writes_fresh_receipt_and_sparse_stdout (test_audit_boundary_controls_v7.IndependentDirectoryTests.test_cli_writes_fresh_receipt_and_sparse_stdout) ... ok
test_complete_hand_authored_groups_and_structural_limits (test_audit_boundary_controls_v7.IndependentDirectoryTests.test_complete_hand_authored_groups_and_structural_limits) ... ok
test_condition_target_and_incomplete_group_rejected (test_audit_boundary_controls_v7.IndependentDirectoryTests.test_condition_target_and_incomplete_group_rejected) ... ok
test_directory_receipt_hashes_and_changed_bytes (test_audit_boundary_controls_v7.IndependentDirectoryTests.test_directory_receipt_hashes_and_changed_bytes) ... ok
test_kind_truth_coupled_structure_rejected (test_audit_boundary_controls_v7.IndependentDirectoryTests.test_kind_truth_coupled_structure_rejected) ... ok
test_rehashed_wrong_rule_still_fails_independent_replay (test_audit_boundary_controls_v7.IndependentDirectoryTests.test_rehashed_wrong_rule_still_fails_independent_replay) ... ok
test_gregorian_offset_manual_epoch_fixtures (test_audit_boundary_controls_v7.IndependentGoldTests.test_gregorian_offset_manual_epoch_fixtures) ... ok
test_integer_ledger_cancellation_negative_and_one_cent_without_float (test_audit_boundary_controls_v7.IndependentGoldTests.test_integer_ledger_cancellation_negative_and_one_cent_without_float) ... ok
test_joint_latest_valid_scope_and_minimum_capacity (test_audit_boundary_controls_v7.IndependentGoldTests.test_joint_latest_valid_scope_and_minimum_capacity) ... ok
test_policy_withdrawal_and_absence_precede_fraud_no_fallback (test_audit_boundary_controls_v7.IndependentGoldTests.test_policy_withdrawal_and_absence_precede_fraud_no_fallback) ... ok
test_revocation_precedes_missing_consent (test_audit_boundary_controls_v7.IndependentGoldTests.test_revocation_precedes_missing_consent) ... ok
test_temporal_closed_endpoints_and_exception_precedence (test_audit_boundary_controls_v7.IndependentGoldTests.test_temporal_closed_endpoints_and_exception_precedence) ... ok
test_visible_question_and_contract_mutations_rejected (test_audit_boundary_controls_v7.IndependentGoldTests.test_visible_question_and_contract_mutations_rejected) ... ok
test_exact_integer_and_boolean_types (test_audit_frontier_controls_v8.PrimitiveOracleTests.test_exact_integer_and_boolean_types) ... ok
test_money_format_is_exact_for_negative_and_large_cents (test_audit_frontier_controls_v8.PrimitiveOracleTests.test_money_format_is_exact_for_negative_and_large_cents) ... ok
test_time_uses_absolute_instants_across_offsets_and_leap_day (test_audit_frontier_controls_v8.PrimitiveOracleTests.test_time_uses_absolute_instants_across_offsets_and_leap_day) ... ok
test_account_closed_paused_unknown_active_priority_and_latest_status (test_audit_frontier_controls_v8.StateOracleTests.test_account_closed_paused_unknown_active_priority_and_latest_status) ... ok
test_canonical_balance_candidates_and_visible_proposition (test_audit_frontier_controls_v8.StateOracleTests.test_canonical_balance_candidates_and_visible_proposition) ... ok
test_composed_signed_ledgers_and_no_boolean_or_neutral_operands (test_audit_frontier_controls_v8.StateOracleTests.test_composed_signed_ledgers_and_no_boolean_or_neutral_operands) ... ok
test_department_fraud_before_missing_or_withdrawn_policy (test_audit_frontier_controls_v8.StateOracleTests.test_department_fraud_before_missing_or_withdrawn_policy) ... ok
test_department_normalization_preserves_unequal_components_under_reversal (test_audit_frontier_controls_v8.StateOracleTests.test_department_normalization_preserves_unequal_components_under_reversal) ... ok
test_foreign_reference_equality_is_preserved_even_when_gold_ignores_it (test_audit_frontier_controls_v8.StateOracleTests.test_foreign_reference_equality_is_preserved_even_when_gold_ignores_it) ... ok
test_full_matcher_accepts_consistent_renaming_and_rejects_identity_merge (test_audit_frontier_controls_v8.StateOracleTests.test_full_matcher_accepts_consistent_renaming_and_rejects_identity_merge) ... ok
test_full_typed_presentation_matcher_preserves_all_ids_and_values (test_audit_frontier_controls_v8.StateOracleTests.test_full_typed_presentation_matcher_preserves_all_ids_and_values) ... ok
test_joint_exact_capacity_scope_and_revoke_before_missing_or_amount (test_audit_frontier_controls_v8.StateOracleTests.test_joint_exact_capacity_scope_and_revoke_before_missing_or_amount) ... ok
test_joint_regrant_and_tied_authority (test_audit_frontier_controls_v8.StateOracleTests.test_joint_regrant_and_tied_authority) ... ok
test_old_directory_and_symlink_are_rejected_before_any_row_read (test_audit_frontier_controls_v8.StateOracleTests.test_old_directory_and_symlink_are_rejected_before_any_row_read) ... ok
test_policy_identity_normalization_ignores_mapping_key_order (test_audit_frontier_controls_v8.StateOracleTests.test_policy_identity_normalization_ignores_mapping_key_order) ... ok
test_provisional_split_hash_rejected_before_row_json_parse (test_audit_frontier_controls_v8.StateOracleTests.test_provisional_split_hash_rejected_before_row_json_parse) ... ok
test_refund_canonical_first_last_annotations_survive_verified_reversal (test_audit_frontier_controls_v8.StateOracleTests.test_refund_canonical_first_last_annotations_survive_verified_reversal) ... ok
test_refund_recall_before_document_ineligibility_and_total_capacity (test_audit_frontier_controls_v8.StateOracleTests.test_refund_recall_before_document_ineligibility_and_total_capacity) ... ok
test_temporal_advance_and_duplicate_applicable_sequences (test_audit_frontier_controls_v8.StateOracleTests.test_temporal_advance_and_duplicate_applicable_sequences) ... ok
test_temporal_corrected_anchor_inclusive_endpoints_exception_and_invalid_records (test_audit_frontier_controls_v8.StateOracleTests.test_temporal_corrected_anchor_inclusive_endpoints_exception_and_invalid_records) ... ok
test_topic_scope_exactness_and_duplicate_valid_revision (test_audit_frontier_controls_v8.StateOracleTests.test_topic_scope_exactness_and_duplicate_valid_revision) ... ok
test_topics_resolve_all_authority_before_fraud_and_ignore_invalid_high_revision (test_audit_frontier_controls_v8.StateOracleTests.test_topics_resolve_all_authority_before_fraud_and_ignore_invalid_high_revision) ... ok
test_visible_policy_and_proposition_gold_ignore_metadata_conditions (test_audit_frontier_controls_v8.StateOracleTests.test_visible_policy_and_proposition_gold_ignore_metadata_conditions) ... ok
test_every_git_variable_scrubbed_and_exact_commit_used (test_audit_frontier_training_v8.CommittedSourceTests.test_every_git_variable_scrubbed_and_exact_commit_used) ... ok
test_wrong_repository_root_or_source_bytes_rejected (test_audit_frontier_training_v8.CommittedSourceTests.test_wrong_repository_root_or_source_bytes_rejected) ... ok
test_full_numeric_menu_origin_changes_block_but_shared_atom_alone_does_not (test_audit_frontier_training_v8.InputIsolationTests.test_full_numeric_menu_origin_changes_block_but_shared_atom_alone_does_not) ... ok
test_inherited_typed_query_clone_blocks_and_exports_no_old_body (test_audit_frontier_training_v8.InputIsolationTests.test_inherited_typed_query_clone_blocks_and_exports_no_old_body) ... ok
test_noul_query_outcome_and_negation_cannot_be_ignored (test_audit_frontier_training_v8.InputIsolationTests.test_noul_query_outcome_and_negation_cannot_be_ignored) ... ok
test_option_rotation_and_invisible_metadata_do_not_disguise_compiled_copy (test_audit_frontier_training_v8.InputIsolationTests.test_option_rotation_and_invisible_metadata_do_not_disguise_compiled_copy) ... ok
test_parent_closure_excludes_unmatched_siblings_without_label_selection (test_audit_frontier_training_v8.InputIsolationTests.test_parent_closure_excludes_unmatched_siblings_without_label_selection) ... ok
test_parent_identifier_cannot_cross_splits_with_different_facts (test_audit_frontier_training_v8.InputIsolationTests.test_parent_identifier_cannot_cross_splits_with_different_facts) ... ok
test_preserved_full_receipt_to_exact_declared_derivative_passes (test_audit_frontier_training_v8.InputIsolationTests.test_preserved_full_receipt_to_exact_declared_derivative_passes) ... ok
test_reserved_to_reserved_collision_is_checked (test_audit_frontier_training_v8.InputIsolationTests.test_reserved_to_reserved_collision_is_checked) ... ok
test_subject_edges_are_preserved_independently (test_audit_frontier_training_v8.InputIsolationTests.test_subject_edges_are_preserved_independently) ... ok
test_unreviewed_question_does_not_claim_proven_semantic_clone (test_audit_frontier_training_v8.InputIsolationTests.test_unreviewed_question_does_not_claim_proven_semantic_clone) ... ok
test_actual_bytes_and_order_pass (test_audit_frontier_training_v8.StageIsolationTests.test_actual_bytes_and_order_pass) ... ok
test_blocked_preflight_fails_before_directory_read (test_audit_frontier_training_v8.StageIsolationTests.test_blocked_preflight_fails_before_directory_read) ... ok
test_changed_input_receipt_binding_rejected (test_audit_frontier_training_v8.StageIsolationTests.test_changed_input_receipt_binding_rejected) ... ok
test_declared_blocks_counts_and_membership_cannot_be_forged (test_audit_frontier_training_v8.StageIsolationTests.test_declared_blocks_counts_and_membership_cannot_be_forged) ... ok
test_missing_retained_or_changed_bytes_rejected (test_audit_frontier_training_v8.StageIsolationTests.test_missing_retained_or_changed_bytes_rejected) ... ok
test_promotion_model_calls_or_executable_argv_is_rejected (test_audit_frontier_training_v8.StageIsolationTests.test_promotion_model_calls_or_executable_argv_is_rejected) ... ok
test_reordered_or_mutated_row_is_rejected_even_if_manifest_self_consistent (test_audit_frontier_training_v8.StageIsolationTests.test_reordered_or_mutated_row_is_rejected_even_if_manifest_self_consistent) ... ok
test_unexpected_nonjsonl_jsonl_symlink_and_fifo_rejected_before_read (test_audit_frontier_training_v8.StageIsolationTests.test_unexpected_nonjsonl_jsonl_symlink_and_fifo_rejected_before_read) ... ok
test_bad_probabilities_and_derived_fields_are_schema_failures (test_benchmark_generation.GenerationBenchmarkTest.test_bad_probabilities_and_derived_fields_are_schema_failures) ... ok
test_cli_rejects_unknown_contract_and_existing_outputs_before_model_loading (test_benchmark_generation.GenerationBenchmarkTest.test_cli_rejects_unknown_contract_and_existing_outputs_before_model_loading) ... ok
test_complete_typed_response_and_json_validate (test_benchmark_generation.GenerationBenchmarkTest.test_complete_typed_response_and_json_validate) ... ok
test_contracts_are_explicit_and_never_inferred_from_output (test_benchmark_generation.GenerationBenchmarkTest.test_contracts_are_explicit_and_never_inferred_from_output) ... ok
test_generation_prompt_contains_same_state_all_questions_and_full_output (test_benchmark_generation.GenerationBenchmarkTest.test_generation_prompt_contains_same_state_all_questions_and_full_output) ... ok
test_missing_questions_candidates_and_fields_are_coverage_failures (test_benchmark_generation.GenerationBenchmarkTest.test_missing_questions_candidates_and_fields_are_coverage_failures) ... ok
test_no_ratio_when_even_one_output_is_invalid (test_benchmark_generation.GenerationBenchmarkTest.test_no_ratio_when_even_one_output_is_invalid) ... ok
test_parse_failure_is_not_repaired (test_benchmark_generation.GenerationBenchmarkTest.test_parse_failure_is_not_repaired) ... ok
test_probability_json_rejects_fences_duplicate_keys_and_nonfinite_literals (test_benchmark_generation.GenerationBenchmarkTest.test_probability_json_rejects_fences_duplicate_keys_and_nonfinite_literals) ... ok
test_probability_mapping_requires_exact_question_and_candidate_coverage (test_benchmark_generation.GenerationBenchmarkTest.test_probability_mapping_requires_exact_question_and_candidate_coverage) ... ok
test_probability_mapping_uses_identical_typed_formatter_without_mutation (test_benchmark_generation.GenerationBenchmarkTest.test_probability_mapping_uses_identical_typed_formatter_without_mutation) ... ok
test_probability_prompt_retains_request_and_omits_derived_output_fields (test_benchmark_generation.GenerationBenchmarkTest.test_probability_prompt_retains_request_and_omits_derived_output_fields) ... ok
test_probability_simplex_is_strict_and_invalid_numbers_are_not_repaired (test_benchmark_generation.GenerationBenchmarkTest.test_probability_simplex_is_strict_and_invalid_numbers_are_not_repaired) ... ok
test_timed_probability_trials_retain_raw_text_on_success_and_failure (test_benchmark_generation.GenerationBenchmarkTest.test_timed_probability_trials_retain_raw_text_on_success_and_failure) ... ok
test_complete_schema_split_counts_independent_replay_and_determinism (test_boundary_controls_v7.BoundaryControlsV7Tests.test_complete_schema_split_counts_independent_replay_and_determinism) ... ok
test_condition_kind_truth_correct_position_and_action_coverage (test_boundary_controls_v7.BoundaryControlsV7Tests.test_condition_kind_truth_correct_position_and_action_coverage) ... ok
test_corrupt_target_proposal_incomplete_group_and_same_split_duplicate (test_boundary_controls_v7.BoundaryControlsV7Tests.test_corrupt_target_proposal_incomplete_group_and_same_split_duplicate) ... ok
test_frozen_output_hashes_and_hidden_metadata_are_absent_from_prompts (test_boundary_controls_v7.BoundaryControlsV7Tests.test_frozen_output_hashes_and_hidden_metadata_are_absent_from_prompts) ... ok
test_independent_replay_rejects_malformed_authority_facts (test_boundary_controls_v7.BoundaryControlsV7Tests.test_independent_replay_rejects_malformed_authority_facts) ... ok
test_joint_scope_sequence_revocation_missing_and_one_cent_mutations (test_boundary_controls_v7.BoundaryControlsV7Tests.test_joint_scope_sequence_revocation_missing_and_one_cent_mutations) ... ok
test_latest_authority_missing_withdrawal_and_fraud_priority_mutations (test_boundary_controls_v7.BoundaryControlsV7Tests.test_latest_authority_missing_withdrawal_and_fraud_priority_mutations) ... ok
test_numeric_signed_zero_cancelled_integer_money_and_nonmedian_gold (test_boundary_controls_v7.BoundaryControlsV7Tests.test_numeric_signed_zero_cancelled_integer_money_and_nonmedian_gold) ... ok
test_separate_audit_rejects_changed_rules_conditions_and_labels (test_boundary_controls_v7.BoundaryControlsV7Tests.test_separate_audit_rejects_changed_rules_conditions_and_labels) ... ok
test_structural_alternatives_cross_kind_and_noul_truth (test_boundary_controls_v7.BoundaryControlsV7Tests.test_structural_alternatives_cross_kind_and_noul_truth) ... ok
test_temporal_inclusive_offsets_exception_and_equivalent_negative (test_boundary_controls_v7.BoundaryControlsV7Tests.test_temporal_inclusive_offsets_exception_and_equivalent_negative) ... ok
test_exact_frozen_train_and_only_train_row_file_read (test_boundary_train_coverage.TrainCoverageTests.test_exact_frozen_train_and_only_train_row_file_read) ... ok
test_exact_state_margins_and_authority_blocked_exclusion (test_boundary_train_coverage.TrainCoverageTests.test_exact_state_margins_and_authority_blocked_exclusion) ... ok
test_missing_choice_action_and_no_input_mutation (test_boundary_train_coverage.TrainCoverageTests.test_missing_choice_action_and_no_input_mutation) ... ok
test_non_train_rows_rejected (test_boundary_train_coverage.TrainCoverageTests.test_non_train_rows_rejected) ... ok
test_symlink_to_heldout_filename_rejected_before_read (test_boundary_train_coverage.TrainCoverageTests.test_symlink_to_heldout_filename_rejected_before_read) ... ok
test_unsafe_heldout_filename_rejected_before_read (test_boundary_train_coverage.TrainCoverageTests.test_unsafe_heldout_filename_rejected_before_read) ... ok
test_wrong_hash_rejected_before_json_parsing (test_boundary_train_coverage.TrainCoverageTests.test_wrong_hash_rejected_before_json_parsing) ... ok
test_disclosed_done_wait_blocked_precedence (test_browser_data.BrowserDataTest.test_disclosed_done_wait_blocked_precedence) ... ok
test_disk_roundtrip_preserves_runtime_indices_and_refuses_overwrite (test_browser_data.BrowserDataTest.test_disk_roundtrip_preserves_runtime_indices_and_refuses_overwrite) ... ok
test_exact_scope_ignores_completed_or_busy_distractors (test_browser_data.BrowserDataTest.test_exact_scope_ignores_completed_or_busy_distractors) ... ok
test_forced_active_heads_are_counted_and_never_invent_candidates (test_browser_data.BrowserDataTest.test_forced_active_heads_are_counted_and_never_invent_candidates) ... ok
test_group_and_ood_isolation_and_determinism (test_browser_data.BrowserDataTest.test_group_and_ood_isolation_and_determinism) ... ok
test_id_and_order_permutation_preserves_semantic_proposal (test_browser_data.BrowserDataTest.test_id_and_order_permutation_preserves_semantic_proposal) ... ok
test_injection_cannot_change_any_active_answer (test_browser_data.BrowserDataTest.test_injection_cannot_change_any_active_answer) ... ok
test_metadata_cannot_leak_into_model_prompts (test_browser_data.BrowserDataTest.test_metadata_cannot_leak_into_model_prompts) ... ok
test_rejects_changed_runtime_questions_and_saved_answers (test_browser_data.BrowserDataTest.test_rejects_changed_runtime_questions_and_saved_answers) ... ok
test_rows_are_exact_runtime_inputs_with_only_active_labels (test_browser_data.BrowserDataTest.test_rows_are_exact_runtime_inputs_with_only_active_labels) ... ok
test_same_snapshot_value_counterfactuals_require_the_goal (test_browser_data.BrowserDataTest.test_same_snapshot_value_counterfactuals_require_the_goal) ... ok
test_unavailable_or_nonunique_values_are_blocked (test_browser_data.BrowserDataTest.test_unavailable_or_nonunique_values_are_blocked) ... ok
test_active_heads_are_scored_even_for_wrong_operation_and_forced_heads_are_separate (test_browser_service_eval.BrowserServiceEvaluationTests.test_active_heads_are_scored_even_for_wrong_operation_and_forced_heads_are_separate) ... ok
test_confidence_is_required_and_consistent_even_on_inactive_heads (test_browser_service_eval.BrowserServiceEvaluationTests.test_confidence_is_required_and_consistent_even_on_inactive_heads) ... ok
test_identity_drift_and_missing_checkpoint_are_failures (test_browser_service_eval.BrowserServiceEvaluationTests.test_identity_drift_and_missing_checkpoint_are_failures) ... ok
test_real_http_failures_remain_in_denominators_and_wire_bytes_are_retained (test_browser_service_eval.BrowserServiceEvaluationTests.test_real_http_failures_remain_in_denominators_and_wire_bytes_are_retained) ... ok
test_selection_is_label_independent_grouped_balanced_and_order_invariant (test_browser_service_eval.BrowserServiceEvaluationTests.test_selection_is_label_independent_grouped_balanced_and_order_invariant) ... ok
test_largest_fanout_is_not_necessarily_longest_sequence (test_candidate_length_audit.CandidateLengthStatsTests.test_largest_fanout_is_not_necessarily_longest_sequence) ... ok
test_limits_count_rows_and_sequences_with_strict_exceeds_semantics (test_candidate_length_audit.CandidateLengthStatsTests.test_limits_count_rows_and_sequences_with_strict_exceeds_semantics) ... ok
test_cosmetic_reproduction_does_not_describe_broken_functionality (test_case_customer.CustomerCaseTests.test_cosmetic_reproduction_does_not_describe_broken_functionality) ... ok
test_hidden_worlds_with_identical_observations_have_identical_targets (test_case_customer.CustomerCaseTests.test_hidden_worlds_with_identical_observations_have_identical_targets) ... ok
test_latent_marginal_is_defined_not_a_guessed_confidence (test_case_customer.CustomerCaseTests.test_latent_marginal_is_defined_not_a_guessed_confidence) ... ok
test_ood_full_utterances_and_templates_are_reserved (test_case_customer.CustomerCaseTests.test_ood_full_utterances_and_templates_are_reserved) ... ok
test_saved_workflow_choice_order_roundtrip (test_case_customer.CustomerCaseTests.test_saved_workflow_choice_order_roundtrip) ... ok
test_source_question_forms_and_independent_score_descriptions (test_case_customer.CustomerCaseTests.test_source_question_forms_and_independent_score_descriptions) ... ok
test_workflows_compile_to_the_training_inputs_and_targets (test_case_customer.CustomerCaseTests.test_workflows_compile_to_the_training_inputs_and_targets) ... ok
test_bearing_coordinate_convention_and_wrap (test_case_doom.DoomDecisionTests.test_bearing_coordinate_convention_and_wrap) ... ok
test_episode_splits_and_ood_seed_ranges (test_case_doom.DoomDecisionTests.test_episode_splits_and_ood_seed_ranges) ... ok
test_movement_momentum_and_action_button_order (test_case_doom.DoomDecisionTests.test_movement_momentum_and_action_button_order) ... ok
test_shot_grade_boundaries_and_attack (test_case_doom.DoomDecisionTests.test_shot_grade_boundaries_and_attack) ... ok
test_three_tasks_share_episode_group_and_keep_labels_out_of_input (test_case_doom.DoomDecisionTests.test_three_tasks_share_episode_group_and_keep_labels_out_of_input) ... ok
test_real_rollout_replay_and_tamper_detection (test_case_doom.DoomEngineTests.test_real_rollout_replay_and_tamper_detection) ... skipped 'optional vizdoom environment unavailable'
test_small_engine_dataset_validates_and_replays_id_and_ood (test_case_doom.DoomEngineTests.test_small_engine_dataset_validates_and_replays_id_and_ood) ... skipped 'optional vizdoom environment unavailable'
test_arithmetic_uses_exact_integer_floor_and_remainder (test_case_reasoning.ReasoningControlTest.test_arithmetic_uses_exact_integer_floor_and_remainder) ... ok
test_code_interpreter_matches_hand_calculated_branches (test_case_reasoning.ReasoningControlTest.test_code_interpreter_matches_hand_calculated_branches) ... ok
test_directed_reachability_handles_cycles_and_disconnected_nodes (test_case_reasoning.ReasoningControlTest.test_directed_reachability_handles_cycles_and_disconnected_nodes) ... ok
test_evidence_filters_aliases_retractions_and_tied_conflicts (test_case_reasoning.ReasoningControlTest.test_evidence_filters_aliases_retractions_and_tied_conflicts) ... ok
test_filter_sort_and_missing_rank (test_case_reasoning.ReasoningControlTest.test_filter_sort_and_missing_rank) ... ok
test_generated_records_have_domain_coverage_and_grouped_splits (test_case_reasoning.ReasoningControlTest.test_generated_records_have_domain_coverage_and_grouped_splits) ... ok
test_logic_truth_tables (test_case_reasoning.ReasoningControlTest.test_logic_truth_tables) ... ok
test_oracles_labels_and_ids_do_not_leak_into_candidate_prompts (test_case_reasoning.ReasoningControlTest.test_oracles_labels_and_ids_do_not_leak_into_candidate_prompts) ... ok
test_temporal_order_compares_instants_not_local_dates (test_case_reasoning.ReasoningControlTest.test_temporal_order_compares_instants_not_local_dates) ... ok
test_all_unreachable_candidates_are_filtered_without_gold_insertion (test_case_wikiracing.WikiCaseTest.test_all_unreachable_candidates_are_filtered_without_gold_insertion) ... ok
test_browser_back_replays_navigation_stack (test_case_wikiracing.WikiCaseTest.test_browser_back_replays_navigation_stack) ... ok
test_candidates_do_not_change_with_hidden_distances_or_human_trace (test_case_wikiracing.WikiCaseTest.test_candidates_do_not_change_with_hidden_distances_or_human_trace) ... ok
test_invalid_limits_are_rejected (test_case_wikiracing.WikiCaseTest.test_invalid_limits_are_rejected) ... ok
test_path_separators_are_split_before_title_decoding (test_case_wikiracing.WikiCaseTest.test_path_separators_are_split_before_title_decoding) ... ok
test_policy_ties_are_uniform_over_best_candidates (test_case_wikiracing.WikiCaseTest.test_policy_ties_are_uniform_over_best_candidates) ... ok
test_reverse_bfs_is_directed_and_leaves_unreachable_absent (test_case_wikiracing.WikiCaseTest.test_reverse_bfs_is_directed_and_leaves_unreachable_absent) ... ok
test_target_isolation_determinism_and_workflow_paths (test_case_wikiracing.WikiCaseTest.test_target_isolation_determinism_and_workflow_paths) ... ok
test_unreachable_option_is_zero_and_distance_stays_metadata (test_case_wikiracing.WikiCaseTest.test_unreachable_option_is_zero_and_distance_stays_metadata) ... ok
test_calibration_split_count_ids_temperature_and_targets_are_bound (test_checkpoint_package.CheckpointPackageTests.test_calibration_split_count_ids_temperature_and_targets_are_bound) ... ok
test_completed_single_2b_9b_and_ddp_27b_package_without_source_data (test_checkpoint_package.CheckpointPackageTests.test_completed_single_2b_9b_and_ddp_27b_package_without_source_data) ... ok
test_data_relocation_keeps_hashes_and_changes_are_rejected (test_checkpoint_package.CheckpointPackageTests.test_data_relocation_keeps_hashes_and_changes_are_rejected) ... ok
test_duplicate_json_keys_are_rejected (test_checkpoint_package.CheckpointPackageTests.test_duplicate_json_keys_are_rejected) ... ok
test_incomplete_resume_only_and_noncontiguous_training_are_rejected (test_checkpoint_package.CheckpointPackageTests.test_incomplete_resume_only_and_noncontiguous_training_are_rejected) ... ok
test_missing_extra_symlinked_and_ambiguous_checkpoint_files_are_rejected (test_checkpoint_package.CheckpointPackageTests.test_missing_extra_symlinked_and_ambiguous_checkpoint_files_are_rejected) ... ok
test_model_revision_adapter_and_ddp_identity_are_bound (test_checkpoint_package.CheckpointPackageTests.test_model_revision_adapter_and_ddp_identity_are_bound) ... ok
test_output_no_overwrite_and_source_race_leaves_no_published_partial (test_checkpoint_package.CheckpointPackageTests.test_output_no_overwrite_and_source_race_leaves_no_published_partial) ... ok
test_pinned_upstream_license_and_metric_scope_are_required (test_checkpoint_package.CheckpointPackageTests.test_pinned_upstream_license_and_metric_scope_are_required) ... ok
test_reload_requires_finite_equal_shape_real_saved_evidence (test_checkpoint_package.CheckpointPackageTests.test_reload_requires_finite_equal_shape_real_saved_evidence) ... ok
test_stale_metrics_calibration_and_prediction_grouping_are_rejected (test_checkpoint_package.CheckpointPackageTests.test_stale_metrics_calibration_and_prediction_grouping_are_rejected) ... ok
test_absent_quote_cannot_acquire_confidence_or_a_semantic_record (test_citation_control.CitationCorpusAuditTest.test_absent_quote_cannot_acquire_confidence_or_a_semantic_record) ... ok
test_auxiliary_spec_is_not_the_semantic_oracle (test_citation_control.CitationCorpusAuditTest.test_auxiliary_spec_is_not_the_semantic_oracle) ... ok
test_build_refuses_to_overwrite_existing_corpus (test_citation_control.CitationCorpusAuditTest.test_build_refuses_to_overwrite_existing_corpus) ... ok
test_entire_source_document_and_claims_remain_in_one_split (test_citation_control.CitationCorpusAuditTest.test_entire_source_document_and_claims_remain_in_one_split) ... ok
test_final_rendered_fact_change_is_detected_despite_unchanged_auxiliary_spec (test_citation_control.CitationCorpusAuditTest.test_final_rendered_fact_change_is_detected_despite_unchanged_auxiliary_spec) ... ok
test_gate_offsets_and_typography_modes_are_checked (test_citation_control.CitationCorpusAuditTest.test_gate_offsets_and_typography_modes_are_checked) ... ok
test_labels_ids_provenance_and_specs_are_absent_from_model_inputs (test_citation_control.CitationCorpusAuditTest.test_labels_ids_provenance_and_specs_are_absent_from_model_inputs) ... ok
test_matching_wrong_reference_and_target_are_rejected (test_citation_control.CitationCorpusAuditTest.test_matching_wrong_reference_and_target_are_rejected) ... ok
test_original_corpus_audits_and_generation_is_deterministic (test_citation_control.CitationCorpusAuditTest.test_original_corpus_audits_and_generation_is_deterministic) ... ok
test_report_can_only_create_a_new_file_and_uses_exclusive_open (test_citation_control.CitationCorpusAuditTest.test_report_can_only_create_a_new_file_and_uses_exclusive_open) ... ok
test_report_cannot_write_inside_input_data_or_through_directory_alias (test_citation_control.CitationCorpusAuditTest.test_report_cannot_write_inside_input_data_or_through_directory_alias) ... ok
test_report_refuses_existing_files_and_normal_or_dangling_symlinks (test_citation_control.CitationCorpusAuditTest.test_report_refuses_existing_files_and_normal_or_dangling_symlinks) ... ok
test_unsealed_bytes_fail_before_semantic_audit (test_citation_control.CitationCorpusAuditTest.test_unsealed_bytes_fail_before_semantic_audit) ... ok
test_delivery_negation_and_irrelevant_numbers (test_citation_control.CitationSemanticsTest.test_delivery_negation_and_irrelevant_numbers) ... ok
test_inclusive_amount_and_leap_date_boundaries_in_both_grammars (test_citation_control.CitationSemanticsTest.test_inclusive_amount_and_leap_date_boundaries_in_both_grammars) ... ok
test_quote_gate_only_normalizes_typography_and_whitespace (test_citation_control.CitationSemanticsTest.test_quote_gate_only_normalizes_typography_and_whitespace) ... ok
test_unknown_completions_and_dominating_known_failure (test_citation_control.CitationSemanticsTest.test_unknown_completions_and_dominating_known_failure) ... ok
test_unsupported_rules_ambiguous_registers_and_claims_fail_closed (test_citation_control.CitationSemanticsTest.test_unsupported_rules_ambiguous_registers_and_claims_fail_closed) ... ok
test_browser_does_not_offer_arbitrary_text_generation (test_community.CommunityTest.test_browser_does_not_offer_arbitrary_text_generation) ... ok
test_browser_rejects_missing_and_duplicate_observations (test_community.CommunityTest.test_browser_rejects_missing_and_duplicate_observations) ... ok
test_browser_rejects_stale_revision_before_postprocessing (test_community.CommunityTest.test_browser_rejects_stale_revision_before_postprocessing) ... ok
test_browser_resolves_only_supplied_text_and_observed_target (test_community.CommunityTest.test_browser_resolves_only_supplied_text_and_observed_target) ... ok
test_browser_select_options_and_click_ids_remain_observed (test_community.CommunityTest.test_browser_select_options_and_click_ids_remain_observed) ... ok
test_builders_reject_empty_observations (test_community.CommunityTest.test_builders_reject_empty_observations) ... ok
test_drone_requires_verified_climb_clearance_and_never_motor_commands (test_community.CommunityTest.test_drone_requires_verified_climb_clearance_and_never_motor_commands) ... ok
test_every_example_compiles_and_declared_field_scales_are_exact (test_community.CommunityTest.test_every_example_compiles_and_declared_field_scales_are_exact) ... ok
test_heist_uses_one_guards_local_observation_and_allows_no_target (test_community.CommunityTest.test_heist_uses_one_guards_local_observation_and_allows_no_target) ... ok
test_malformed_responses_cannot_become_proposals (test_community.CommunityTest.test_malformed_responses_cannot_become_proposals) ... ok
test_pokemon_faint_forecast_is_conditioned_on_selected_move (test_community.CommunityTest.test_pokemon_faint_forecast_is_conditioned_on_selected_move) ... ok
test_runescape_keeps_catalog_and_poll_intervals_closed (test_community.CommunityTest.test_runescape_keeps_catalog_and_poll_intervals_closed) ... ok
test_candidate_permutation_and_metadata_do_not_determine_the_label (test_community_diversity_v2.CommunityDiversityV2Test.test_candidate_permutation_and_metadata_do_not_determine_the_label) ... ok
test_eighty_authored_families_and_all_schema_kinds (test_community_diversity_v2.CommunityDiversityV2Test.test_eighty_authored_families_and_all_schema_kinds) ... ok
test_family_and_source_instance_are_disjoint (test_community_diversity_v2.CommunityDiversityV2Test.test_family_and_source_instance_are_disjoint) ... ok
test_generation_has_no_input_file_reads_and_is_reproducible (test_community_diversity_v2.CommunityDiversityV2Test.test_generation_has_no_input_file_reads_and_is_reproducible) ... ok
test_minimal_counterfactuals_change_winner_and_only_one_visible_fact (test_community_diversity_v2.CommunityDiversityV2Test.test_minimal_counterfactuals_change_winner_and_only_one_visible_fact) ... ok
test_target_tampering_and_visible_policy_tampering_fail (test_community_diversity_v2.CommunityDiversityV2Test.test_target_tampering_and_visible_policy_tampering_fail) ... ok
test_three_valued_negation_exception_and_arithmetic (test_community_diversity_v2.CommunityDiversityV2Test.test_three_valued_negation_exception_and_arithmetic) ... ok
test_boolean_truth_tables_and_unknown_comparisons (test_community_diversity_v2_audit.IndependentVisibleRulesTest.test_boolean_truth_tables_and_unknown_comparisons) ... ok
test_independent_end_to_end_choice_probe_and_target_corruption (test_community_diversity_v2_audit.IndependentVisibleRulesTest.test_independent_end_to_end_choice_probe_and_target_corruption) ... ok
test_nested_arithmetic_sets_and_quoted_literals (test_community_diversity_v2_audit.IndependentVisibleRulesTest.test_nested_arithmetic_sets_and_quoted_literals) ... ok
test_benchmark_labels_are_excluded_and_candidate_order_ignored (test_community_hard_mix.HardMixtureTests.test_benchmark_labels_are_excluded_and_candidate_order_ignored) ... ok
test_empty_benchmark_cannot_pass_screen (test_community_hard_mix.HardMixtureTests.test_empty_benchmark_cannot_pass_screen) ... ok
test_mixture_allows_empty_output_but_never_overwrites_existing_data (test_community_hard_mix.HardMixtureTests.test_mixture_allows_empty_output_but_never_overwrites_existing_data) ... ok
test_mixture_checks_both_manifest_schemas_and_caps_across_replay_folders (test_community_hard_mix.HardMixtureTests.test_mixture_checks_both_manifest_schemas_and_caps_across_replay_folders) ... ok
test_mixture_rejects_stale_or_missing_source_hashes (test_community_hard_mix.HardMixtureTests.test_mixture_rejects_stale_or_missing_source_hashes) ... ok
test_quarantine_removes_whole_training_group (test_community_hard_mix.HardMixtureTests.test_quarantine_removes_whole_training_group) ... ok
test_replay_spreads_across_groups_and_never_duplicates (test_community_hard_mix.HardMixtureTests.test_replay_spreads_across_groups_and_never_duplicates) ... ok
test_request_index_reads_only_visible_fields (test_community_hard_mix.HardMixtureTests.test_request_index_reads_only_visible_fields) ... ok
test_screen_never_exports_benchmark_text_or_uses_gold (test_community_hard_mix.HardMixtureTests.test_screen_never_exports_benchmark_text_or_uses_gold) ... ok
test_candidate_microbatches_preserve_all_logits_without_gold (test_community_pair.CommunityPairTest.test_candidate_microbatches_preserve_all_logits_without_gold) ... ok
test_completed_checkpoint_identity_and_changed_content (test_community_pair.CommunityPairTest.test_completed_checkpoint_identity_and_changed_content) ... ok
test_cpu_panel_validation_precedes_gpu_environment_check (test_community_pair.CommunityPairTest.test_cpu_panel_validation_precedes_gpu_environment_check) ... ok
test_errors_and_soft_targets_keep_complete_denominators (test_community_pair.CommunityPairTest.test_errors_and_soft_targets_keep_complete_denominators) ... ok
test_frozen_panel_and_all_five_source_hashes_are_checked (test_community_pair.CommunityPairTest.test_frozen_panel_and_all_five_source_hashes_are_checked) ... ok
test_group_and_input_leakage_rejected_even_under_new_ids (test_community_pair.CommunityPairTest.test_group_and_input_leakage_rejected_even_under_new_ids) ... ok
test_group_macro_equal_weights_keep_errors_missing_and_soft_only_groups (test_community_pair.CommunityPairTest.test_group_macro_equal_weights_keep_errors_missing_and_soft_only_groups) ... ok
test_identical_checkpoint_content_is_a_valid_negative_result (test_community_pair.CommunityPairTest.test_identical_checkpoint_content_is_a_valid_negative_result) ... ok
test_incomplete_wrong_revision_reload_and_calibration_fail_closed (test_community_pair.CommunityPairTest.test_incomplete_wrong_revision_reload_and_calibration_fail_closed) ... ok
test_nonfinite_logits_and_deadline_record_no_fake_probabilities (test_community_pair.CommunityPairTest.test_nonfinite_logits_and_deadline_record_no_fake_probabilities) ... ok
test_noul_imbalance_and_failures_have_class_conditional_denominators (test_community_pair.CommunityPairTest.test_noul_imbalance_and_failures_have_class_conditional_denominators) ... ok
test_panel_is_reproducible_group_round_robin_with_honest_counts (test_community_pair.CommunityPairTest.test_panel_is_reproducible_group_round_robin_with_honest_counts) ... ok
test_three_new_versions_and_multiple_sources_are_bound (test_community_pair.CommunityPairTest.test_three_new_versions_and_multiple_sources_are_bound) ... ok
test_catalog_specific_shared_labels_keep_one_global_split_and_explicit_catalog (test_community_routing_v3.RoutingV3Tests.test_catalog_specific_shared_labels_keep_one_global_split_and_explicit_catalog) ... ok
test_choice_target_and_abstain_positions_and_noul_labels_are_balanced (test_community_routing_v3.RoutingV3Tests.test_choice_target_and_abstain_positions_and_noul_labels_are_balanced) ... ok
test_full_catalog_protocol_uses_only_official_test_and_is_not_training_rows (test_community_routing_v3.RoutingV3Tests.test_full_catalog_protocol_uses_only_official_test_and_is_not_training_rows) ... ok
test_global_official_holdouts_are_reserved_before_duplicate_and_conflict_filtering (test_community_routing_v3.RoutingV3Tests.test_global_official_holdouts_are_reserved_before_duplicate_and_conflict_filtering) ... ok
test_gold_present_omitted_and_noul_contracts_are_exact_and_bounded (test_community_routing_v3.RoutingV3Tests.test_gold_present_omitted_and_noul_contracts_are_exact_and_bounded) ... ok
test_order_independence_and_duplicate_conflicts (test_community_routing_v3.RoutingV3Tests.test_order_independence_and_duplicate_conflicts) ... ok
test_pinned_source_mutation_and_existing_output_fail_without_overwrite (test_community_routing_v3.RoutingV3Tests.test_pinned_source_mutation_and_existing_output_fail_without_overwrite) ... ok
test_approval_manual_counterevidence_absence_and_conflict (test_community_workflow_v3.WorkflowV3Tests.test_approval_manual_counterevidence_absence_and_conflict) ... ok
test_builder_preserves_existing_outputs_and_reproduces_hashes (test_community_workflow_v3.WorkflowV3Tests.test_builder_preserves_existing_outputs_and_reproduces_hashes) ... ok
test_claimed_authorization_and_negated_requests_do_not_execute (test_community_workflow_v3.WorkflowV3Tests.test_claimed_authorization_and_negated_requests_do_not_execute) ... ok
test_cms_is_multilabel_and_not_tag_name_matching (test_community_workflow_v3.WorkflowV3Tests.test_cms_is_multilabel_and_not_tag_name_matching) ... ok
test_cms_quotes_archives_hypotheses_withdrawal_and_contradiction (test_community_workflow_v3.WorkflowV3Tests.test_cms_quotes_archives_hypotheses_withdrawal_and_contradiction) ... ok
test_cosmetic_duplicate_scenarios_are_rejected (test_community_workflow_v3.WorkflowV3Tests.test_cosmetic_duplicate_scenarios_are_rejected) ... ok
test_eighteen_semantic_scenarios_survive_prefix_and_order_normalization (test_community_workflow_v3.WorkflowV3Tests.test_eighteen_semantic_scenarios_survive_prefix_and_order_normalization) ... ok
test_exception_has_a_visible_scope_and_cannot_waive_everything (test_community_workflow_v3.WorkflowV3Tests.test_exception_has_a_visible_scope_and_cannot_waive_everything) ... ok
test_generation_is_deterministic_and_reads_no_examples (test_community_workflow_v3.WorkflowV3Tests.test_generation_is_deterministic_and_reads_no_examples) ... ok
test_schema_prose_only_counts_and_whole_family_splits (test_community_workflow_v3.WorkflowV3Tests.test_schema_prose_only_counts_and_whole_family_splits) ... ok
test_secondary_tag_unknown_and_conflict_are_distinct_evidence (test_community_workflow_v3.WorkflowV3Tests.test_secondary_tag_unknown_and_conflict_are_distinct_evidence) ... ok
test_target_corruption_and_prose_contract_tampering_fail (test_community_workflow_v3.WorkflowV3Tests.test_target_corruption_and_prose_contract_tampering_fail) ... ok
test_visible_input_alone_reconstructs_targets_and_tracks_candidate_order (test_community_workflow_v3.WorkflowV3Tests.test_visible_input_alone_reconstructs_targets_and_tracks_candidate_order) ... ok
test_all_abstain_31_and_32_accepted_and_single_accepted_error (test_compare_boundary_training_v7.BoundaryComparisonMetricsTests.test_all_abstain_31_and_32_accepted_and_single_accepted_error) ... ok
test_committed_source_allows_new_driver_but_refuses_frozen_changes (test_compare_boundary_training_v7.BoundaryComparisonMetricsTests.test_committed_source_allows_new_driver_but_refuses_frozen_changes) ... ok
test_exception_scope_fraud_and_capacity_unsafe_actions_are_caught (test_compare_boundary_training_v7.BoundaryComparisonMetricsTests.test_exception_scope_fraud_and_capacity_unsafe_actions_are_caught) ... ok
test_four_cells_fixed_calibrated_gate_and_all_paired_regressions (test_compare_boundary_training_v7.BoundaryComparisonMetricsTests.test_four_cells_fixed_calibrated_gate_and_all_paired_regressions) ... ok
test_gpu_uuid_requires_complete_physical_identifier (test_compare_boundary_training_v7.BoundaryComparisonMetricsTests.test_gpu_uuid_requires_complete_physical_identifier) ... ok
test_inclusive_thresholds_and_nearest_floats (test_compare_boundary_training_v7.BoundaryComparisonMetricsTests.test_inclusive_thresholds_and_nearest_floats) ... ok
test_missing_slices_or_family_and_partial_predictions_are_rejected (test_compare_boundary_training_v7.BoundaryComparisonMetricsTests.test_missing_slices_or_family_and_partial_predictions_are_rejected) ... ok
test_old_state_derived_safety_denominators_and_failures (test_compare_boundary_training_v7.BoundaryComparisonMetricsTests.test_old_state_derived_safety_denominators_and_failures) ... ok
test_state_derived_roles_and_scope_field_cross_groups (test_compare_boundary_training_v7.BoundaryComparisonMetricsTests.test_state_derived_roles_and_scope_field_cross_groups) ... ok
test_calibration_reorder_test_fit_and_partial_evidence_rejected (test_compare_boundary_training_v7.BoundaryComparisonPreflightTests.test_calibration_reorder_test_fit_and_partial_evidence_rejected) ... ok
test_complete_artifact_stub_all_14_retained_and_904_rows (test_compare_boundary_training_v7.BoundaryComparisonPreflightTests.test_complete_artifact_stub_all_14_retained_and_904_rows) ... ok
test_execution_request_stage_and_base_content_tampering_rejected (test_compare_boundary_training_v7.BoundaryComparisonPreflightTests.test_execution_request_stage_and_base_content_tampering_rejected) ... ok
test_initialization_and_gradient_proof_tampering_or_false_status_rejected (test_compare_boundary_training_v7.BoundaryComparisonPreflightTests.test_initialization_and_gradient_proof_tampering_or_false_status_rejected) ... ok
test_non_uuid_runtime_changes_fail_before_adapted_predictions (test_compare_boundary_training_v7.BoundaryComparisonPreflightTests.test_non_uuid_runtime_changes_fail_before_adapted_predictions) ... ok
test_partial_nonfinite_unordered_journal_and_wrong_run_identity_rejected (test_compare_boundary_training_v7.BoundaryComparisonPreflightTests.test_partial_nonfinite_unordered_journal_and_wrong_run_identity_rejected) ... ok
test_raw_plan_main_retained_and_checkpoint_tampering_rejected (test_compare_boundary_training_v7.BoundaryComparisonPreflightTests.test_raw_plan_main_retained_and_checkpoint_tampering_rejected) ... ok
test_retained_missing_reorder_and_provenance_rejected_independently (test_compare_boundary_training_v7.BoundaryComparisonPreflightTests.test_retained_missing_reorder_and_provenance_rejected_independently) ... ok
test_runtime_requires_bf16_base_fp32_head_and_single_assigned_uuid (test_compare_boundary_training_v7.BoundaryComparisonPreflightTests.test_runtime_requires_bf16_base_fp32_head_and_single_assigned_uuid) ... ok
test_sequential_raw_logits_and_failed_quality_gate_without_gpu (test_compare_boundary_training_v7.BoundaryComparisonPreflightTests.test_sequential_raw_logits_and_failed_quality_gate_without_gpu) ... ok
test_settings_resume_missing_completion_and_output_overlap_rejected (test_compare_boundary_training_v7.BoundaryComparisonPreflightTests.test_settings_resume_missing_completion_and_output_overlap_rejected) ... ok
test_bundle_all_calibration_precedes_heldout_with_four_loads (test_compare_frontier_training_v8.FrontierArithmeticTests.test_bundle_all_calibration_precedes_heldout_with_four_loads) ... ok
test_cli_execute_fails_before_any_input_read (test_compare_frontier_training_v8.FrontierArithmeticTests.test_cli_execute_fails_before_any_input_read) ... ok
test_core_rejects_changed_runtime_and_denominators (test_compare_frontier_training_v8.FrontierArithmeticTests.test_core_rejects_changed_runtime_and_denominators) ... ok
test_inclusive_thresholds_and_floor (test_compare_frontier_training_v8.FrontierArithmeticTests.test_inclusive_thresholds_and_floor) ... ok
test_missing_runtime_fields_and_checkpoint_binding_fail_before_journal (test_compare_frontier_training_v8.FrontierArithmeticTests.test_missing_runtime_fields_and_checkpoint_binding_fail_before_journal) ... ok
test_noul_errors_coverage_and_observed_denominators (test_compare_frontier_training_v8.FrontierArithmeticTests.test_noul_errors_coverage_and_observed_denominators) ... ok
test_paired_threshold_changes_and_all_timing_outliers (test_compare_frontier_training_v8.FrontierArithmeticTests.test_paired_threshold_changes_and_all_timing_outliers) ... ok
test_prediction_bindings_reject_each_mutation (test_compare_frontier_training_v8.FrontierArithmeticTests.test_prediction_bindings_reject_each_mutation) ... ok
test_preflight_recomputes_completion_without_parsing_heldout (test_compare_frontier_training_v8.FrontierArithmeticTests.test_preflight_recomputes_completion_without_parsing_heldout) ... ok
test_preflight_rejects_changed_sources_data_completion_runtime_and_overlap (test_compare_frontier_training_v8.FrontierArithmeticTests.test_preflight_rejects_changed_sources_data_completion_runtime_and_overlap) ... ok
test_safety_all_six_permissive_actions_and_numeric_reporting (test_compare_frontier_training_v8.FrontierArithmeticTests.test_safety_all_six_permissive_actions_and_numeric_reporting) ... ok
test_four_temperature_cells_preserve_argmax_and_change_probability_metrics (test_compare_policy_training_v6.ComparisonMetricsTests.test_four_temperature_cells_preserve_argmax_and_change_probability_metrics) ... ok
test_frozen_source_and_committed_evaluation_bytes (test_compare_policy_training_v6.ComparisonMetricsTests.test_frozen_source_and_committed_evaluation_bytes) ... ok
test_injection_options_align_by_text_and_consistent_wrong_is_separate (test_compare_policy_training_v6.ComparisonMetricsTests.test_injection_options_align_by_text_and_consistent_wrong_is_separate) ... ok
test_noul_inclusive_thresholds_nextafter_and_zero_accepted (test_compare_policy_training_v6.ComparisonMetricsTests.test_noul_inclusive_thresholds_nextafter_and_zero_accepted) ... ok
test_prediction_binding_and_paired_transitions (test_compare_policy_training_v6.ComparisonMetricsTests.test_prediction_binding_and_paired_transitions) ... ok
test_semantic_temporal_and_joint_authority_subgroups (test_compare_policy_training_v6.ComparisonMetricsTests.test_semantic_temporal_and_joint_authority_subgroups) ... ok
test_calibration_order_temperature_and_split_cannot_be_changed (test_compare_policy_training_v6.ComparisonPreflightTests.test_calibration_order_temperature_and_split_cannot_be_changed) ... ok
test_first_cuda_synchronize_failure_is_journaled (test_compare_policy_training_v6.ComparisonPreflightTests.test_first_cuda_synchronize_failure_is_journaled) ... ok
test_nonfinite_inference_writes_failed_record_and_raises (test_compare_policy_training_v6.ComparisonPreflightTests.test_nonfinite_inference_writes_failed_record_and_raises) ... ok
test_plan_and_data_byte_tampering_rejected (test_compare_policy_training_v6.ComparisonPreflightTests.test_plan_and_data_byte_tampering_rejected) ... ok
test_regression_order_and_output_containment_rejected (test_compare_policy_training_v6.ComparisonPreflightTests.test_regression_order_and_output_containment_rejected) ... ok
test_sequential_model_lifecycle_lock_and_four_cell_output_without_gpu (test_compare_policy_training_v6.ComparisonPreflightTests.test_sequential_model_lifecycle_lock_and_four_cell_output_without_gpu) ... ok
test_source_settings_completion_and_reload_error_rejected (test_compare_policy_training_v6.ComparisonPreflightTests.test_source_settings_completion_and_reload_error_rejected) ... ok
test_swapped_final_weights_or_modified_completion_receipt_rejected (test_compare_policy_training_v6.ComparisonPreflightTests.test_swapped_final_weights_or_modified_completion_receipt_rejected) ... ok
test_valid_preflight_locks_complete_receipt_and_all_six_sets (test_compare_policy_training_v6.ComparisonPreflightTests.test_valid_preflight_locks_complete_receipt_and_all_six_sets) ... ok
test_allow_offload_never_allows_unloaded_parameters (test_consumer_gpu_loading.ConsumerGpuLoadingTest.test_allow_offload_never_allows_unloaded_parameters) ... skipped 'requires torch, transformers and peft'
test_backbone_dtype_defaults_to_released_bfloat16_and_is_selectable (test_consumer_gpu_loading.ConsumerGpuLoadingTest.test_backbone_dtype_defaults_to_released_bfloat16_and_is_selectable) ... skipped 'requires torch, transformers and peft'
test_cpu_embedding_is_reused_by_uncached_and_cached_scoring (test_consumer_gpu_loading.ConsumerGpuLoadingTest.test_cpu_embedding_is_reused_by_uncached_and_cached_scoring) ... skipped 'requires torch, transformers and peft'
test_explicit_transformer_cpu_offload_is_rejected (test_consumer_gpu_loading.ConsumerGpuLoadingTest.test_explicit_transformer_cpu_offload_is_rejected) ... skipped 'requires torch, transformers and peft'
test_hub_id_meta_head_uses_pinned_shard_and_original_subtraction_dtype (test_consumer_gpu_loading.ConsumerGpuLoadingTest.test_hub_id_meta_head_uses_pinned_shard_and_original_subtraction_dtype) ... skipped 'requires torch, transformers and peft'
test_load_revalidates_adapter_parameters (test_consumer_gpu_loading.ConsumerGpuLoadingTest.test_load_revalidates_adapter_parameters) ... skipped 'requires torch, transformers and peft'
test_local_snapshot_resolution (test_consumer_gpu_loading.ConsumerGpuLoadingTest.test_local_snapshot_resolution) ... skipped 'requires torch, transformers and peft'
test_provenance_records_loaded_rather_than_requested_backbone_dtypes (test_consumer_gpu_loading.ConsumerGpuLoadingTest.test_provenance_records_loaded_rather_than_requested_backbone_dtypes) ... skipped 'requires torch, transformers and peft'
test_quantized_loading_is_refused_on_apple_mps_before_loading (test_consumer_gpu_loading.ConsumerGpuLoadingTest.test_quantized_loading_is_refused_on_apple_mps_before_loading) ... skipped 'requires torch, transformers and peft'
test_similar_embedding_module_name_does_not_bypass_guard (test_consumer_gpu_loading.ConsumerGpuLoadingTest.test_similar_embedding_module_name_does_not_bypass_guard) ... skipped 'requires torch, transformers and peft'
test_unknown_backbone_dtype_is_rejected_before_loading (test_consumer_gpu_loading.ConsumerGpuLoadingTest.test_unknown_backbone_dtype_is_rejected_before_loading) ... skipped 'requires torch, transformers and peft'
test_unsharded_snapshot_resolution (test_consumer_gpu_loading.ConsumerGpuLoadingTest.test_unsharded_snapshot_resolution) ... skipped 'requires torch, transformers and peft'
test_changed_manifest_artifact_and_source_are_rejected (test_contact_service.ContactDriverFixtures.test_changed_manifest_artifact_and_source_are_rejected) ... ok
test_expected_identity_and_split_flags_fail_before_any_transport (test_contact_service.ContactDriverFixtures.test_expected_identity_and_split_flags_fail_before_any_transport) ... ok
test_failed_default_http_path_never_marks_model_quality_evidence (test_contact_service.ContactDriverFixtures.test_failed_default_http_path_never_marks_model_quality_evidence) ... ok
test_fixture_driver_preserves_original_requests_and_raw_responses (test_contact_service.ContactDriverFixtures.test_fixture_driver_preserves_original_requests_and_raw_responses) ... ok
test_interruption_retains_unattempted_documents_in_denominators (test_contact_service.ContactDriverFixtures.test_interruption_retains_unattempted_documents_in_denominators) ... ok
test_loader_hashes_training_bytes_without_parsing_targets (test_contact_service.ContactDriverFixtures.test_loader_hashes_training_bytes_without_parsing_targets) ... ok
test_outputs_cannot_overwrite_inputs_or_follow_output_symlink (test_contact_service.ContactDriverFixtures.test_outputs_cannot_overwrite_inputs_or_follow_output_symlink) ... ok
test_absent_and_ambiguous_refusals_do_not_enter_unique_target_metric (test_contact_service.ContactPipelineFixtures.test_absent_and_ambiguous_refusals_do_not_enter_unique_target_metric) ... ok
test_b_failure_retains_a_score_and_b_fixed_denominator (test_contact_service.ContactPipelineFixtures.test_b_failure_retains_a_score_and_b_fixed_denominator) ... skipped 'requires optional .[phone] extra'
test_choice_tie_preserves_actual_service_choice (test_contact_service.ContactPipelineFixtures.test_choice_tie_preserves_actual_service_choice) ... ok
test_email_wrong_role_copy_is_not_requested_target_success (test_contact_service.ContactPipelineFixtures.test_email_wrong_role_copy_is_not_requested_target_success) ... ok
test_equal_email_at_other_offset_still_fails (test_contact_service.ContactPipelineFixtures.test_equal_email_at_other_offset_still_fails) ... ok
test_forced_no_candidate_still_requires_valid_response (test_contact_service.ContactPipelineFixtures.test_forced_no_candidate_still_requires_valid_response) ... ok
test_http_error_preserves_wire_bytes_and_all_case_denominators (test_contact_service.ContactPipelineFixtures.test_http_error_preserves_wire_bytes_and_all_case_denominators) ... ok
test_identity_change_between_a_b_and_across_corpora_is_rejected (test_contact_service.ContactPipelineFixtures.test_identity_change_between_a_b_and_across_corpora_is_rejected) ... skipped 'requires optional .[phone] extra'
test_json_probability_candidate_and_sequence_errors_cannot_succeed (test_contact_service.ContactPipelineFixtures.test_json_probability_candidate_and_sequence_errors_cannot_succeed) ... ok
test_metadata_identity_locks_even_when_first_answers_are_invalid (test_contact_service.ContactPipelineFixtures.test_metadata_identity_locks_even_when_first_answers_are_invalid) ... ok
test_miss_none_is_span_correct_but_extraction_failure (test_contact_service.ContactPipelineFixtures.test_miss_none_is_span_correct_but_extraction_failure) ... ok
test_partial_actual_candidate_gets_b_without_gold_repair (test_contact_service.ContactPipelineFixtures.test_partial_actual_candidate_gets_b_without_gold_repair) ... skipped 'requires optional .[phone] extra'
test_phone_b_uses_actual_wrong_role_even_when_presence_is_false (test_contact_service.ContactPipelineFixtures.test_phone_b_uses_actual_wrong_role_even_when_presence_is_false) ... skipped 'requires optional .[phone] extra'
test_phone_none_with_presence_true_does_not_send_b (test_contact_service.ContactPipelineFixtures.test_phone_none_with_presence_true_does_not_send_b) ... ok
test_possible_but_invalid_gb_can_succeed_with_exact_e164 (test_contact_service.ContactPipelineFixtures.test_possible_but_invalid_gb_can_succeed_with_exact_e164) ... skipped 'requires optional .[phone] extra'
test_unknown_region_none_output_is_not_extraction_success (test_contact_service.ContactPipelineFixtures.test_unknown_region_none_output_is_not_extraction_success) ... skipped 'requires optional .[phone] extra'
test_build_and_report_never_overwrite_existing_inputs (test_context_retention_data.RetentionDataTests.test_build_and_report_never_overwrite_existing_inputs) ... ok
test_generated_ood_has_unseen_shared_dependency_structure (test_context_retention_data.RetentionDataTests.test_generated_ood_has_unseen_shared_dependency_structure) ... ok
test_hidden_spec_and_same_length_output_contents_do_not_determine_labels (test_context_retention_data.RetentionDataTests.test_hidden_spec_and_same_length_output_contents_do_not_determine_labels) ... ok
test_inputs_exclude_metadata_targets_and_full_outputs (test_context_retention_data.RetentionDataTests.test_inputs_exclude_metadata_targets_and_full_outputs) ... ok
test_matching_wrong_reference_and_target_cannot_pass (test_context_retention_data.RetentionDataTests.test_matching_wrong_reference_and_target_cannot_pass) ... ok
test_mutated_visible_goal_is_checked_without_consulting_spec (test_context_retention_data.RetentionDataTests.test_mutated_visible_goal_is_checked_without_consulting_spec) ... ok
test_pinned_and_unpaired_gates_never_acquire_probabilities (test_context_retention_data.RetentionDataTests.test_pinned_and_unpaired_gates_never_acquire_probabilities) ... ok
test_policy_tampering_and_extra_rule_are_rejected (test_context_retention_data.RetentionDataTests.test_policy_tampering_and_extra_rule_are_rejected) ... ok
test_small_corpus_is_deterministic_and_independently_verified (test_context_retention_data.RetentionDataTests.test_small_corpus_is_deterministic_and_independently_verified) ... ok
test_source_result_pairing_and_omission_are_checked (test_context_retention_data.RetentionDataTests.test_source_result_pairing_and_omission_are_checked) ... ok
test_unsealed_data_mutation_fails_before_semantic_checks (test_context_retention_data.RetentionDataTests.test_unsealed_data_mutation_fails_before_semantic_checks) ... ok
test_group_spanning_source_train_and_test_is_rejected (test_data.ImportDataTests.test_group_spanning_source_train_and_test_is_rejected) ... ok
test_noul_maps_labels_and_preserves_official_test (test_data.ImportDataTests.test_noul_maps_labels_and_preserves_official_test) ... ok
test_source_train_never_becomes_test_and_duplicates_share_group (test_data.ImportDataTests.test_source_train_never_becomes_test_and_duplicates_share_group) ... ok
test_unknown_label_is_not_silently_remapped (test_data.ImportDataTests.test_unknown_label_is_not_silently_remapped) ... ok
test_build_roundtrip (test_data.SyntheticDataTests.test_build_roundtrip) ... ok
test_deterministic_and_every_target_matches_explicit_oracle (test_data.SyntheticDataTests.test_deterministic_and_every_target_matches_explicit_oracle) ... ok
test_directory_validation_ignores_auxiliary_workflow_jsonl (test_data.SyntheticDataTests.test_directory_validation_ignores_auxiliary_workflow_jsonl) ... ok
test_duplicate_input_cannot_evade_detection_by_shuffling (test_data.SyntheticDataTests.test_duplicate_input_cannot_evade_detection_by_shuffling) ... ok
test_evidence_absence_is_unknown (test_data.SyntheticDataTests.test_evidence_absence_is_unknown) ... ok
test_policy_boundaries_and_rule_precedence (test_data.SyntheticDataTests.test_policy_boundaries_and_rule_precedence) ... ok
test_rejects_bad_probabilities_and_provenance (test_data.SyntheticDataTests.test_rejects_bad_probabilities_and_provenance) ... ok
test_routing_priorities_and_threshold (test_data.SyntheticDataTests.test_routing_priorities_and_threshold) ... ok
test_same_context_with_changed_candidates_cannot_cross_splits (test_data.SyntheticDataTests.test_same_context_with_changed_candidates_cannot_cross_splits) ... ok
test_same_split_allows_changed_candidates_and_question_variants (test_data.SyntheticDataTests.test_same_split_allows_changed_candidates_and_question_variants) ... ok
test_split_directory_rejects_row_in_wrong_split_file (test_data.SyntheticDataTests.test_split_directory_rejects_row_in_wrong_split_file) ... ok
test_split_grouping_and_ood_isolation (test_data.SyntheticDataTests.test_split_grouping_and_ood_isolation) ... ok
test_full_pass_has_no_padding_skips_or_reordering (test_distributed_training.DistributedContractTests.test_full_pass_has_no_padding_skips_or_reordering) ... ok
test_reload_rejects_nonfinite_length_mismatch_and_large_error (test_distributed_training.DistributedContractTests.test_reload_rejects_nonfinite_length_mismatch_and_large_error) ... ok
test_resource_policy_requires_exact_host_and_physical_uuids (test_distributed_training.DistributedContractTests.test_resource_policy_requires_exact_host_and_physical_uuids) ... ok
test_resume_rejects_changed_data_order_schedule_runtime_topology_and_code (test_distributed_training.DistributedContractTests.test_resume_rejects_changed_data_order_schedule_runtime_topology_and_code) ... ok
test_snapshot_checksums_and_optimizer_cursor_are_checked_before_tensors (test_distributed_training.DistributedContractTests.test_snapshot_checksums_and_optimizer_cursor_are_checked_before_tensors) ... ok
test_cpu_final_evaluation_fits_calibration_and_preserves_original_baselines (test_distributed_training.DistributedNumericalTests.test_cpu_final_evaluation_fits_calibration_and_preserves_original_baselines) ... skipped 'requires optional torch runtime'
test_four_rank_dropout_python_torch_rng_and_optimizer_resume (test_distributed_training.DistributedNumericalTests.test_four_rank_dropout_python_torch_rng_and_optimizer_resume) ... skipped 'requires optional torch runtime'
test_four_rank_global_batch_matches_serial_parameters_optimizer_and_losses (test_distributed_training.DistributedNumericalTests.test_four_rank_global_batch_matches_serial_parameters_optimizer_and_losses) ... skipped 'requires optional torch runtime'
test_restore_rejects_missing_optimizer_moment_and_reordered_parameter_groups (test_distributed_training.DistributedNumericalTests.test_restore_rejects_missing_optimizer_moment_and_reordered_parameter_groups) ... skipped 'requires optional torch runtime'
test_defaults_cache_opt_in_and_command_override (test_docker_deployment.DockerEntrypointTest.test_defaults_cache_opt_in_and_command_override) ... ok
test_empty_manifest_is_rejected (test_docker_deployment.DockerFetchTest.test_empty_manifest_is_rejected) ... ok
test_missing_manifest_is_rejected (test_docker_deployment.DockerFetchTest.test_missing_manifest_is_rejected) ... ok
test_tampered_package_is_rejected (test_docker_deployment.DockerFetchTest.test_tampered_package_is_rejected) ... ok
test_valid_package_records_verified_files (test_docker_deployment.DockerFetchTest.test_valid_package_records_verified_files) ... ok
test_wrong_base_revision_is_rejected (test_docker_deployment.DockerFetchTest.test_wrong_base_revision_is_rejected) ... ok
test_all_frozen_training_rows_match_runtime_prompts (test_doom_control.DoomControlTest.test_all_frozen_training_rows_match_runtime_prompts) ... skipped 'frozen local Doom corpus is unavailable'
test_attack_threshold_and_alignment_never_override_model_action (test_doom_control.DoomControlTest.test_attack_threshold_and_alignment_never_override_model_action) ... ok
test_audited_http_suite_records_typed_errors_without_fallback (test_doom_control.DoomControlTest.test_audited_http_suite_records_typed_errors_without_fallback) ... ok
test_http_typed_loop_keeps_raw_heads_and_never_calls_teacher (test_doom_control.DoomControlTest.test_http_typed_loop_keeps_raw_heads_and_never_calls_teacher) ... ok
test_legacy_mode_is_default_and_typed_cli_replay_is_explicit (test_doom_control.DoomControlTest.test_legacy_mode_is_default_and_typed_cli_replay_is_explicit) ... ok
test_malformed_heads_probabilities_confidence_and_legend_fail (test_doom_control.DoomControlTest.test_malformed_heads_probabilities_confidence_and_legend_fail) ... ok
test_real_typed_engine_rollout_and_replay (test_doom_control.DoomControlTest.test_real_typed_engine_rollout_and_replay) ... skipped 'optional local ViZDoom is unavailable'
test_service_identity_counts_noul_as_one_sequence (test_doom_control.DoomControlTest.test_service_identity_counts_noul_as_one_sequence) ... ok
test_training_and_runtime_candidate_prompts_are_identical (test_doom_control.DoomControlTest.test_training_and_runtime_candidate_prompts_are_identical) ... ok
test_all_actions_kinds_and_parent_ood_splits_are_present (test_drone_data.DroneDataTest.test_all_actions_kinds_and_parent_ood_splits_are_present) ... ok
test_corrupt_questions_answers_or_derivation_are_rejected (test_drone_data.DroneDataTest.test_corrupt_questions_answers_or_derivation_are_rejected) ... ok
test_disk_roundtrip_and_overwrite_protection (test_drone_data.DroneDataTest.test_disk_roundtrip_and_overwrite_protection) ... ok
test_exact_runtime_prompts_targets_and_typed_proposals (test_drone_data.DroneDataTest.test_exact_runtime_prompts_targets_and_typed_proposals) ... ok
test_ids_order_and_metadata_do_not_decide_references (test_drone_data.DroneDataTest.test_ids_order_and_metadata_do_not_decide_references) ... ok
test_same_sensor_facts_different_side_goals (test_drone_data.DroneDataTest.test_same_sensor_facts_different_side_goals) ... ok
test_single_candidate_omission_and_no_inactive_heads (test_drone_data.DroneDataTest.test_single_candidate_omission_and_no_inactive_heads) ... ok
test_climb_requires_permission_verified_clearance_and_geometry (test_drone_data.DroneRuleTest.test_climb_requires_permission_verified_clearance_and_geometry) ... ok
test_gap_width_tie_goal_and_all_barriers (test_drone_data.DroneRuleTest.test_gap_width_tie_goal_and_all_barriers) ... ok
test_goal_changes_reacquisition_but_not_evidence_or_risk (test_drone_data.DroneRuleTest.test_goal_changes_reacquisition_but_not_evidence_or_risk) ... ok
test_missing_disclosure_or_invalid_measurements_do_not_get_labels (test_drone_data.DroneRuleTest.test_missing_disclosure_or_invalid_measurements_do_not_get_labels) ... ok
test_relative_motion_and_off_course_obstacles (test_drone_data.DroneRuleTest.test_relative_motion_and_off_course_obstacles) ... ok
test_stopping_distance_ttc_and_clearance_boundaries (test_drone_data.DroneRuleTest.test_stopping_distance_ttc_and_clearance_boundaries) ... ok
test_target_loss_needs_independent_unoccluded_evidence (test_drone_data.DroneRuleTest.test_target_loss_needs_independent_unoccluded_evidence) ... ok
test_exact_requests_teacher_and_derivation_are_required (test_drone_service_eval.DroneServiceEvaluationTests.test_exact_requests_teacher_and_derivation_are_required) ... ok
test_forced_maneuver_is_separate_and_all_failures_stay_in_denominators (test_drone_service_eval.DroneServiceEvaluationTests.test_forced_maneuver_is_separate_and_all_failures_stay_in_denominators) ... ok
test_interrupted_run_preserves_all_denominators_and_frozen_requests (test_drone_service_eval.DroneServiceEvaluationTests.test_interrupted_run_preserves_all_denominators_and_frozen_requests) ... ok
test_modal_ties_scalar_error_and_noul_threshold (test_drone_service_eval.DroneServiceEvaluationTests.test_modal_ties_scalar_error_and_noul_threshold) ... ok
test_noul_has_one_scoring_sequence_and_artifact_identity_is_exact (test_drone_service_eval.DroneServiceEvaluationTests.test_noul_has_one_scoring_sequence_and_artifact_identity_is_exact) ... ok
test_offline_transport_failures_identity_and_wire_evidence (test_drone_service_eval.DroneServiceEvaluationTests.test_offline_transport_failures_identity_and_wire_evidence) ... ok
test_selection_is_label_independent_order_invariant_and_grouped (test_drone_service_eval.DroneServiceEvaluationTests.test_selection_is_label_independent_order_invariant_and_grouped) ... ok
test_strict_all_head_contracts_reject_malformed_fields (test_drone_service_eval.DroneServiceEvaluationTests.test_strict_all_head_contracts_reject_malformed_fields) ... ok
test_independent_suite_is_deterministic_and_compiles_mixed_types (test_efficiency_metrics.EfficiencyMetricsTest.test_independent_suite_is_deterministic_and_compiles_mixed_types) ... ok
test_interpolated_percentiles_and_throughput (test_efficiency_metrics.EfficiencyMetricsTest.test_interpolated_percentiles_and_throughput) ... ok
test_loopback_http_audits_real_transport_and_separates_scope (test_efficiency_metrics.EfficiencyMetricsTest.test_loopback_http_audits_real_transport_and_separates_scope) ... ok
test_missing_reordered_and_nonfinite_probabilities_fail (test_efficiency_metrics.EfficiencyMetricsTest.test_missing_reordered_and_nonfinite_probabilities_fail) ... ok
test_noul_equal_boundary_uses_true_at_half (test_efficiency_metrics.EfficiencyMetricsTest.test_noul_equal_boundary_uses_true_at_half) ... ok
test_official_noul_thresholds_point_two_and_point_eight_are_audited (test_efficiency_metrics.EfficiencyMetricsTest.test_official_noul_thresholds_point_two_and_point_eight_are_audited) ... ok
test_small_error_without_crossing_passes (test_efficiency_metrics.EfficiencyMetricsTest.test_small_error_without_crossing_passes) ... ok
test_tiny_coverage_boundary_flip_is_reported (test_efficiency_metrics.EfficiencyMetricsTest.test_tiny_coverage_boundary_flip_is_reported) ... ok
test_tiny_probability_error_still_fails_decision_boundary (test_efficiency_metrics.EfficiencyMetricsTest.test_tiny_probability_error_still_fails_decision_boundary) ... ok
test_usage_mismatch_fails_parity (test_efficiency_metrics.EfficiencyMetricsTest.test_usage_mismatch_fails_parity) ... ok
test_build_does_not_overwrite_existing_corpus (test_email_selection_control.EmailCorpusAuditTest.test_build_does_not_overwrite_existing_corpus) ... ok
test_candidate_copy_cannot_silently_lowercase_addresses (test_email_selection_control.EmailCorpusAuditTest.test_candidate_copy_cannot_silently_lowercase_addresses) ... ok
test_groups_and_contact_identity_are_isolated (test_email_selection_control.EmailCorpusAuditTest.test_groups_and_contact_identity_are_isolated) ... ok
test_hidden_reference_and_ids_do_not_enter_prompts (test_email_selection_control.EmailCorpusAuditTest.test_hidden_reference_and_ids_do_not_enter_prompts) ... ok
test_joint_reference_and_target_mutation_rejected (test_email_selection_control.EmailCorpusAuditTest.test_joint_reference_and_target_mutation_rejected) ... ok
test_original_counts_recall_omissions_and_deterministic_generation (test_email_selection_control.EmailCorpusAuditTest.test_original_counts_recall_omissions_and_deterministic_generation) ... ok
test_output_exclusive_creation_preserves_concurrent_file (test_email_selection_control.EmailCorpusAuditTest.test_output_exclusive_creation_preserves_concurrent_file) ... ok
test_output_rejects_input_paths_aliases_existing_files_and_symlinks (test_email_selection_control.EmailCorpusAuditTest.test_output_rejects_input_paths_aliases_existing_files_and_symlinks) ... ok
test_source_hash_binding_and_unsealed_bytes_are_checked (test_email_selection_control.EmailCorpusAuditTest.test_source_hash_binding_and_unsealed_bytes_are_checked) ... ok
test_visible_current_status_mutation_is_rejected_without_trusting_reference (test_email_selection_control.EmailCorpusAuditTest.test_visible_current_status_mutation_is_rejected_without_trusting_reference) ... ok
test_card_offsets_and_unicode_prefix_use_original_characters (test_email_selection_control.EmailRuntimeTest.test_card_offsets_and_unicode_prefix_use_original_characters) ... ok
test_copy_preserves_case_and_can_copy_wrong_role_or_superseded_contacts (test_email_selection_control.EmailRuntimeTest.test_copy_preserves_case_and_can_copy_wrong_role_or_superseded_contacts) ... ok
test_current_superseded_order_and_query_blind_candidates (test_email_selection_control.EmailRuntimeTest.test_current_superseded_order_and_query_blind_candidates) ... ok
test_duplicate_current_addresses_are_ambiguous_but_other_roles_are_not (test_email_selection_control.EmailRuntimeTest.test_duplicate_current_addresses_are_ambiguous_but_other_roles_are_not) ... ok
test_new_original_example_recompiles_and_keeps_copy_separate (test_email_selection_control.EmailRuntimeTest.test_new_original_example_recompiles_and_keeps_copy_separate) ... ok
test_no_candidates_maximum_candidates_and_corrupted_cache (test_email_selection_control.EmailRuntimeTest.test_no_candidates_maximum_candidates_and_corrupted_cache) ... ok
test_quoted_unicode_local_and_unicode_domain_remain_present_but_unrecalled (test_email_selection_control.EmailRuntimeTest.test_quoted_unicode_local_and_unicode_domain_remain_present_but_unrecalled) ... ok
test_superseded_only_missing_and_unrecorded_do_not_establish_current_presence (test_email_selection_control.EmailRuntimeTest.test_superseded_only_missing_and_unrecorded_do_not_establish_current_presence) ... ok
test_unknown_recognized_status_rejected_in_both_layouts (test_email_selection_control.EmailRuntimeTest.test_unknown_recognized_status_rejected_in_both_layouts) ... ok
test_aliases_cannot_leak_between_families (test_entity_alignment_control.EntityCorpusAuditTest.test_aliases_cannot_leak_between_families) ... ok
test_auxiliary_labels_and_ids_are_not_model_inputs (test_entity_alignment_control.EntityCorpusAuditTest.test_auxiliary_labels_and_ids_are_not_model_inputs) ... ok
test_build_refuses_to_overwrite_existing_data (test_entity_alignment_control.EntityCorpusAuditTest.test_build_refuses_to_overwrite_existing_data) ... ok
test_family_spec_is_auxiliary_and_not_an_oracle (test_entity_alignment_control.EntityCorpusAuditTest.test_family_spec_is_auxiliary_and_not_an_oracle) ... ok
test_identifiers_cannot_leak_between_families (test_entity_alignment_control.EntityCorpusAuditTest.test_identifiers_cannot_leak_between_families) ... ok
test_joint_wrong_reference_and_target_mutation_is_rejected (test_entity_alignment_control.EntityCorpusAuditTest.test_joint_wrong_reference_and_target_mutation_is_rejected) ... ok
test_original_dataset_audits_and_generation_is_deterministic (test_entity_alignment_control.EntityCorpusAuditTest.test_original_dataset_audits_and_generation_is_deterministic) ... ok
test_output_cannot_target_input_manifest_jsonl_or_directory_symlink (test_entity_alignment_control.EntityCorpusAuditTest.test_output_cannot_target_input_manifest_jsonl_or_directory_symlink) ... ok
test_output_exclusive_creation_preserves_a_concurrently_arriving_file (test_entity_alignment_control.EntityCorpusAuditTest.test_output_exclusive_creation_preserves_a_concurrently_arriving_file) ... ok
test_output_refuses_existing_files_and_normal_or_dangling_symlinks (test_entity_alignment_control.EntityCorpusAuditTest.test_output_refuses_existing_files_and_normal_or_dangling_symlinks) ... ok
test_pairs_and_all_heads_remain_in_the_family_split (test_entity_alignment_control.EntityCorpusAuditTest.test_pairs_and_all_heads_remain_in_the_family_split) ... ok
test_runtime_source_hash_binding_and_unsealed_bytes_are_checked (test_entity_alignment_control.EntityCorpusAuditTest.test_runtime_source_hash_binding_and_unsealed_bytes_are_checked) ... ok
test_visible_input_change_is_detected_with_unchanged_family_spec (test_entity_alignment_control.EntityCorpusAuditTest.test_visible_input_change_is_detected_with_unchanged_family_spec) ... ok
test_all_fields_agreement_conflict_and_missing_under_both_wordings (test_entity_alignment_control.EntityVisibleSemanticsTest.test_all_fields_agreement_conflict_and_missing_under_both_wordings) ... ok
test_equal_unlisted_text_does_not_establish_agreement (test_entity_alignment_control.EntityVisibleSemanticsTest.test_equal_unlisted_text_does_not_establish_agreement) ... ok
test_exact_units_long_decimals_and_visible_custom_factors (test_entity_alignment_control.EntityVisibleSemanticsTest.test_exact_units_long_decimals_and_visible_custom_factors) ... ok
test_forged_capacity_evidence_unsupported_policy_and_ambiguous_alias_fail (test_entity_alignment_control.EntityVisibleSemanticsTest.test_forged_capacity_evidence_unsupported_policy_and_ambiguous_alias_fail) ... ok
test_identifier_precedence_and_different_namespaces (test_entity_alignment_control.EntityVisibleSemanticsTest.test_identifier_precedence_and_different_namespaces) ... ok
test_identifiers_trim_outer_whitespace_but_preserve_case_and_internal_text (test_entity_alignment_control.EntityVisibleSemanticsTest.test_identifiers_trim_outer_whitespace_but_preserve_case_and_internal_text) ... ok
test_invalid_capacity_is_unknown_instead_of_equal_or_conflicting (test_entity_alignment_control.EntityVisibleSemanticsTest.test_invalid_capacity_is_unknown_instead_of_equal_or_conflicting) ... ok
test_mixed_unicode_digits_are_unknown_capacity_even_with_matching_identifiers (test_entity_alignment_control.EntityVisibleSemanticsTest.test_mixed_unicode_digits_are_unknown_capacity_even_with_matching_identifiers) ... ok
test_new_original_example_recompiles_to_four_heads (test_entity_alignment_control.EntityVisibleSemanticsTest.test_new_original_example_recompiles_to_four_heads) ... ok
test_same_identifier_permits_same_with_missing_fields (test_entity_alignment_control.EntityVisibleSemanticsTest.test_same_identifier_permits_same_with_missing_fields) ... ok
test_all_300_published_request_hashes_and_reference_statistics_reproduce (test_eval_frontier.FrontierFrozenSourceTests.test_all_300_published_request_hashes_and_reference_statistics_reproduce) ... skipped 'requires external pinned JF100 checkout'
test_audit_requires_all_trials_correct_rotated_gold_and_request_identity (test_eval_frontier.FrontierProtocolTests.test_audit_requires_all_trials_correct_rotated_gold_and_request_identity) ... ok
test_checksum_or_source_commit_change_is_rejected_before_loading_items (test_eval_frontier.FrontierProtocolTests.test_checksum_or_source_commit_change_is_rejected_before_loading_items) ... ok
test_native_choice_rotation_preserves_meaning_and_remaps_gold (test_eval_frontier.FrontierProtocolTests.test_native_choice_rotation_preserves_meaning_and_remaps_gold) ... ok
test_native_probability_validation_catches_invalid_answers_without_retry (test_eval_frontier.FrontierProtocolTests.test_native_probability_validation_catches_invalid_answers_without_retry) ... ok
test_request_builder_never_reads_gold_rationale_or_other_hidden_metadata (test_eval_frontier.FrontierProtocolTests.test_request_builder_never_reads_gold_rationale_or_other_hidden_metadata) ... ok
test_request_hash_matches_upstream_json_normalization (test_eval_frontier.FrontierProtocolTests.test_request_hash_matches_upstream_json_normalization) ... ok
test_statistics_keep_template_pairs_and_score_service_failures_zero (test_eval_frontier.FrontierProtocolTests.test_statistics_keep_template_pairs_and_score_service_failures_zero) ... ok
test_audit_checks_bytes_and_counts_for_each_manifest_layout (test_eval_separation.EvaluationSeparationTests.test_audit_checks_bytes_and_counts_for_each_manifest_layout) ... ok
test_exact_match_ignores_option_rotation_and_standard_list_labels (test_eval_separation.EvaluationSeparationTests.test_exact_match_ignores_option_rotation_and_standard_list_labels) ... ok
test_manifest_layouts_preserve_identical_frozen_hashes_and_counts (test_eval_separation.EvaluationSeparationTests.test_manifest_layouts_preserve_identical_frozen_hashes_and_counts) ... ok
test_manifest_rejects_missing_and_contradictory_definitions (test_eval_separation.EvaluationSeparationTests.test_manifest_rejects_missing_and_contradictory_definitions) ... ok
test_matcher_uses_only_visible_fields_and_catches_embedded_state (test_eval_separation.EvaluationSeparationTests.test_matcher_uses_only_visible_fields_and_catches_embedded_state) ... ok
test_semantic_or_partial_option_prefixes_are_not_stripped (test_eval_separation.EvaluationSeparationTests.test_semantic_or_partial_option_prefixes_are_not_stripped) ... ok
test_short_state_is_excluded_only_from_substrings_and_boundaries_hold (test_eval_separation.EvaluationSeparationTests.test_short_state_is_excluded_only_from_substrings_and_boundaries_hold) ... ok
test_structured_state_keys_normalize_without_erasing_values_or_case (test_eval_separation.EvaluationSeparationTests.test_structured_state_keys_normalize_without_erasing_values_or_case) ... ok
test_absent_evidence_writes_failed_report_and_preserves_existing_output (test_expansion_data_audit.Entrypoints.test_absent_evidence_writes_failed_report_and_preserves_existing_output) ... ok
test_archive_traversal_and_duplicate_members_rejected (test_expansion_data_audit.Entrypoints.test_archive_traversal_and_duplicate_members_rejected) ... ok
test_fixed_contract_matches_preflight_metadata (test_expansion_data_audit.Entrypoints.test_fixed_contract_matches_preflight_metadata) ... ok
test_full_size_assignment_counts_without_reading_dataset_rows (test_expansion_data_audit.Entrypoints.test_full_size_assignment_counts_without_reading_dataset_rows) ... ok
test_modified_pinned_producer_archive_is_rejected (test_expansion_data_audit.Entrypoints.test_modified_pinned_producer_archive_is_rejected) ... ok
test_not_ready_capture_does_not_copy_or_create_output (test_expansion_data_audit.Entrypoints.test_not_ready_capture_does_not_copy_or_create_output) ... ok
test_pinned_producer_schemas_and_source_bytes (test_expansion_data_audit.Entrypoints.test_pinned_producer_schemas_and_source_bytes) ... ok
test_probe_missing_final_artifacts_returns_not_ready_without_subprocess (test_expansion_data_audit.Entrypoints.test_probe_missing_final_artifacts_returns_not_ready_without_subprocess) ... ok
test_changed_calibration_rejected_after_rehash (test_expansion_data_audit.SyntheticEvidence.test_changed_calibration_rejected_after_rehash) ... ok
test_complete_synthetic_capture (test_expansion_data_audit.SyntheticEvidence.test_complete_synthetic_capture) ... ok
test_failed_duplicate_wrong_probability_or_missing_prediction_rejected (test_expansion_data_audit.SyntheticEvidence.test_failed_duplicate_wrong_probability_or_missing_prediction_rejected) ... ok
test_global_partition_continues_across_split_boundary (test_expansion_data_audit.SyntheticEvidence.test_global_partition_continues_across_split_boundary) ... ok
test_package_payload_mismatch_even_with_updated_manifest (test_expansion_data_audit.SyntheticEvidence.test_package_payload_mismatch_even_with_updated_manifest) ... ok
test_partial_training_or_wrong_revision_rejected_after_rehash (test_expansion_data_audit.SyntheticEvidence.test_partial_training_or_wrong_revision_rejected_after_rehash) ... ok
test_source_bytes_or_before_after_change_rejected (test_expansion_data_audit.SyntheticEvidence.test_source_bytes_or_before_after_change_rejected) ... ok
test_summary_metric_mutation_rejected_after_rehash (test_expansion_data_audit.SyntheticEvidence.test_summary_metric_mutation_rejected_after_rehash) ... ok
test_symlinked_package_payload_rejected (test_expansion_data_audit.SyntheticEvidence.test_symlinked_package_payload_rejected) ... ok
test_wrong_profile_or_controller_cleanup_rejected (test_expansion_data_audit.SyntheticEvidence.test_wrong_profile_or_controller_cleanup_rejected) ... ok
test_all_profile_widths_and_residual_are_close (test_fast_backend.CudaTailTest.test_all_profile_widths_and_residual_are_close) ... skipped 'requires CUDA and Triton'
test_out_of_range_cuda_indices_cannot_read_memory (test_fast_backend.CudaTailTest.test_out_of_range_cuda_indices_cannot_read_memory) ... skipped 'requires CUDA and Triton'
test_copied_source_projections_are_released_and_output_alias_survives (test_fast_backend.OwnershipAndReferenceTest.test_copied_source_projections_are_released_and_output_alias_survives) ... skipped 'requires torch'
test_invalid_indices_and_residual_shape_fail (test_fast_backend.OwnershipAndReferenceTest.test_invalid_indices_and_residual_shape_fail) ... skipped 'requires torch'
test_reference_matches_full_dense_qwen_norm_then_head (test_fast_backend.OwnershipAndReferenceTest.test_reference_matches_full_dense_qwen_norm_then_head) ... skipped 'requires torch'
test_reference_zero_rows_and_multiplier_convention (test_fast_backend.OwnershipAndReferenceTest.test_reference_zero_rows_and_multiplier_convention) ... skipped 'requires torch'
test_all_three_profiles_are_explicit_for_tail (test_fast_backend.ProfileTest.test_all_three_profiles_are_explicit_for_tail) ... ok
test_config_and_layer_layout_mismatches_fail (test_fast_backend.ProfileTest.test_config_and_layer_layout_mismatches_fail) ... ok
test_license_and_pinned_source_are_retained (test_fast_backend.ProfileTest.test_license_and_pinned_source_are_retained) ... ok
test_packed_rows_shares_root_and_question_prefixes (test_fast_backend.ProfileTest.test_packed_rows_shares_root_and_question_prefixes) ... ok
test_unrecognized_model_and_backend_do_not_fallback (test_fast_backend.ProfileTest.test_unrecognized_model_and_backend_do_not_fallback) ... ok
test_unvalidated_smaller_tree_profiles_fail_explicitly (test_fast_backend.ProfileTest.test_unvalidated_smaller_tree_profiles_fail_explicitly) ... ok
test_bad_reload_or_calibration_provenance_rejected (test_four_gpu_handoff.HandoffTests.test_bad_reload_or_calibration_provenance_rejected) ... ok
test_changed_frozen_inputs_after_wait_prevent_retirement (test_four_gpu_handoff.HandoffTests.test_changed_frozen_inputs_after_wait_prevent_retirement) ... ok
test_evaluation_failure_prevents_training (test_four_gpu_handoff.HandoffTests.test_evaluation_failure_prevents_training) ... ok
test_foreign_gpu_process_blocks_retirement (test_four_gpu_handoff.HandoffTests.test_foreign_gpu_process_blocks_retirement) ... ok
test_last_optimizer_step_is_not_completion (test_four_gpu_handoff.HandoffTests.test_last_optimizer_step_is_not_completion) ... ok
test_pid_reuse_never_permits_signal (test_four_gpu_handoff.HandoffTests.test_pid_reuse_never_permits_signal) ... ok
test_real_termination_reaps_owned_child (test_four_gpu_handoff.HandoffTests.test_real_termination_reaps_owned_child) ... ok
test_recording_failure_reaps_already_started_child (test_four_gpu_handoff.HandoffTests.test_recording_failure_reaps_already_started_child) ... ok
test_signals_enter_cleanup_path (test_four_gpu_handoff.HandoffTests.test_signals_enter_cleanup_path) ... ok
test_snapshot_failure_precedes_pidfd_and_signal (test_four_gpu_handoff.HandoffTests.test_snapshot_failure_precedes_pidfd_and_signal) ... ok
test_wrong_model_or_noop_phase_commands_are_rejected (test_four_gpu_handoff.HandoffTests.test_wrong_model_or_noop_phase_commands_are_rejected) ... ok
test_zero_exit_does_not_replace_completed_eval_manifest (test_four_gpu_handoff.HandoffTests.test_zero_exit_does_not_replace_completed_eval_manifest) ... ok
test_freeze_refuses_overwrite_and_aggregate_preserves_development_scope (test_frontier_controls_v4.FrontierControlsV4Test.test_freeze_refuses_overwrite_and_aggregate_preserves_development_scope) ... ok
test_frozen_groups_and_executable_oracle (test_frontier_controls_v4.FrontierControlsV4Test.test_frozen_groups_and_executable_oracle) ... ok
test_identity_and_latest_direct_authorization (test_frontier_controls_v4.FrontierControlsV4Test.test_identity_and_latest_direct_authorization) ... ok
test_oracle_rejects_corrupted_target (test_frontier_controls_v4.FrontierControlsV4Test.test_oracle_rejects_corrupted_target) ... ok
test_declared_disposition_schedule_is_equal_for_every_scaffold (test_frontier_controls_v8.FrontierV8Tests.test_declared_disposition_schedule_is_equal_for_every_scaffold) ... ok
test_deterministic_counts_and_schema (test_frontier_controls_v8.FrontierV8Tests.test_deterministic_counts_and_schema) ... ok
test_every_essential_component_can_change_an_outcome (test_frontier_controls_v8.FrontierV8Tests.test_every_essential_component_can_change_an_outcome) ... ok
test_existing_output_rejected_without_mutation (test_frontier_controls_v8.FrontierV8Tests.test_existing_output_rejected_without_mutation) ... ok
test_four_presentations_no_truth_layout_shortcut (test_frontier_controls_v8.FrontierV8Tests.test_four_presentations_no_truth_layout_shortcut) ... ok
test_generation_reads_no_data_or_models_and_opaque_ids (test_frontier_controls_v8.FrontierV8Tests.test_generation_reads_no_data_or_models_and_opaque_ids) ... ok
test_no_neutral_ledger_padding_and_positions_balanced (test_frontier_controls_v8.FrontierV8Tests.test_no_neutral_ledger_padding_and_positions_balanced) ... ok
test_account_membership_permutation_and_irrelevant_events (test_frontier_isolation_v8.FrontierIsolationTests.test_account_membership_permutation_and_irrelevant_events) ... ok
test_actual_parent_cannot_cross_splits_and_unknown_noul_is_not_guessed (test_frontier_isolation_v8.FrontierIsolationTests.test_actual_parent_cannot_cross_splits_and_unknown_noul_is_not_guessed) ... ok
test_clock_representation_normalizes_absolute_instants (test_frontier_isolation_v8.FrontierIsolationTests.test_clock_representation_normalizes_absolute_instants) ... ok
test_compiled_rotations_and_metadata_cannot_disguise_input (test_frontier_isolation_v8.FrontierIsolationTests.test_compiled_rotations_and_metadata_cannot_disguise_input) ... ok
test_dynamic_topic_mapping_renaming_and_permutation_preserve_edges (test_frontier_isolation_v8.FrontierIsolationTests.test_dynamic_topic_mapping_renaming_and_permutation_preserve_edges) ... ok
test_full_menu_numeric_and_time_origin_clones_are_blocked (test_frontier_isolation_v8.FrontierIsolationTests.test_full_menu_numeric_and_time_origin_clones_are_blocked) ... ok
test_ignored_corrections_cannot_supply_temporal_width (test_frontier_isolation_v8.FrontierIsolationTests.test_ignored_corrections_cannot_supply_temporal_width) ... ok
test_multi_entry_neutral_padding_is_blocked_but_whole_zero_balance_is_valid (test_frontier_isolation_v8.FrontierIsolationTests.test_multi_entry_neutral_padding_is_blocked_but_whole_zero_balance_is_valid) ... ok
test_observed_overlap_exposes_only_opaque_fingerprints (test_frontier_isolation_v8.FrontierIsolationTests.test_observed_overlap_exposes_only_opaque_fingerprints) ... ok
test_repeated_rotations_and_noop_padding_do_not_make_new_parent (test_frontier_isolation_v8.FrontierIsolationTests.test_repeated_rotations_and_noop_padding_do_not_make_new_parent) ... ok
test_required_role_line_and_item_permutations_keep_causal_membership (test_frontier_isolation_v8.FrontierIsolationTests.test_required_role_line_and_item_permutations_keep_causal_membership) ... ok
test_shared_numeric_atom_with_different_parent_menu_is_disclosed (test_frontier_isolation_v8.FrontierIsolationTests.test_shared_numeric_atom_with_different_parent_menu_is_disclosed) ... ok
test_wording_identity_record_order_and_visible_noul_are_normalized (test_frontier_isolation_v8.FrontierIsolationTests.test_wording_identity_record_order_and_visible_noul_are_normalized) ... ok
test_zero_operands_and_cancellation_pairs_cannot_inflate_v8_width (test_frontier_isolation_v8.FrontierIsolationTests.test_zero_operands_and_cancellation_pairs_cannot_inflate_v8_width) ... ok
test_exclusive_replay_receipt_with_explicitly_mocked_provenance (test_frontier_v8_comparison_replay_integration.ComparatorReplayIntegrationTests.test_exclusive_replay_receipt_with_explicitly_mocked_provenance) ... ok
test_independent_replay_matches_all_metrics_gates_pairs_and_efficiency (test_frontier_v8_comparison_replay_integration.ComparatorReplayIntegrationTests.test_independent_replay_matches_all_metrics_gates_pairs_and_efficiency) ... ok
test_replay_rejects_rehashed_events_runtime_and_scientific_summary (test_frontier_v8_comparison_replay_integration.ComparatorReplayIntegrationTests.test_replay_rejects_rehashed_events_runtime_and_scientific_summary) ... ok
test_replay_rejects_unbound_journal_sha_and_prediction_order (test_frontier_v8_comparison_replay_integration.ComparatorReplayIntegrationTests.test_replay_rejects_unbound_journal_sha_and_prediction_order) ... ok
test_control_data_level_split_isolation_and_teacher_future_independence (test_games.GamesTest.test_control_data_level_split_isolation_and_teacher_future_independence) ... ok
test_control_data_matches_runtime_labels_and_excludes_provenance (test_games.GamesTest.test_control_data_matches_runtime_labels_and_excludes_provenance) ... ok
test_doom_real_engine_closed_loop_replay (test_games.GamesTest.test_doom_real_engine_closed_loop_replay) ... skipped 'optional vizdoom is not installed'
test_game_service_evaluator_records_paired_http_results_and_failures (test_games.GamesTest.test_game_service_evaluator_records_paired_http_results_and_failures) ... ok
test_http_uses_only_visible_state_never_oracle_and_errors_propagate (test_games.GamesTest.test_http_uses_only_visible_state_never_oracle_and_errors_propagate) ... ok
test_invalid_and_terminal_boards (test_games.GamesTest.test_invalid_and_terminal_boards) ... ok
test_invalid_probability_and_move_responses (test_games.GamesTest.test_invalid_probability_and_move_responses) ... ok
test_local_trex_box_physics_and_replay (test_games.GamesTest.test_local_trex_box_physics_and_replay) ... ok
test_mario_and_trex_external_request_contracts (test_games.GamesTest.test_mario_and_trex_external_request_contracts) ... ok
test_minimax_takes_win_blocks_loss_and_selfplay_draws (test_games.GamesTest.test_minimax_takes_win_blocks_loss_and_selfplay_draws) ... ok
test_seeded_replay_and_tamper_detection (test_games.GamesTest.test_seeded_replay_and_tamper_detection) ... ok
test_snake_data_exact_collisions_grouped_and_ood_grid (test_games.GamesTest.test_snake_data_exact_collisions_grouped_and_ood_grid) ... ok
test_snake_reverse_wall_body_tail_and_growth (test_games.GamesTest.test_snake_reverse_wall_body_tail_and_growth) ... ok
test_tictactoe_exhaustive_data_and_symmetry_split_isolation (test_games.GamesTest.test_tictactoe_exhaustive_data_and_symmetry_split_isolation) ... ok
test_tile_platformer_plays_replays_and_obeys_ground_collision (test_games.GamesTest.test_tile_platformer_plays_replays_and_obeys_ground_collision) ... ok
test_wiki_shortest_path_dead_end_and_budget (test_games.GamesTest.test_wiki_shortest_path_dead_end_and_budget) ... ok
test_both_dependency_lock_files_reject_tamper_before_checkpoint (test_independent_evaluation.IndependentEvaluationTests.test_both_dependency_lock_files_reject_tamper_before_checkpoint) ... ok
test_bundle_is_pinned_not_evaluated_and_cannot_overwrite (test_independent_evaluation.IndependentEvaluationTests.test_bundle_is_pinned_not_evaluated_and_cannot_overwrite) ... ok
test_install_script_disables_inherited_pip_config_before_first_pip (test_independent_evaluation.IndependentEvaluationTests.test_install_script_disables_inherited_pip_config_before_first_pip) ... ok
test_invalid_revision_cannot_write_or_inject_shell_code (test_independent_evaluation.IndependentEvaluationTests.test_invalid_revision_cannot_write_or_inject_shell_code) ... ok
test_runtime_only_preflight_needs_no_checkpoint_or_model_import (test_independent_evaluation.IndependentEvaluationTests.test_runtime_only_preflight_needs_no_checkpoint_or_model_import) ... ok
test_runtime_rejects_broken_dependency_check (test_independent_evaluation.IndependentEvaluationTests.test_runtime_rejects_broken_dependency_check) ... ok
test_runtime_rejects_global_or_user_site_environment (test_independent_evaluation.IndependentEvaluationTests.test_runtime_rejects_global_or_user_site_environment) ... ok
test_runtime_rejects_missing_or_external_packages (test_independent_evaluation.IndependentEvaluationTests.test_runtime_rejects_missing_or_external_packages) ... ok
test_runtime_rejects_package_version_drift_before_checkpoint (test_independent_evaluation.IndependentEvaluationTests.test_runtime_rejects_package_version_drift_before_checkpoint) ... ok
test_runtime_rejects_unsupported_interpreter_or_platform (test_independent_evaluation.IndependentEvaluationTests.test_runtime_rejects_unsupported_interpreter_or_platform) ... ok
test_verified_fixture_still_does_not_claim_inference_or_sealed_result (test_independent_evaluation.IndependentEvaluationTests.test_verified_fixture_still_does_not_claim_inference_or_sealed_result) ... ok
test_verifier_rejects_wrong_bytes_without_model_load (test_independent_evaluation.IndependentEvaluationTests.test_verifier_rejects_wrong_bytes_without_model_load) ... ok
test_body_audit_rejects_label_and_reference_tamper_after_rehash (test_ir_control.IRCorpusTest.test_body_audit_rejects_label_and_reference_tamper_after_rehash) ... ok
test_body_audit_rejects_training_target_tamper_after_rehash (test_ir_control.IRCorpusTest.test_body_audit_rejects_training_target_tamper_after_rehash) ... ok
test_original_pilot_and_full_manifests_are_separate_and_pilot_stays_held_out (test_ir_control.IRCorpusTest.test_original_pilot_and_full_manifests_are_separate_and_pilot_stays_held_out) ... skipped 'Local generated corpora not present'
test_stable_family_assignment_does_not_change_on_expansion (test_ir_control.IRCorpusTest.test_stable_family_assignment_does_not_change_on_expansion) ... ok
test_external_holdout_cannot_use_training_data_tree (test_ir_control.IRMetricAndHoldoutTest.test_external_holdout_cannot_use_training_data_tree) ... ok
test_external_holdout_rejects_missing_candidates_after_rehash (test_ir_control.IRMetricAndHoldoutTest.test_external_holdout_rejects_missing_candidates_after_rehash) ... ok
test_external_holdout_requires_all_hashes_one_hundred_and_evaluation_only (test_ir_control.IRMetricAndHoldoutTest.test_external_holdout_requires_all_hashes_one_hundred_and_evaluation_only) ... ok
test_trec_linear_gain_missing_query_unjudged_and_duplicates (test_ir_control.IRMetricAndHoldoutTest.test_trec_linear_gain_missing_query_unjudged_and_duplicates) ... ok
test_100_document_pointwise_and_listwise_request_counts (test_ir_control.IRRuntimeTest.test_100_document_pointwise_and_listwise_request_counts) ... ok
test_all_six_methods_run_actual_callbacks_and_preserve_document_set (test_ir_control.IRRuntimeTest.test_all_six_methods_run_actual_callbacks_and_preserve_document_set) ... ok
test_body_grades_cover_exact_partial_wrong_profile_withdrawn_and_unrelated (test_ir_control.IRRuntimeTest.test_body_grades_cover_exact_partial_wrong_profile_withdrawn_and_unrelated) ... ok
test_explicit_score_rounding_policy_preserves_strict_probability_mass (test_ir_control.IRRuntimeTest.test_explicit_score_rounding_policy_preserves_strict_probability_mass) ... ok
test_heaps_rerank_only_requested_prefix_and_setwise_windows_have_at_most_eleven (test_ir_control.IRRuntimeTest.test_heaps_rerank_only_requested_prefix_and_setwise_windows_have_at_most_eleven) ... ok
test_malformed_response_is_preserved_and_not_a_zero_relevance_label (test_ir_control.IRRuntimeTest.test_malformed_response_is_preserved_and_not_a_zero_relevance_label) ... ok
test_nonfinite_and_inconsistent_probabilities_fail (test_ir_control.IRRuntimeTest.test_nonfinite_and_inconsistent_probabilities_fail) ... ok
test_pairwise_uses_both_orders_and_cancels_constant_position_bias (test_ir_control.IRRuntimeTest.test_pairwise_uses_both_orders_and_cancels_constant_position_bias) ... ok
test_quoted_query_does_not_change_document_subject (test_ir_control.IRRuntimeTest.test_quoted_query_does_not_change_document_subject) ... ok
test_exact_inputs_and_valid_response (test_jev_api_latency.JevLatencyTest.test_exact_inputs_and_valid_response) ... ok
test_rejection_retains_response_and_redacts_key (test_jev_api_latency.JevLatencyTest.test_rejection_retains_response_and_redacts_key) ... ok
test_wrong_model_and_malformed_outputs_fail (test_jev_api_latency.JevLatencyTest.test_wrong_model_and_malformed_outputs_fail) ... ok
test_credentials_are_scoped_restored_and_rejected_in_git (test_jevbench_hosted.HostedBoundsTest.test_credentials_are_scoped_restored_and_rejected_in_git) ... ok
test_failure_cost_rejects_missing_and_boolean_usage (test_jevbench_hosted.HostedBoundsTest.test_failure_cost_rejects_missing_and_boolean_usage) ... ok
test_output_cap_and_price_bounds_include_all_4096_tokens (test_jevbench_hosted.HostedBoundsTest.test_output_cap_and_price_bounds_include_all_4096_tokens) ... ok
test_auth_failure_stops_once_and_retains_billed_failure_usage (test_jevbench_hosted.HostedPinnedTest.test_auth_failure_stops_once_and_retains_billed_failure_usage) ... skipped 'requires pinned JevBench source; no downloads in tests'
test_budget_reserves_before_send_and_unknown_cost_remains_charged (test_jevbench_hosted.HostedPinnedTest.test_budget_reserves_before_send_and_unknown_cost_remains_charged) ... skipped 'requires pinned JevBench source; no downloads in tests'
test_exact_gpt_options_and_native_probability_provenance (test_jevbench_hosted.HostedPinnedTest.test_exact_gpt_options_and_native_probability_provenance) ... skipped 'requires pinned JevBench source; no downloads in tests'
test_wall_deadline_keeps_unknown_dispatch_and_restores_key (test_jevbench_hosted.HostedPinnedTest.test_wall_deadline_keeps_unknown_dispatch_and_restores_key) ... skipped 'requires pinned JevBench source; no downloads in tests'
test_durable_collection_and_replay_bind_current_scope_and_counts (test_jevbench_open_development.PublicDevelopmentTest.test_durable_collection_and_replay_bind_current_scope_and_counts) ... ok
test_noul_inclusive_boundaries_and_abstention_count_wrong (test_jevbench_open_development.PublicDevelopmentTest.test_noul_inclusive_boundaries_and_abstention_count_wrong) ... ok
test_prepared_requests_exclude_gold_and_changed_freeze_fails (test_jevbench_open_development.PublicDevelopmentTest.test_prepared_requests_exclude_gold_and_changed_freeze_fails) ... ok
test_score_expected_position_is_not_argmax_accuracy (test_jevbench_open_development.PublicDevelopmentTest.test_score_expected_position_is_not_argmax_accuracy) ... ok
test_selection_never_consults_gold_state_or_predictions (test_jevbench_open_development.PublicDevelopmentTest.test_selection_never_consults_gold_state_or_predictions) ... ok
test_bad_hash_or_identity_rejected_before_request_and_output (test_jevbench_openjev.JevBenchOpenJevTest.test_bad_hash_or_identity_rejected_before_request_and_output) ... ok
test_context_refusal_counts_failure_then_continues (test_jevbench_openjev.JevBenchOpenJevTest.test_context_refusal_counts_failure_then_continues) ... ok
test_duplicate_json_and_nonfinite_responses_fail_without_silent_repair (test_jevbench_openjev.JevBenchOpenJevTest.test_duplicate_json_and_nonfinite_responses_fail_without_silent_repair) ... ok
test_identity_drift_fails_and_stops_before_next_dispatch (test_jevbench_openjev.JevBenchOpenJevTest.test_identity_drift_fails_and_stops_before_next_dispatch) ... ok
test_interruption_after_dispatch_leaves_an_in_flight_record (test_jevbench_openjev.JevBenchOpenJevTest.test_interruption_after_dispatch_leaves_an_in_flight_record) ... ok
test_one_attempt_per_task_and_durable_journal (test_jevbench_openjev.JevBenchOpenJevTest.test_one_attempt_per_task_and_durable_journal) ... ok
test_request_gold_separation_and_original_candidate_order (test_jevbench_openjev.JevBenchOpenJevTest.test_request_gold_separation_and_original_candidate_order) ... ok
test_rounding_distribution_is_retained_without_normalizing_or_pre_rejecting (test_jevbench_openjev.JevBenchOpenJevTest.test_rounding_distribution_is_retained_without_normalizing_or_pre_rejecting) ... ok
test_timeout_never_retries_and_keeps_pending_distinct (test_jevbench_openjev.JevBenchOpenJevTest.test_timeout_never_retries_and_keeps_pending_distinct) ... ok
test_boolean_probability_cannot_be_rewritten_as_float_during_replay (test_jevbench_openjev.PinnedJevBenchIntegrationTest.test_boolean_probability_cannot_be_rewritten_as_float_during_replay) ... skipped 'requires the clean pinned JevBench checkout; no download in tests'
test_completed_report_cannot_hide_a_partial_journal (test_jevbench_openjev.PinnedJevBenchIntegrationTest.test_completed_report_cannot_hide_a_partial_journal) ... skipped 'requires the clean pinned JevBench checkout; no download in tests'
test_exact_upstream_rounding_and_tie_rules (test_jevbench_openjev.PinnedJevBenchIntegrationTest.test_exact_upstream_rounding_and_tie_rules) ... skipped 'requires the clean pinned JevBench checkout; no download in tests'
test_pinned_public_counts_and_exact_requests_match_upstream_adapter (test_jevbench_openjev.PinnedJevBenchIntegrationTest.test_pinned_public_counts_and_exact_requests_match_upstream_adapter) ... skipped 'requires the clean pinned JevBench checkout; no download in tests'
test_public_summary_uses_gold_only_offline_and_accounts_for_pending (test_jevbench_openjev.PinnedJevBenchIntegrationTest.test_public_summary_uses_gold_only_offline_and_accounts_for_pending) ... skipped 'requires the clean pinned JevBench checkout; no download in tests'
test_collection_guard_reaps_collector_when_owned_server_exits (test_jevbench_suite.JevBenchSuiteTest.test_collection_guard_reaps_collector_when_owned_server_exits) ... ok
test_collection_hard_timeout_reaps_exact_child (test_jevbench_suite.JevBenchSuiteTest.test_collection_hard_timeout_reaps_exact_child) ... ok
test_collection_identity_failure_stops_before_second_model (test_jevbench_suite.JevBenchSuiteTest.test_collection_identity_failure_stops_before_second_model) ... ok
test_collection_timeout_reaps_server_without_starting_next_model (test_jevbench_suite.JevBenchSuiteTest.test_collection_timeout_reaps_server_without_starting_next_model) ... ok
test_existing_output_refused_without_children (test_jevbench_suite.JevBenchSuiteTest.test_existing_output_refused_without_children) ... ok
test_n1_mode_verifies_host_and_idle_card_before_selecting_uuid (test_jevbench_suite.JevBenchSuiteTest.test_n1_mode_verifies_host_and_idle_card_before_selecting_uuid) ... ok
test_only_new_27b_checkpoint_runs_after_training (test_jevbench_suite.JevBenchSuiteTest.test_only_new_27b_checkpoint_runs_after_training) ... ok
test_serial_servers_and_gold_read_only_after_both_are_stopped (test_jevbench_suite.JevBenchSuiteTest.test_serial_servers_and_gold_read_only_after_both_are_stopped) ... ok
test_slurm_mapping_is_preserved_and_broad_visibility_rejected (test_jevbench_suite.JevBenchSuiteTest.test_slurm_mapping_is_preserved_and_broad_visibility_rejected) ... ok
test_startup_failure_reaps_only_first_server_and_never_collects (test_jevbench_suite.JevBenchSuiteTest.test_startup_failure_reaps_only_first_server_and_never_collects) ... ok
test_explicit_policy_cannot_bypass_repository_restriction (test_launch_expansion.LauncherResourcePolicyTests.test_explicit_policy_cannot_bypass_repository_restriction) ... ok
test_main_binds_accepted_physical_indices_to_their_gpu_uuids (test_launch_expansion.LauncherResourcePolicyTests.test_main_binds_accepted_physical_indices_to_their_gpu_uuids) ... ok
test_main_rejects_wrong_host_before_any_subprocess_or_gpu_query (test_launch_expansion.LauncherResourcePolicyTests.test_main_rejects_wrong_host_before_any_subprocess_or_gpu_query) ... ok
test_malformed_or_contradictory_policy_fails_closed (test_launch_expansion.LauncherResourcePolicyTests.test_malformed_or_contradictory_policy_fails_closed) ... ok
test_matching_n1_hostname_and_training_cards_are_accepted_and_audited (test_launch_expansion.LauncherResourcePolicyTests.test_matching_n1_hostname_and_training_cards_are_accepted_and_audited) ... ok
test_wrong_host_and_prohibited_training_cards_are_rejected (test_launch_expansion.LauncherResourcePolicyTests.test_wrong_host_and_prohibited_training_cards_are_rejected) ... ok
test_audit_does_not_use_hidden_oracle_or_variant_metadata (test_mailroom_data.MailroomDataTests.test_audit_does_not_use_hidden_oracle_or_variant_metadata) ... ok
test_complete_contract_and_independent_audit (test_mailroom_data.MailroomDataTests.test_complete_contract_and_independent_audit) ... ok
test_expansion_preserves_every_old_case_row_and_heldout_family (test_mailroom_data.MailroomDataTests.test_expansion_preserves_every_old_case_row_and_heldout_family) ... ok
test_final_text_header_and_question_mutations_fail_closed (test_mailroom_data.MailroomDataTests.test_final_text_header_and_question_mutations_fail_closed) ... ok
test_link_relay_paid_and_advertised_amounts_in_all_languages (test_mailroom_data.MailroomDataTests.test_link_relay_paid_and_advertised_amounts_in_all_languages) ... ok
test_matching_wrong_gold_and_target_are_rejected (test_mailroom_data.MailroomDataTests.test_matching_wrong_gold_and_target_are_rejected) ... ok
test_model_input_excludes_all_supervision_and_provenance (test_mailroom_data.MailroomDataTests.test_model_input_excludes_all_supervision_and_provenance) ... ok
test_prediction_reader_requires_typed_mass_and_marks_exact_tie_unresolved (test_mailroom_data.MailroomDataTests.test_prediction_reader_requires_typed_mass_and_marks_exact_tie_unresolved) ... ok
test_probe_export_preserves_inputs_without_gold_or_predictions (test_mailroom_data.MailroomDataTests.test_probe_export_preserves_inputs_without_gold_or_predictions) ... ok
test_provider_counterfactual_and_taxonomy_follow_service (test_mailroom_data.MailroomDataTests.test_provider_counterfactual_and_taxonomy_follow_service) ... ok
test_sealed_bytes_and_existing_directory_are_protected (test_mailroom_data.MailroomDataTests.test_sealed_bytes_and_existing_directory_are_protected) ... ok
test_unknown_service_and_conflicting_actions_do_not_get_fallback_gold (test_mailroom_data.MailroomDataTests.test_unknown_service_and_conflicting_actions_do_not_get_fallback_gold) ... ok
test_extreme_logits_and_binary_probabilities (test_metrics.CalibrationTest.test_extreme_logits_and_binary_probabilities) ... ok
test_soft_labels_and_constant_logits (test_metrics.CalibrationTest.test_soft_labels_and_constant_logits) ... ok
test_temperature_recovers_known_bernoulli_frequency (test_metrics.CalibrationTest.test_temperature_recovers_known_bernoulli_frequency) ... ok
test_choice_uses_scaled_peak (test_metrics.OfficialConfidenceTest.test_choice_uses_scaled_peak) ... ok
test_score_depends_on_ordinal_distance_and_first_mode (test_metrics.OfficialConfidenceTest.test_score_depends_on_ordinal_distance_and_first_mode) ... ok
test_uniform_and_deterministic_distributions (test_metrics.OfficialConfidenceTest.test_uniform_and_deterministic_distributions) ... ok
test_hard_outcomes_have_known_scores_and_coverage (test_metrics.ProbabilityMetricsTest.test_hard_outcomes_have_known_scores_and_coverage) ... ok
test_invalid_probability_data_is_rejected (test_metrics.ProbabilityMetricsTest.test_invalid_probability_data_is_rejected) ... ok
test_mixed_targets_and_variable_cardinality (test_metrics.ProbabilityMetricsTest.test_mixed_targets_and_variable_cardinality) ... ok
test_perfect_probabilities_fit_last_ece_bin (test_metrics.ProbabilityMetricsTest.test_perfect_probabilities_fit_last_ece_bin) ... ok
test_soft_targets_are_not_argmax_ground_truth (test_metrics.ProbabilityMetricsTest.test_soft_targets_are_not_argmax_ground_truth) ... ok
test_loopback_timeout_defaults_to_120_seconds_and_is_configurable (test_mps_support.HttpTimeoutTest.test_loopback_timeout_defaults_to_120_seconds_and_is_configurable) ... skipped 'requires optional torch/transformers/peft train runtime'
test_cpu_and_mps_benchmark_runs_compare_as_equal_decisions (test_mps_support.MpsSupportTest.test_cpu_and_mps_benchmark_runs_compare_as_equal_decisions) ... skipped 'requires a torch build with an available MPS backend'
test_every_parameter_is_resident_on_mps_and_nothing_falls_back_to_cpu (test_mps_support.MpsSupportTest.test_every_parameter_is_resident_on_mps_and_nothing_falls_back_to_cpu) ... skipped 'requires a torch build with an available MPS backend'
test_float32_scores_match_cpu_within_the_existing_parity_bar (test_mps_support.MpsSupportTest.test_float32_scores_match_cpu_within_the_existing_parity_bar) ... skipped 'requires a torch build with an available MPS backend'
test_latency_benchmark_synchronizes_metal_around_every_timed_call (test_mps_support.MpsSupportTest.test_latency_benchmark_synchronizes_metal_around_every_timed_call) ... skipped 'requires a torch build with an available MPS backend'
test_mps_profile_timing_synchronizes_metal_not_cuda (test_mps_support.MpsSupportTest.test_mps_profile_timing_synchronizes_metal_not_cuda) ... skipped 'requires a torch build with an available MPS backend'
test_reduced_precision_error_is_no_worse_than_cpu_at_the_same_dtype (test_mps_support.MpsSupportTest.test_reduced_precision_error_is_no_worse_than_cpu_at_the_same_dtype) ... skipped 'requires a torch build with an available MPS backend'
test_residency_check_detects_a_parameter_left_on_cpu (test_mps_support.MpsSupportTest.test_residency_check_detects_a_parameter_left_on_cpu) ... skipped 'requires a torch build with an available MPS backend'
test_cpu_profile_timing_never_synchronizes_cuda (test_mps_support.ProfileSynchronizationTest.test_cpu_profile_timing_never_synchronizes_cuda) ... skipped 'requires optional torch/transformers/peft train runtime'
test_meta_embedding_profile_synchronizes_actual_accelerator_devices (test_mps_support.ProfileSynchronizationTest.test_meta_embedding_profile_synchronizes_actual_accelerator_devices) ... skipped 'requires optional torch/transformers/peft train runtime'
test_engagement_requires_successful_profiler_child (test_mps_support.ProfiledChildEnvironmentTest.test_engagement_requires_successful_profiler_child) ... skipped 'requires optional torch/transformers/peft train runtime'
test_profiled_child_loads_weights_on_one_thread (test_mps_support.ProfiledChildEnvironmentTest.test_profiled_child_loads_weights_on_one_thread) ... ok
test_incomplete_refusal_extra_key_wrong_types_wrong_model_rejected (test_openai_api_benchmark.OpenAIComparisonTest.test_incomplete_refusal_extra_key_wrong_types_wrong_model_rejected) ... ok
test_rejected_transport_is_not_inference_and_redacts_key (test_openai_api_benchmark.OpenAIComparisonTest.test_rejected_transport_is_not_inference_and_redacts_key) ... ok
test_semantics_and_candidate_order_preserved_without_labels (test_openai_api_benchmark.OpenAIComparisonTest.test_semantics_and_candidate_order_preserved_without_labels) ... ok
test_valid_choices_and_cost (test_openai_api_benchmark.OpenAIComparisonTest.test_valid_choices_and_cost) ... ok
test_bad_input_or_identity_fails_before_connection_or_outputs (test_openjev_provider.OpenJevProviderTest.test_bad_input_or_identity_fails_before_connection_or_outputs) ... ok
test_budget_stops_without_an_attempt_and_preserves_all_pending (test_openjev_provider.OpenJevProviderTest.test_budget_stops_without_an_attempt_and_preserves_all_pending) ... ok
test_checkpoint_drift_stops_before_next_request_and_preserves_pending (test_openjev_provider.OpenJevProviderTest.test_checkpoint_drift_stops_before_next_request_and_preserves_pending) ... ok
test_invalid_probability_is_retained_and_counts_zero_without_renormalization (test_openjev_provider.OpenJevProviderTest.test_invalid_probability_is_retained_and_counts_zero_without_renormalization) ... ok
test_malformed_inputs_and_request_hashes_are_rejected (test_openjev_provider.OpenJevProviderTest.test_malformed_inputs_and_request_hashes_are_rejected) ... ok
test_nonfinite_wire_response_is_retained_without_invalid_json_in_output (test_openjev_provider.OpenJevProviderTest.test_nonfinite_wire_response_is_retained_without_invalid_json_in_output) ... ok
test_real_loopback_more_than_32_workloads_one_attempt_and_existing_quality_scorer (test_openjev_provider.OpenJevProviderTest.test_real_loopback_more_than_32_workloads_one_attempt_and_existing_quality_scorer) ... ok
test_response_invariants_reject_cache_identity_and_inconsistent_scalar (test_openjev_provider.OpenJevProviderTest.test_response_invariants_reject_cache_identity_and_inconsistent_scalar) ... ok
test_sigkill_leaves_durable_inflight_dispatch_not_unattempted (test_openjev_provider.OpenJevProviderTest.test_sigkill_leaves_durable_inflight_dispatch_not_unattempted) ... ok
test_sigterm_retains_dispatched_request_as_failed_not_pending (test_openjev_provider.OpenJevProviderTest.test_sigterm_retains_dispatched_request_as_failed_not_pending) ... ok
test_timeout_never_retries_or_advances (test_openjev_provider.OpenJevProviderTest.test_timeout_never_retries_or_advances) ... ok
test_adaptive_float_scores_and_journal_precede_each_actual_request (test_openjev_trec.OpenJevTrecTest.test_adaptive_float_scores_and_journal_precede_each_actual_request) ... ok
test_all_97_queries_close_in_873_unique_requests_with_stable_ties (test_openjev_trec.OpenJevTrecTest.test_all_97_queries_close_in_873_unique_requests_with_stable_ties) ... ok
test_all_failed_queries_remain_full_denominator_without_extra_requests (test_openjev_trec.OpenJevTrecTest.test_all_failed_queries_remain_full_denominator_without_extra_requests) ... ok
test_http_server_failure_stops_and_bad_preflight_never_connects (test_openjev_trec.OpenJevTrecTest.test_http_server_failure_stops_and_bad_preflight_never_connects) ... ok
test_identity_drift_and_timeout_stop_without_advancing (test_openjev_trec.OpenJevTrecTest.test_identity_drift_and_timeout_stop_without_advancing) ... ok
test_nonfatal_invalid_probability_is_saved_as_failure_then_next_query_runs (test_openjev_trec.OpenJevTrecTest.test_nonfatal_invalid_probability_is_saved_as_failure_then_next_query_runs) ... ok
test_out_of_range_scalar_is_failed_before_persisting_success (test_openjev_trec.OpenJevTrecTest.test_out_of_range_scalar_is_failed_before_persisting_success) ... ok
test_raw_response_binding_preserves_numeric_types_and_mapping_order (test_openjev_trec.OpenJevTrecTest.test_raw_response_binding_preserves_numeric_types_and_mapping_order) ... ok
test_real_loopback_uses_owned_service_and_unrounded_expected_scores (test_openjev_trec.OpenJevTrecTest.test_real_loopback_uses_owned_service_and_unrounded_expected_scores) ... ok
test_request_and_time_budgets_keep_incomplete_and_unattempted_queries (test_openjev_trec.OpenJevTrecTest.test_request_and_time_budgets_keep_incomplete_and_unattempted_queries) ... ok
test_sigterm_settles_failed_dispatch_but_sigkill_leaves_unknown_outcome (test_openjev_trec.OpenJevTrecTest.test_sigterm_settles_failed_dispatch_but_sigkill_leaves_unknown_outcome) ... ok
test_changed_identity_raw_body_ranking_or_adaptive_window_is_rejected (test_openjev_trec_summary.OpenJevTrecSummaryTest.test_changed_identity_raw_body_ranking_or_adaptive_window_is_rejected) ... ok
test_changed_qrels_or_manifest_are_rejected (test_openjev_trec_summary.OpenJevTrecSummaryTest.test_changed_qrels_or_manifest_are_rejected) ... ok
test_dangling_dispatch_and_extra_journal_tail_cannot_be_scored (test_openjev_trec_summary.OpenJevTrecSummaryTest.test_dangling_dispatch_and_extra_journal_tail_cannot_be_scored) ... ok
test_failed_first_query_has_no_fallback_and_next_complete_still_full_denominator (test_openjev_trec_summary.OpenJevTrecSummaryTest.test_failed_first_query_has_no_fallback_and_next_complete_still_full_denominator) ... ok
test_full_run_replays_expected_scores_and_full_qrels_without_network (test_openjev_trec_summary.OpenJevTrecSummaryTest.test_full_run_replays_expected_scores_and_full_qrels_without_network) ... ok
test_mandatory_fatal_cannot_be_relabelled_to_continue_more_queries (test_openjev_trec_summary.OpenJevTrecSummaryTest.test_mandatory_fatal_cannot_be_relabelled_to_continue_more_queries) ... ok
test_matching_raw_and_parsed_cache_change_still_fails_identity (test_openjev_trec_summary.OpenJevTrecSummaryTest.test_matching_raw_and_parsed_cache_change_still_fails_identity) ... ok
test_partial_keeps_full43_54_denominators_and_pending_zero (test_openjev_trec_summary.OpenJevTrecSummaryTest.test_partial_keeps_full43_54_denominators_and_pending_zero) ... ok
test_pending_query_cannot_precede_processed_queries (test_openjev_trec_summary.OpenJevTrecSummaryTest.test_pending_query_cannot_precede_processed_queries) ... ok
test_raw_boolean_and_probability_order_cannot_hide_behind_python_equality (test_openjev_trec_summary.OpenJevTrecSummaryTest.test_raw_boolean_and_probability_order_cannot_hide_behind_python_equality) ... ok
test_reordered_payload_is_rejected_even_when_sorted_digest_unchanged (test_openjev_trec_summary.OpenJevTrecSummaryTest.test_reordered_payload_is_rejected_even_when_sorted_digest_unchanged) ... ok
test_all_painting_modes_pass_bounded_server_predictor (test_painting.PaintingTest.test_all_painting_modes_pass_bounded_server_predictor) ... ok
test_bad_model_outputs_are_rejected (test_painting.PaintingTest.test_bad_model_outputs_are_rejected) ... ok
test_coordinates_survive_id_removal_and_batching (test_painting.PaintingTest.test_coordinates_survive_id_removal_and_batching) ... ok
test_data_have_valid_targets_and_scene_splits (test_painting.PaintingTest.test_data_have_valid_targets_and_scene_splits) ... ok
test_invalid_limits_fail_before_allocation (test_painting.PaintingTest.test_invalid_limits_fail_before_allocation) ... ok
test_probabilities_are_rendered_as_a_mean_not_argmax (test_painting.PaintingTest.test_probabilities_are_rendered_as_a_mean_not_argmax) ... ok
test_procedural_targets_reconstruct_exact_images_in_all_modes (test_painting.PaintingTest.test_procedural_targets_reconstruct_exact_images_in_all_modes) ... ok
test_ui_keeps_one_endpoint_per_run (test_painting.PaintingTest.test_ui_keeps_one_endpoint_per_run) ... ok
test_all_failures_and_soft_targets_have_defined_full_denominators (test_parallel_data_eval.ParallelDataEvalTests.test_all_failures_and_soft_targets_have_defined_full_denominators) ... ok
test_calibration_id_membership_and_checkpoint_content_are_bound (test_parallel_data_eval.ParallelDataEvalTests.test_calibration_id_membership_and_checkpoint_content_are_bound) ... ok
test_checkpoint_requires_final_completion_and_correct_model (test_parallel_data_eval.ParallelDataEvalTests.test_checkpoint_requires_final_completion_and_correct_model) ... ok
test_controller_runs_four_shards_then_next_model (test_parallel_data_eval.ParallelDataEvalTests.test_controller_runs_four_shards_then_next_model) ... ok
test_controller_worker_crash_stops_only_owned_children_and_fails (test_parallel_data_eval.ParallelDataEvalTests.test_controller_worker_crash_stops_only_owned_children_and_fails) ... ok
test_dataset_pin_catches_wrong_manifest_and_changed_bytes (test_parallel_data_eval.ParallelDataEvalTests.test_dataset_pin_catches_wrong_manifest_and_changed_bytes) ... ok
test_error_rows_remain_in_total_and_confidence_coverage (test_parallel_data_eval.ParallelDataEvalTests.test_error_rows_remain_in_total_and_confidence_coverage) ... ok
test_expansion_40281_rows_use_global_order_without_padding_or_drop (test_parallel_data_eval.ParallelDataEvalTests.test_expansion_40281_rows_use_global_order_without_padding_or_drop) ... ok
test_expansion_checkpoint_requires_ddp_full_pass_and_saved_calibration (test_parallel_data_eval.ParallelDataEvalTests.test_expansion_checkpoint_requires_ddp_full_pass_and_saved_calibration) ... ok
test_expansion_controller_runs_only_four_27b_workers (test_parallel_data_eval.ParallelDataEvalTests.test_expansion_controller_runs_only_four_27b_workers) ... ok
test_expansion_manifest_and_each_split_are_fixed (test_parallel_data_eval.ParallelDataEvalTests.test_expansion_manifest_and_each_split_are_fixed) ... ok
test_expansion_merge_binds_profile_data_assignment_and_failure_denominator (test_parallel_data_eval.ParallelDataEvalTests.test_expansion_merge_binds_profile_data_assignment_and_failure_denominator) ... ok
test_invalid_scorer_output_is_an_explicit_failure (test_parallel_data_eval.ParallelDataEvalTests.test_invalid_scorer_output_is_an_explicit_failure) ... ok
test_missing_duplicate_wrong_split_checkpoint_and_temperature_fail (test_parallel_data_eval.ParallelDataEvalTests.test_missing_duplicate_wrong_split_checkpoint_and_temperature_fail) ... ok
test_missing_worker_report_or_wrong_plan_and_counts_fail (test_parallel_data_eval.ParallelDataEvalTests.test_missing_worker_report_or_wrong_plan_and_counts_fail) ... ok
test_model_profile_defaults_and_cross_profile_rejection (test_parallel_data_eval.ParallelDataEvalTests.test_model_profile_defaults_and_cross_profile_rejection) ... ok
test_only_target_four_gpus_must_be_idle_and_complete (test_parallel_data_eval.ParallelDataEvalTests.test_only_target_four_gpus_must_be_idle_and_complete) ... ok
test_phase_policy_and_fixed_host_required_before_launch (test_parallel_data_eval.ParallelDataEvalTests.test_phase_policy_and_fixed_host_required_before_launch) ... ok
test_saved_temperature_and_source_group_summaries (test_parallel_data_eval.ParallelDataEvalTests.test_saved_temperature_and_source_group_summaries) ... ok
test_shards_cover_every_id_once_in_stable_order (test_parallel_data_eval.ParallelDataEvalTests.test_shards_cover_every_id_once_in_stable_order) ... ok
test_shared_lease_prevents_concurrent_eval_or_training (test_parallel_data_eval.ParallelDataEvalTests.test_shared_lease_prevents_concurrent_eval_or_training) ... ok
test_short_run_or_failed_reload_cannot_masquerade_as_fullpass (test_parallel_data_eval.ParallelDataEvalTests.test_short_run_or_failed_reload_cannot_masquerade_as_fullpass) ... ok
test_sigterm_and_sigint_interruptions_reap_all_owned_workers (test_parallel_data_eval.ParallelDataEvalTests.test_sigterm_and_sigint_interruptions_reap_all_owned_workers) ... ok
test_temperature_must_be_saved_calibration_not_test_or_bad_value (test_parallel_data_eval.ParallelDataEvalTests.test_temperature_must_be_saved_calibration_not_test_or_bad_value) ... ok
test_all_candidates_and_document_variants_keep_family_split (test_phone_extraction_control.PhoneDatasetTest.test_all_candidates_and_document_variants_keep_family_split) ... skipped 'requires the optional .[phone] extra'
test_manifest_binds_source_and_artifacts_and_refuses_overwrite (test_phone_extraction_control.PhoneDatasetTest.test_manifest_binds_source_and_artifacts_and_refuses_overwrite) ... skipped 'requires the optional .[phone] extra'
test_ambiguous_and_unsupported_declarations_require_review (test_phone_extraction_control.PhoneRuntimeTest.test_ambiguous_and_unsupported_declarations_require_review) ... ok
test_candidate_limit_is_explicit_and_zero_candidates_are_valid_api (test_phone_extraction_control.PhoneRuntimeTest.test_candidate_limit_is_explicit_and_zero_candidates_are_valid_api) ... ok
test_candidates_cannot_be_invented_or_shifted (test_phone_extraction_control.PhoneRuntimeTest.test_candidates_cannot_be_invented_or_shifted) ... ok
test_exact_e164_for_national_and_international_reserved_styles (test_phone_extraction_control.PhoneRuntimeTest.test_exact_e164_for_national_and_international_reserved_styles) ... skipped 'requires the optional .[phone] extra'
test_implicit_trunk_or_idd_digit_repair_is_rejected (test_phone_extraction_control.PhoneRuntimeTest.test_implicit_trunk_or_idd_digit_repair_is_rejected) ... skipped 'requires the optional .[phone] extra'
test_locally_possible_numbers_without_area_code_have_no_e164 (test_phone_extraction_control.PhoneRuntimeTest.test_locally_possible_numbers_without_area_code_have_no_e164) ... skipped 'requires the optional .[phone] extra'
test_message_layout_preserves_public_role_and_region_semantics (test_phone_extraction_control.PhoneRuntimeTest.test_message_layout_preserves_public_role_and_region_semantics) ... skipped 'requires the optional .[phone] extra'
test_missing_country_never_defaults_even_with_international_code (test_phone_extraction_control.PhoneRuntimeTest.test_missing_country_never_defaults_even_with_international_code) ... ok
test_missing_optional_library_has_explicit_install_hint (test_phone_extraction_control.PhoneRuntimeTest.test_missing_optional_library_has_explicit_install_hint) ... ok
test_optional_library_version_is_exact (test_phone_extraction_control.PhoneRuntimeTest.test_optional_library_version_is_exact) ... skipped 'requires the optional .[phone] extra'
test_outside_field_candidates_are_retained_but_reviewed (test_phone_extraction_control.PhoneRuntimeTest.test_outside_field_candidates_are_retained_but_reviewed) ... ok
test_partial_extensions_and_parentheses_cannot_be_rescued (test_phone_extraction_control.PhoneRuntimeTest.test_partial_extensions_and_parentheses_cannot_be_rescued) ... ok
test_policy_tampering_and_unknown_role_are_rejected (test_phone_extraction_control.PhoneRuntimeTest.test_policy_tampering_and_unknown_role_are_rejected) ... ok
test_possible_valid_and_routable_are_not_equated (test_phone_extraction_control.PhoneRuntimeTest.test_possible_valid_and_routable_are_not_equated) ... skipped 'requires the optional .[phone] extra'
test_presence_absence_ambiguity_and_miss_are_separate (test_phone_extraction_control.PhoneRuntimeTest.test_presence_absence_ambiguity_and_miss_are_separate) ... ok
test_query_blind_candidates_and_character_offsets (test_phone_extraction_control.PhoneRuntimeTest.test_query_blind_candidates_and_character_offsets) ... ok
test_repeated_phone_uses_offsets_and_wrong_selection_is_not_repaired (test_phone_extraction_control.PhoneRuntimeTest.test_repeated_phone_uses_offsets_and_wrong_selection_is_not_repaired) ... skipped 'requires the optional .[phone] extra'
test_request_builders_do_not_require_library (test_phone_extraction_control.PhoneRuntimeTest.test_request_builders_do_not_require_library) ... ok
test_shared_calling_codes_do_not_override_explicit_region_conflicts (test_phone_extraction_control.PhoneRuntimeTest.test_shared_calling_codes_do_not_override_explicit_region_conflicts) ... skipped 'requires the optional .[phone] extra'
test_unicode_vanity_and_malformed_format_do_not_reach_library (test_phone_extraction_control.PhoneRuntimeTest.test_unicode_vanity_and_malformed_format_do_not_reach_library) ... ok
test_all_384_targets_independent_replay_and_group_isolation (test_policy_controls_v6.PolicyControlsV6Test.test_all_384_targets_independent_replay_and_group_isolation) ... ok
test_corrupted_target_incomplete_group_and_frozen_output (test_policy_controls_v6.PolicyControlsV6Test.test_corrupted_target_incomplete_group_and_frozen_output) ... ok
test_latest_signature_scope_revocation_and_one_cent (test_policy_controls_v6.PolicyControlsV6Test.test_latest_signature_scope_revocation_and_one_cent) ... ok
test_refund_priority_exhaustive_48_boundary_cases (test_policy_controls_v6.PolicyControlsV6Test.test_refund_priority_exhaustive_48_boundary_cases) ... ok
test_untrusted_text_invariance_and_signed_policy_withdrawal (test_policy_controls_v6.PolicyControlsV6Test.test_untrusted_text_invariance_and_signed_policy_withdrawal) ... ok
test_audit_gate_requires_complete_matching_unchanged_capture (test_posttraining_evaluation.PosttrainingTests.test_audit_gate_requires_complete_matching_unchanged_capture) ... ok
test_busy_lease_does_not_even_query_cards (test_posttraining_evaluation.PosttrainingTests.test_busy_lease_does_not_even_query_cards) ... ok
test_changed_gpu_uuid_aborts (test_posttraining_evaluation.PosttrainingTests.test_changed_gpu_uuid_aborts) ... ok
test_failed_audit_and_wrong_checkpoint_never_open_gate (test_posttraining_evaluation.PosttrainingTests.test_failed_audit_and_wrong_checkpoint_never_open_gate) ... ok
test_failed_or_incomplete_final_training_never_becomes_ready (test_posttraining_evaluation.PosttrainingTests.test_failed_or_incomplete_final_training_never_becomes_ready) ... ok
test_finished_status_does_not_override_live_rank (test_posttraining_evaluation.PosttrainingTests.test_finished_status_does_not_override_live_rank) ... ok
test_foreign_gpu_process_blocks_allocation (test_posttraining_evaluation.PosttrainingTests.test_foreign_gpu_process_blocks_allocation) ... ok
test_full_sequence_uses_audit_barrier_and_preserves_pending (test_posttraining_evaluation.PosttrainingTests.test_full_sequence_uses_audit_barrier_and_preserves_pending) ... ok
test_missing_audit_waits_without_any_measurement (test_posttraining_evaluation.PosttrainingTests.test_missing_audit_waits_without_any_measurement) ... ok
test_nonzero_child_exit_stops_sequence (test_posttraining_evaluation.PosttrainingTests.test_nonzero_child_exit_stops_sequence) ... ok
test_owned_child_is_reaped_if_status_write_fails (test_posttraining_evaluation.PosttrainingTests.test_owned_child_is_reaped_if_status_write_fails) ... ok
test_plan_rejects_retired_supervisor_wrong_cards_and_noop_command (test_posttraining_evaluation.PosttrainingTests.test_plan_rejects_retired_supervisor_wrong_cards_and_noop_command) ... ok
test_prepare_only_does_not_query_processes_gpus_or_launch (test_posttraining_evaluation.PosttrainingTests.test_prepare_only_does_not_query_processes_gpus_or_launch) ... ok
test_real_lease_contention_is_not_bypassed (test_posttraining_evaluation.PosttrainingTests.test_real_lease_contention_is_not_bypassed) ... ok
test_reused_pid_aborts_without_signals (test_posttraining_evaluation.PosttrainingTests.test_reused_pid_aborts_without_signals) ... ok
test_service_requires_fixed_settings_every_measurement_and_cleanup (test_posttraining_evaluation.PosttrainingTests.test_service_requires_fixed_settings_every_measurement_and_cleanup) ... ok
test_successful_training_uses_actual_identity_not_stale_metadata_pid (test_posttraining_evaluation.PosttrainingTests.test_successful_training_uses_actual_identity_not_stale_metadata_pid) ... ok
test_zero_exit_does_not_replace_matching_expansion_artifacts (test_posttraining_evaluation.PosttrainingTests.test_zero_exit_does_not_replace_matching_expansion_artifacts) ... ok
test_bfloat16_cache_keeps_kernel_recurrent_state_in_float32 (test_prefix_cache.PrefixCacheTest.test_bfloat16_cache_keeps_kernel_recurrent_state_in_float32) ... skipped 'requires optional torch/transformers/peft train runtime'
test_candidate_and_question_permutations_remain_equivariant (test_prefix_cache.PrefixCacheTest.test_candidate_and_question_permutations_remain_equivariant) ... skipped 'requires optional torch/transformers/peft train runtime'
test_checkpoint_benchmark_runner_uses_real_cpu_paths_and_checks_parity (test_prefix_cache.PrefixCacheTest.test_checkpoint_benchmark_runner_uses_real_cpu_paths_and_checks_parity) ... skipped 'requires optional torch/transformers/peft train runtime'
test_fixture_detects_losing_each_kind_of_cache_state (test_prefix_cache.PrefixCacheTest.test_fixture_detects_losing_each_kind_of_cache_state) ... skipped 'requires optional torch/transformers/peft train runtime'
test_fork_isolates_every_cache_tensor_and_batched_continuations (test_prefix_cache.PrefixCacheTest.test_fork_isolates_every_cache_tensor_and_batched_continuations) ... skipped 'requires optional torch/transformers/peft train runtime'
test_lora_wrapper_is_active_on_cached_path (test_prefix_cache.PrefixCacheTest.test_lora_wrapper_is_active_on_cached_path) ... skipped 'requires optional torch/transformers/peft train runtime'
test_overlength_and_training_rejected_before_any_cached_forward (test_prefix_cache.PrefixCacheTest.test_overlength_and_training_rejected_before_any_cached_forward) ... skipped 'requires optional torch/transformers/peft train runtime'
test_predictor_choice_noul_score_probabilities_and_usage_match (test_prefix_cache.PrefixCacheTest.test_predictor_choice_noul_score_probabilities_and_usage_match) ... skipped 'requires optional torch/transformers/peft train runtime'
test_real_hybrid_logits_probabilities_and_observed_token_reuse (test_prefix_cache.PrefixCacheTest.test_real_hybrid_logits_probabilities_and_observed_token_reuse) ... skipped 'requires optional torch/transformers/peft train runtime'
test_requests_and_exception_paths_release_cache_and_preserve_inputs (test_prefix_cache.PrefixCacheTest.test_requests_and_exception_paths_release_cache_and_preserve_inputs) ... skipped 'requires optional torch/transformers/peft train runtime'
test_training_forward_is_uncached_and_adapter_head_gradients_survive (test_prefix_cache.PrefixCacheTest.test_training_forward_is_uncached_and_adapter_head_gradients_survive) ... skipped 'requires optional torch/transformers/peft train runtime'
test_zero_short_and_identical_prefixes_match_independent_scoring (test_prefix_cache.PrefixCacheTest.test_zero_short_and_identical_prefixes_match_independent_scoring) ... skipped 'requires optional torch/transformers/peft train runtime'
test_ragged_batches_match_uncached_scoring (test_prefix_cache_ragged.RaggedSuffixTest.test_ragged_batches_match_uncached_scoring) ... skipped 'requires torch, transformers and peft'
test_ragged_mode_uses_fewer_suffix_calls (test_prefix_cache_ragged.RaggedSuffixTest.test_ragged_mode_uses_fewer_suffix_calls) ... skipped 'requires torch, transformers and peft'
test_aliases_and_unordered_lists_cannot_launder_a_reserved_state (test_prepare_boundary_training_v7.BoundaryPreparationTest.test_aliases_and_unordered_lists_cannot_launder_a_reserved_state) ... ok
test_candidate_split_changed_after_independent_audit_is_rejected (test_prepare_boundary_training_v7.BoundaryPreparationTest.test_candidate_split_changed_after_independent_audit_is_rejected) ... ok
test_existing_output_and_uncommitted_source_fail_before_loading_data (test_prepare_boundary_training_v7.BoundaryPreparationTest.test_existing_output_and_uncommitted_source_fail_before_loading_data) ... ok
test_identifier_renaming_and_options_cannot_launder_old_test (test_prepare_boundary_training_v7.BoundaryPreparationTest.test_identifier_renaming_and_options_cannot_launder_old_test) ... ok
test_normalization_keeps_scope_relations_and_one_cent_facts (test_prepare_boundary_training_v7.BoundaryPreparationTest.test_normalization_keeps_scope_relations_and_one_cent_facts) ... ok
test_original_train_and_all_heldouts_are_reserved_against_new_copies (test_prepare_boundary_training_v7.BoundaryPreparationTest.test_original_train_and_all_heldouts_are_reserved_against_new_copies) ... ok
test_same_split_duplicate_or_identifier_alias_is_rejected (test_prepare_boundary_training_v7.BoundaryPreparationTest.test_same_split_duplicate_or_identifier_alias_is_rejected) ... ok
test_git_show_uses_captured_commit_when_head_changes (test_prepare_frontier_training_v8.CommittedSourceFixtures.test_git_show_uses_captured_commit_when_head_changes) ... ok
test_inherited_git_context_cannot_redirect_source_identity (test_prepare_frontier_training_v8.CommittedSourceFixtures.test_inherited_git_context_cannot_redirect_source_identity) ... ok
test_scope_checks_bound_files_only_and_rejects_dirty_source (test_prepare_frontier_training_v8.CommittedSourceFixtures.test_scope_checks_bound_files_only_and_rejects_dirty_source) ... ok
test_untracked_source_cannot_claim_head_provenance (test_prepare_frontier_training_v8.CommittedSourceFixtures.test_untracked_source_cannot_claim_head_provenance) ... ok
test_wrong_toplevel_stops_before_reading_commit_or_source (test_prepare_frontier_training_v8.CommittedSourceFixtures.test_wrong_toplevel_stops_before_reading_commit_or_source) ... ok
test_blocked_full_variant_never_reads_reserved_or_creates_output (test_prepare_frontier_training_v8.PackingFixtures.test_blocked_full_variant_never_reads_reserved_or_creates_output) ... ok
test_declared_derivative_preserves_raw_lines_order_metadata_and_reserved_bytes (test_prepare_frontier_training_v8.PackingFixtures.test_declared_derivative_preserves_raw_lines_order_metadata_and_reserved_bytes) ... ok
test_exclusion_cannot_duplicate_or_name_a_new_parent (test_prepare_frontier_training_v8.PackingFixtures.test_exclusion_cannot_duplicate_or_name_a_new_parent) ... ok
test_existing_output_fails_before_reading_inputs (test_prepare_frontier_training_v8.PackingFixtures.test_existing_output_fails_before_reading_inputs) ... ok
test_forged_manifest_and_wrong_new_reserved_hash_stop_before_output (test_prepare_frontier_training_v8.PackingFixtures.test_forged_manifest_and_wrong_new_reserved_hash_stop_before_output) ... ok
test_misassigned_split_duplicate_id_parent_and_visible_input_are_rejected (test_prepare_frontier_training_v8.PackingFixtures.test_misassigned_split_duplicate_id_parent_and_visible_input_are_rejected) ... ok
test_old_pass_receipt_cannot_authorize_different_parent_declaration (test_prepare_frontier_training_v8.PackingFixtures.test_old_pass_receipt_cannot_authorize_different_parent_declaration) ... ok
test_passed_derivative_receipt_cannot_silently_filter_full_inputs (test_prepare_frontier_training_v8.PackingFixtures.test_passed_derivative_receipt_cannot_silently_filter_full_inputs) ... ok
test_renamed_observed_row_cannot_replace_locked_train (test_prepare_frontier_training_v8.PackingFixtures.test_renamed_observed_row_cannot_replace_locked_train) ... ok
test_changed_bytes_and_wrong_split_are_rejected_before_output_creation (test_prepare_policy_training_v6.PolicyTrainingPreparationTests.test_changed_bytes_and_wrong_split_are_rejected_before_output_creation) ... ok
test_cross_source_train_to_test_group_leak_is_rejected (test_prepare_policy_training_v6.PolicyTrainingPreparationTests.test_cross_source_train_to_test_group_leak_is_rejected) ... ok
test_observed_regression_order_and_original_hashes_are_frozen (test_prepare_policy_training_v6.PolicyTrainingPreparationTests.test_observed_regression_order_and_original_hashes_are_frozen) ... ok
test_observed_selection_hash_mismatch_and_overwrite_are_rejected (test_prepare_policy_training_v6.PolicyTrainingPreparationTests.test_observed_selection_hash_mismatch_and_overwrite_are_rejected) ... ok
test_only_train_is_mixed_and_existing_loader_consumes_one_full_pass (test_prepare_policy_training_v6.PolicyTrainingPreparationTests.test_only_train_is_mixed_and_existing_loader_consumes_one_full_pass) ... ok
test_rewritten_v6_rows_and_manifest_cannot_change_public_frozen_candidate (test_prepare_policy_training_v6.PolicyTrainingPreparationTests.test_rewritten_v6_rows_and_manifest_cannot_change_public_frozen_candidate) ... ok
test_missing_error_soft_targets_and_probability_rounding_are_separate (test_provider_quality.QualityTest.test_missing_error_soft_targets_and_probability_rounding_are_separate) ... ok
test_gold_and_metadata_excluded_and_all_forms_roundtrip (test_provider_suite.ProviderSuiteTest.test_gold_and_metadata_excluded_and_all_forms_roundtrip) ... ok
test_file_split_mismatch_fails_before_writing (test_public_data.MixDataTests.test_file_split_mismatch_fails_before_writing) ... ok
test_mixed_counts_and_metadata_validate (test_public_data.MixDataTests.test_mixed_counts_and_metadata_validate) ... ok
test_identical_inputs_with_conflicting_labels_fail (test_public_data.PublicDataTests.test_identical_inputs_with_conflicting_labels_fail) ... ok
test_passage_group_isolation_and_import_provenance (test_public_data.PublicDataTests.test_passage_group_isolation_and_import_provenance) ... ok
test_all_public_examples_compile_without_generation (test_recipes.RecipesTest.test_all_public_examples_compile_without_generation) ... ok
test_date_reference_rollover_and_invalid_dates (test_recipes.RecipesTest.test_date_reference_rollover_and_invalid_dates) ... ok
test_extraction_is_verbatim_and_missing_value_stays_missing (test_recipes.RecipesTest.test_extraction_is_verbatim_and_missing_value_stays_missing) ... ok
test_markdown_preserves_code_with_fences (test_recipes.RecipesTest.test_markdown_preserves_code_with_fences) ... ok
test_multiline_quote_and_list_retain_structure (test_recipes.RecipesTest.test_multiline_quote_and_list_retain_structure) ... ok
test_speculative_tool_args_are_not_executed_or_mixed (test_recipes.RecipesTest.test_speculative_tool_args_are_not_executed_or_mixed) ... ok
test_tool_key_collisions_and_reserved_candidates_rejected (test_recipes.RecipesTest.test_tool_key_collisions_and_reserved_candidates_rejected) ... ok
test_calibration_fit_matches_analytic_binary_maximum_likelihood (test_replay_boundary_comparison_v7.IndependentArithmeticAndAlignmentTests.test_calibration_fit_matches_analytic_binary_maximum_likelihood) ... ok
test_empty_partial_duplicate_failed_hash_order_target_and_logit_tampering (test_replay_boundary_comparison_v7.IndependentArithmeticAndAlignmentTests.test_empty_partial_duplicate_failed_hash_order_target_and_logit_tampering) ... ok
test_inclusive_thresholds_and_adjacent_floats (test_replay_boundary_comparison_v7.IndependentArithmeticAndAlignmentTests.test_inclusive_thresholds_and_adjacent_floats) ... ok
test_invalid_probability_inputs_and_structured_evidence_comparison (test_replay_boundary_comparison_v7.IndependentArithmeticAndAlignmentTests.test_invalid_probability_inputs_and_structured_evidence_comparison) ... ok
test_metrics_have_hand_computed_nll_brier_ece_and_abstention_denominators (test_replay_boundary_comparison_v7.IndependentArithmeticAndAlignmentTests.test_metrics_have_hand_computed_nll_brier_ece_and_abstention_denominators) ... ok
test_wrong_accepted_predicates_at_both_thresholds_are_not_execution (test_replay_boundary_comparison_v7.IndependentArithmeticAndAlignmentTests.test_wrong_accepted_predicates_at_both_thresholds_are_not_execution) ... ok
test_bare_prefixed_case_variants_match_without_changing_raw_evidence (test_replay_boundary_comparison_v7.IndependentGpuRuntimeTests.test_bare_prefixed_case_variants_match_without_changing_raw_evidence) ... ok
test_full_uuid_accepts_only_optional_exact_prefix_and_hex_case (test_replay_boundary_comparison_v7.IndependentGpuRuntimeTests.test_full_uuid_accepts_only_optional_exact_prefix_and_hex_case) ... ok
test_malformed_mig_ordinals_lists_and_nonstrings_are_rejected (test_replay_boundary_comparison_v7.IndependentGpuRuntimeTests.test_malformed_mig_ordinals_lists_and_nonstrings_are_rejected) ... ok
test_other_runtime_fields_are_exact_including_tiny_changes_and_types (test_replay_boundary_comparison_v7.IndependentGpuRuntimeTests.test_other_runtime_fields_are_exact_including_tiny_changes_and_types) ... ok
test_real_different_device_and_invalid_recorded_identifiers_are_rejected (test_replay_boundary_comparison_v7.IndependentGpuRuntimeTests.test_real_different_device_and_invalid_recorded_identifiers_are_rejected) ... ok
test_visible_devices_stays_exact_original_receipt (test_replay_boundary_comparison_v7.IndependentGpuRuntimeTests.test_visible_devices_stays_exact_original_receipt) ... ok
test_absolute_interval_endpoints_exception_and_gregorian_centuries (test_replay_boundary_comparison_v7.IndependentOutcomeTests.test_absolute_interval_endpoints_exception_and_gregorian_centuries) ... ok
test_dangerous_choice_uses_actual_state_without_a_confidence_cutoff (test_replay_boundary_comparison_v7.IndependentOutcomeTests.test_dangerous_choice_uses_actual_state_without_a_confidence_cutoff) ... ok
test_integer_ledgers_negative_formatting_and_cancellation (test_replay_boundary_comparison_v7.IndependentOutcomeTests.test_integer_ledgers_negative_formatting_and_cancellation) ... ok
test_joint_exact_scope_missing_role_and_revoke_precedence (test_replay_boundary_comparison_v7.IndependentOutcomeTests.test_joint_exact_scope_missing_role_and_revoke_precedence) ... ok
test_joint_regrant_capacity_equality_lowering_and_legacy_outer_scope (test_replay_boundary_comparison_v7.IndependentOutcomeTests.test_joint_regrant_capacity_equality_lowering_and_legacy_outer_scope) ... ok
test_policy_authority_withdrawal_fraud_and_limit_priority (test_replay_boundary_comparison_v7.IndependentOutcomeTests.test_policy_authority_withdrawal_fraud_and_limit_priority) ... ok
test_structural_role_labels_separate_missing_scope_from_other_role_noise (test_replay_boundary_comparison_v7.IndependentOutcomeTests.test_structural_role_labels_separate_missing_scope_from_other_role_noise) ... ok
test_five_serving_files_have_exact_profile_and_positive_temperature (test_replay_boundary_comparison_v7.IndependentPackageProofTests.test_five_serving_files_have_exact_profile_and_positive_temperature) ... ok
test_missing_fourth_new_source_replay_is_rejected_before_git (test_replay_boundary_comparison_v7.IndependentPackageProofTests.test_missing_fourth_new_source_replay_is_rejected_before_git) ... ok
test_optional_peft_readme_preserves_serving_identity_but_changes_full_proof (test_replay_boundary_comparison_v7.IndependentPackageProofTests.test_optional_peft_readme_preserves_serving_identity_but_changes_full_proof) ... ok
test_optional_readme_cannot_replace_missing_serving_or_allow_an_extra_file (test_replay_boundary_comparison_v7.IndependentPackageProofTests.test_optional_readme_cannot_replace_missing_serving_or_allow_an_extra_file) ... ok
test_profile_and_temperature_tampering_are_rejected (test_replay_boundary_comparison_v7.IndependentPackageProofTests.test_profile_and_temperature_tampering_are_rejected) ... ok
test_complete_offline_provenance_replays_without_live_processes_or_rewriting_origin (test_replay_boundary_comparison_v7.IndependentSupplementProvenanceTests.test_complete_offline_provenance_replays_without_live_processes_or_rewriting_origin) ... ok
test_consumed_s1_identity_cannot_be_reused_for_new_supplement (test_replay_boundary_comparison_v7.IndependentSupplementProvenanceTests.test_consumed_s1_identity_cannot_be_reused_for_new_supplement) ... ok
test_declaration_source_plan_checkpoint_device_and_hash_tampering_are_rejected (test_replay_boundary_comparison_v7.IndependentSupplementProvenanceTests.test_declaration_source_plan_checkpoint_device_and_hash_tampering_are_rejected) ... ok
test_failed_origin_code_inventory_or_added_prediction_cannot_be_replaced (test_replay_boundary_comparison_v7.IndependentSupplementProvenanceTests.test_failed_origin_code_inventory_or_added_prediction_cannot_be_replaced) ... ok
test_final_launch_verification_seals_both_query_time_boundaries_and_timezone (test_replay_boundary_comparison_v7.IndependentSupplementProvenanceTests.test_final_launch_verification_seals_both_query_time_boundaries_and_timezone) ... ok
test_foreign_source_checkout_cannot_replace_exact_nested_evaluation_source (test_replay_boundary_comparison_v7.IndependentSupplementProvenanceTests.test_foreign_source_checkout_cannot_replace_exact_nested_evaluation_source) ... ok
test_metadata_types_guard_aliases_and_timezone_are_strict_without_live_checks (test_replay_boundary_comparison_v7.IndependentSupplementProvenanceTests.test_metadata_types_guard_aliases_and_timezone_are_strict_without_live_checks) ... ok
test_missing_naive_invalid_future_or_query_expired_final_verification_is_rejected (test_replay_boundary_comparison_v7.IndependentSupplementProvenanceTests.test_missing_naive_invalid_future_or_query_expired_final_verification_is_rejected) ... ok
test_nested_source_symlink_cannot_escape_to_foreign_checkout (test_replay_boundary_comparison_v7.IndependentSupplementProvenanceTests.test_nested_source_symlink_cannot_escape_to_foreign_checkout) ... ok
test_nested_task_still_rejects_both_directions_of_preserved_evidence_overlap (test_replay_boundary_comparison_v7.IndependentSupplementProvenanceTests.test_nested_task_still_rejects_both_directions_of_preserved_evidence_overlap) ... ok
test_new_attempt_plan_resource_and_preflight_cannot_be_bypassed (test_replay_boundary_comparison_v7.IndependentSupplementProvenanceTests.test_new_attempt_plan_resource_and_preflight_cannot_be_bypassed) ... ok
test_optional_cli_and_locked_provenance_cannot_bypass_ordinary_binding (test_replay_boundary_comparison_v7.IndependentSupplementProvenanceTests.test_optional_cli_and_locked_provenance_cannot_bypass_ordinary_binding) ... ok
test_original_receipt_request_bytes_and_output_tampering_are_rejected (test_replay_boundary_comparison_v7.IndependentSupplementProvenanceTests.test_original_receipt_request_bytes_and_output_tampering_are_rejected) ... ok
test_original_restoration_requires_full_true_checks_and_all_owned_exits (test_replay_boundary_comparison_v7.IndependentSupplementProvenanceTests.test_original_restoration_requires_full_true_checks_and_all_owned_exits) ... ok
test_resource_lock_raw_hash_completion_and_committed_declaration_are_required (test_replay_boundary_comparison_v7.IndependentSupplementProvenanceTests.test_resource_lock_raw_hash_completion_and_committed_declaration_are_required) ... ok
test_reviewed_controller_command_cwd_and_persisted_launch_freshness (test_replay_boundary_comparison_v7.IndependentSupplementProvenanceTests.test_reviewed_controller_command_cwd_and_persisted_launch_freshness) ... ok
test_all_eight_portable_slices_and_actual_observed_denominators (test_replay_boundary_comparison_v7.IndependentWholeComparisonTests.test_all_eight_portable_slices_and_actual_observed_denominators) ... ok
test_family_coverage_31_vs_32_all_abstain_and_single_accepted_error (test_replay_boundary_comparison_v7.IndependentWholeComparisonTests.test_family_coverage_31_vs_32_all_abstain_and_single_accepted_error) ... ok
test_observed_conservative_errors_cannot_bypass_safety_checks (test_replay_boundary_comparison_v7.IndependentWholeComparisonTests.test_observed_conservative_errors_cannot_bypass_safety_checks) ... ok
test_paired_transitions_conserve_rows_and_report_every_regression (test_replay_boundary_comparison_v7.IndependentWholeComparisonTests.test_paired_transitions_conserve_rows_and_report_every_regression) ... ok
test_alignment_detects_content_sequence_logits_and_memory (test_replay_frontier_comparison_v8.ReplayTests.test_alignment_detects_content_sequence_logits_and_memory) ... ok
test_calibration_fit_has_known_optimum_and_split_guard (test_replay_frontier_comparison_v8.ReplayTests.test_calibration_fit_has_known_optimum_and_split_guard) ... ok
test_checkpoint_base_and_adapter_contract (test_replay_frontier_comparison_v8.ReplayTests.test_checkpoint_base_and_adapter_contract) ... ok
test_completed_training_and_unicode_calibration_provenance (test_replay_frontier_comparison_v8.ReplayTests.test_completed_training_and_unicode_calibration_provenance) ... ok
test_completed_training_rejects_claimed_error_and_nonmonotonic_steps (test_replay_frontier_comparison_v8.ReplayTests.test_completed_training_rejects_claimed_error_and_nonmonotonic_steps) ... ok
test_failed_exclusive_replay_remains_consumed (test_replay_frontier_comparison_v8.ReplayTests.test_failed_exclusive_replay_remains_consumed) ... ok
test_inclusive_predicate_and_ties (test_replay_frontier_comparison_v8.ReplayTests.test_inclusive_predicate_and_ties) ... ok
test_inventory_rejects_symlink_fifo_and_unexpected_sources (test_replay_frontier_comparison_v8.ReplayTests.test_inventory_rejects_symlink_fifo_and_unexpected_sources) ... ok
test_known_brier_nll_ece_and_empty (test_replay_frontier_comparison_v8.ReplayTests.test_known_brier_nll_ece_and_empty) ... ok
test_no_model_or_comparator_import_in_independent_replay (test_replay_frontier_comparison_v8.ReplayTests.test_no_model_or_comparator_import_in_independent_replay) ... ok
test_paired_regressions_fixes_and_threshold_changes (test_replay_frontier_comparison_v8.ReplayTests.test_paired_regressions_fixes_and_threshold_changes) ... ok
test_plan_rejects_changed_safety_temperature_runtime_and_timing (test_replay_frontier_comparison_v8.ReplayTests.test_plan_rejects_changed_safety_temperature_runtime_and_timing) ... ok
test_source_freeze_rejects_dirty_tree_and_scrubs_git_environment (test_replay_frontier_comparison_v8.ReplayTests.test_source_freeze_rejects_dirty_tree_and_scrubs_git_environment) ... ok
test_strict_json_nonfinite_and_duplicate_keys (test_replay_frontier_comparison_v8.ReplayTests.test_strict_json_nonfinite_and_duplicate_keys) ... ok
test_timing_keeps_cold_outlier_and_nearest_rank (test_replay_frontier_comparison_v8.ReplayTests.test_timing_keeps_cold_outlier_and_nearest_rank) ... ok
test_consumed_s1_identity_cannot_be_reused_for_new_supplement (test_run_boundary_comparison_supplement_v7.ComparisonSupplementTests.test_consumed_s1_identity_cannot_be_reused_for_new_supplement) ... ok
test_declaration_and_origin_identity_cannot_be_silently_changed (test_run_boundary_comparison_supplement_v7.ComparisonSupplementTests.test_declaration_and_origin_identity_cannot_be_silently_changed) ... ok
test_direct_comparator_cannot_skip_preflight_package_or_restoration_guard (test_run_boundary_comparison_supplement_v7.ComparisonSupplementTests.test_direct_comparator_cannot_skip_preflight_package_or_restoration_guard) ... ok
test_exclusive_fsynced_lock_cannot_be_overwritten (test_run_boundary_comparison_supplement_v7.ComparisonSupplementTests.test_exclusive_fsynced_lock_cannot_be_overwritten) ... ok
test_gpu_queries_cannot_expire_resource_or_hide_lost_controller (test_run_boundary_comparison_supplement_v7.ComparisonSupplementTests.test_gpu_queries_cannot_expire_resource_or_hide_lost_controller) ... ok
test_incomplete_restoration_and_live_process_rejected_even_if_rehashed (test_run_boundary_comparison_supplement_v7.ComparisonSupplementTests.test_incomplete_restoration_and_live_process_rejected_even_if_rehashed) ... ok
test_input_hardware_runtime_and_output_overrides_refused (test_run_boundary_comparison_supplement_v7.ComparisonSupplementTests.test_input_hardware_runtime_and_output_overrides_refused) ... ok
test_launch_requires_current_process_new_session_lock_and_live_resource (test_run_boundary_comparison_supplement_v7.ComparisonSupplementTests.test_launch_requires_current_process_new_session_lock_and_live_resource) ... ok
test_new_task_disjoint_from_original_task_dataset_and_checkpoint (test_run_boundary_comparison_supplement_v7.ComparisonSupplementTests.test_new_task_disjoint_from_original_task_dataset_and_checkpoint) ... ok
test_origin_bytes_or_extra_predictions_fail (test_run_boundary_comparison_supplement_v7.ComparisonSupplementTests.test_origin_bytes_or_extra_predictions_fail) ... ok
test_origin_preserved_and_cpu_provenance_complete (test_run_boundary_comparison_supplement_v7.ComparisonSupplementTests.test_origin_preserved_and_cpu_provenance_complete) ... ok
test_resource_failure_cannot_be_bypassed (test_run_boundary_comparison_supplement_v7.ComparisonSupplementTests.test_resource_failure_cannot_be_bypassed) ... ok
test_restoration_guard_cannot_alias_controller_or_driver (test_run_boundary_comparison_supplement_v7.ComparisonSupplementTests.test_restoration_guard_cannot_alias_controller_or_driver) ... ok
test_source_requires_exact_canonical_nested_layout (test_run_boundary_comparison_supplement_v7.ComparisonSupplementTests.test_source_requires_exact_canonical_nested_layout) ... ok
test_source_symlink_and_resolved_external_target_rejected (test_run_boundary_comparison_supplement_v7.ComparisonSupplementTests.test_source_symlink_and_resolved_external_target_rejected) ... ok
test_attempt_receipt_cannot_be_overwritten (test_run_boundary_training_v7.PathAndAttemptTests.test_attempt_receipt_cannot_be_overwritten) ... ok
test_complete_steps_and_finite_fields_required_without_resume_snapshot (test_run_boundary_training_v7.PathAndAttemptTests.test_complete_steps_and_finite_fields_required_without_resume_snapshot) ... ok
test_duplicate_driver_refusal_does_not_relabel_prior_attempt_as_failure (test_run_boundary_training_v7.PathAndAttemptTests.test_duplicate_driver_refusal_does_not_relabel_prior_attempt_as_failure) ... ok
test_refuse_existing_output_nested_input_parent_and_placeholder (test_run_boundary_training_v7.PathAndAttemptTests.test_refuse_existing_output_nested_input_parent_and_placeholder) ... ok
test_translation_changes_only_three_paths_and_preserves_frozen_plan (test_run_boundary_training_v7.PathAndAttemptTests.test_translation_changes_only_three_paths_and_preserves_frozen_plan) ... ok
test_stale_proof_guard_birth_compute_process_and_busy_gpu_are_refused (test_run_boundary_training_v7.ResourceProofTests.test_stale_proof_guard_birth_compute_process_and_busy_gpu_are_refused) ... ok
test_data_runtime_stage_and_base_tampering_refused_before_model (test_run_boundary_training_v7.StagingTests.test_data_runtime_stage_and_base_tampering_refused_before_model) ... ok
test_edited_or_live_trainer_refused_before_data_checkpoint_and_runtime_staging (test_run_boundary_training_v7.StagingTests.test_edited_or_live_trainer_refused_before_data_checkpoint_and_runtime_staging) ... ok
test_old_attempt_cannot_reenter_preflight (test_run_boundary_training_v7.StagingTests.test_old_attempt_cannot_reenter_preflight) ... ok
test_real_frozen_data_preflight_without_gpu_acquisition (test_run_boundary_training_v7.StagingTests.test_real_frozen_data_preflight_without_gpu_acquisition) ... ok
test_attempt_is_consumed_even_when_preflight_fails (test_run_frontier_training_v8.DriverFixtures.test_attempt_is_consumed_even_when_preflight_fails) ... ok
test_changed_calibration_labels_initial_identity_reload_or_phase_rejected (test_run_frontier_training_v8.DriverFixtures.test_changed_calibration_labels_initial_identity_reload_or_phase_rejected) ... ok
test_changed_data_checkpoint_and_base_rejected (test_run_frontier_training_v8.DriverFixtures.test_changed_data_checkpoint_and_base_rejected) ... ok
test_changed_plan_or_freeze_bytes_rejected (test_run_frontier_training_v8.DriverFixtures.test_changed_plan_or_freeze_bytes_rejected) ... ok
test_complete_read_only_preflight_and_exact_deferred_command (test_run_frontier_training_v8.DriverFixtures.test_complete_read_only_preflight_and_exact_deferred_command) ... ok
test_dirty_source_and_different_commit_rejected (test_run_frontier_training_v8.DriverFixtures.test_dirty_source_and_different_commit_rejected) ... ok
test_git_environment_cannot_redirect_source (test_run_frontier_training_v8.DriverFixtures.test_git_environment_cannot_redirect_source) ... ok
test_hf_link_must_remain_inside_declared_cache (test_run_frontier_training_v8.DriverFixtures.test_hf_link_must_remain_inside_declared_cache) ... ok
test_incomplete_final_checkpoint_and_special_journal_rejected (test_run_frontier_training_v8.DriverFixtures.test_incomplete_final_checkpoint_and_special_journal_rejected) ... ok
test_incomplete_nonfinite_or_nonmonotonic_optimizer_steps_rejected (test_run_frontier_training_v8.DriverFixtures.test_incomplete_nonfinite_or_nonmonotonic_optimizer_steps_rejected) ... ok
test_old_attempt_protected_node_placeholder_overlap_and_existing_outputs_refused (test_run_frontier_training_v8.DriverFixtures.test_old_attempt_protected_node_placeholder_overlap_and_existing_outputs_refused) ... ok
test_real_trainer_journal_shape_without_options_is_supported (test_run_frontier_training_v8.DriverFixtures.test_real_trainer_journal_shape_without_options_is_supported) ... ok
test_reserved_files_are_never_parsed (test_run_frontier_training_v8.DriverFixtures.test_reserved_files_are_never_parsed) ... ok
test_resource_receipt_flag_cannot_unlock_execution (test_run_frontier_training_v8.DriverFixtures.test_resource_receipt_flag_cannot_unlock_execution) ... ok
test_runtime_lock_platform_or_stage_mutation_rejected (test_run_frontier_training_v8.DriverFixtures.test_runtime_lock_platform_or_stage_mutation_rejected) ... ok
test_runtime_version_or_position_shadowing_rejected (test_run_frontier_training_v8.DriverFixtures.test_runtime_version_or_position_shadowing_rejected) ... ok
test_source_inventory_cannot_claim_other_bytes (test_run_frontier_training_v8.DriverFixtures.test_source_inventory_cannot_claim_other_bytes) ... ok
test_special_manifest_or_plan_rejected_before_open (test_run_frontier_training_v8.DriverFixtures.test_special_manifest_or_plan_rejected_before_open) ... ok
test_symlink_and_special_dataset_leaf_rejected (test_run_frontier_training_v8.DriverFixtures.test_symlink_and_special_dataset_leaf_rejected) ... ok
test_bad_temperature (test_service_suite.ServiceSuiteTests.test_bad_temperature) ... ok
test_binding_policy_cannot_override_hostname_or_training_card (test_service_suite.ServiceSuiteTests.test_binding_policy_cannot_override_hostname_or_training_card) ... ok
test_browser_only_passes_checkpoint_identity_without_workflow_input (test_service_suite.ServiceSuiteTests.test_browser_only_passes_checkpoint_identity_without_workflow_input) ... ok
test_cli_guard_before_gpu_and_children (test_service_suite.ServiceSuiteTests.test_cli_guard_before_gpu_and_children) ... ok
test_command_workloads (test_service_suite.ServiceSuiteTests.test_command_workloads) ... ok
test_control_commands_pin_full_identity_and_complete_splits (test_service_suite.ServiceSuiteTests.test_control_commands_pin_full_identity_and_complete_splits) ... ok
test_control_preflight_failure_precedes_output_gpu_and_subprocesses (test_service_suite.ServiceSuiteTests.test_control_preflight_failure_precedes_output_gpu_and_subprocesses) ... ok
test_control_preflight_is_opt_in_and_uses_existing_frozen_loaders (test_service_suite.ServiceSuiteTests.test_control_preflight_is_opt_in_and_uses_existing_frozen_loaders) ... ok
test_controls_run_serially_retain_failures_and_clean_each_server (test_service_suite.ServiceSuiteTests.test_controls_run_serially_retain_failures_and_clean_each_server) ... ok
test_drone_only_pins_identity_and_keeps_gpu_cleanup (test_service_suite.ServiceSuiteTests.test_drone_only_pins_identity_and_keeps_gpu_cleanup) ... ok
test_existing_measurement_logs_not_overwritten (test_service_suite.ServiceSuiteTests.test_existing_measurement_logs_not_overwritten) ... ok
test_fatal_provider_collection_retains_summary_then_cleans_without_probe (test_service_suite.ServiceSuiteTests.test_fatal_provider_collection_retains_summary_then_cleans_without_probe) ... ok
test_frontier_only_runs_all_three_checkpoints_without_workflow_input (test_service_suite.ServiceSuiteTests.test_frontier_only_runs_all_three_checkpoints_without_workflow_input) ... ok
test_gpu_selection_and_busy_rejection (test_service_suite.ServiceSuiteTests.test_gpu_selection_and_busy_rejection) ... ok
test_hash_and_wrong_model (test_service_suite.ServiceSuiteTests.test_hash_and_wrong_model) ... ok
test_identity_mismatch_stops_and_cleans_server (test_service_suite.ServiceSuiteTests.test_identity_mismatch_stops_and_cleans_server) ... ok
test_larger_capacity_reaches_every_server_and_identity (test_service_suite.ServiceSuiteTests.test_larger_capacity_reaches_every_server_and_identity) ... ok
test_measurement_exit_and_live_pid_record (test_service_suite.ServiceSuiteTests.test_measurement_exit_and_live_pid_record) ... ok
test_measurement_interrupt_recorded_and_reaped (test_service_suite.ServiceSuiteTests.test_measurement_interrupt_recorded_and_reaped) ... ok
test_measurement_timeout_reaps_own_child (test_service_suite.ServiceSuiteTests.test_measurement_timeout_reaps_own_child) ... ok
test_missing_browser_cases_rejected_before_gpu_or_spawn (test_service_suite.ServiceSuiteTests.test_missing_browser_cases_rejected_before_gpu_or_spawn) ... ok
test_missing_drone_cases_rejected_before_gpu_or_spawn (test_service_suite.ServiceSuiteTests.test_missing_drone_cases_rejected_before_gpu_or_spawn) ... ok
test_nan_timeout_rejected_on_authorized_host (test_service_suite.ServiceSuiteTests.test_nan_timeout_rejected_on_authorized_host) ... ok
test_nonpositive_server_capacity_rejected_before_gpu_or_spawn (test_service_suite.ServiceSuiteTests.test_nonpositive_server_capacity_rejected_before_gpu_or_spawn) ... ok
test_probe_rejects_changed_identity_and_invalid_probability (test_service_suite.ServiceSuiteTests.test_probe_rejects_changed_identity_and_invalid_probability) ... ok
test_provider_commands_keep_gold_out_of_inference_and_pin_identity (test_service_suite.ServiceSuiteTests.test_provider_commands_keep_gold_out_of_inference_and_pin_identity) ... ok
test_provider_preflight_pins_manifests_files_and_gold_alignment (test_service_suite.ServiceSuiteTests.test_provider_preflight_pins_manifests_files_and_gold_alignment) ... ok
test_provider_preflight_rejection_precedes_output_gpu_and_children (test_service_suite.ServiceSuiteTests.test_provider_preflight_rejection_precedes_output_gpu_and_children) ... ok
test_provider_quality_runs_all_five_suites_before_releasing_each_model (test_service_suite.ServiceSuiteTests.test_provider_quality_runs_all_five_suites_before_releasing_each_model) ... ok
test_provider_raw_binding_preserves_types_order_and_strict_decoding (test_service_suite.ServiceSuiteTests.test_provider_raw_binding_preserves_types_order_and_strict_decoding) ... ok
test_provider_summary_rechecks_raw_identity_and_retains_partial_denominator (test_service_suite.ServiceSuiteTests.test_provider_summary_rechecks_raw_identity_and_retains_partial_denominator) ... ok
test_readiness_requires_own_log (test_service_suite.ServiceSuiteTests.test_readiness_requires_own_log) ... ok
test_repeated_or_unknown_model_rejected_before_gpu_or_spawn (test_service_suite.ServiceSuiteTests.test_repeated_or_unknown_model_rejected_before_gpu_or_spawn) ... ok
test_selected_checkpoint_does_not_require_other_model_files (test_service_suite.ServiceSuiteTests.test_selected_checkpoint_does_not_require_other_model_files) ... ok
test_stopped_trec_retains_summary_and_cleans_before_any_next_probe (test_service_suite.ServiceSuiteTests.test_stopped_trec_retains_summary_and_cleans_before_any_next_probe) ... ok
test_three_models_serial_semantic_failure_continues_latency_last (test_service_suite.ServiceSuiteTests.test_three_models_serial_semantic_failure_continues_latency_last) ... ok
test_trec_commands_pin_identity_and_never_pass_qrels (test_service_suite.ServiceSuiteTests.test_trec_commands_pin_identity_and_never_pass_qrels) ... ok
test_trec_inputs_and_outputs_cannot_enter_training_tree (test_service_suite.ServiceSuiteTests.test_trec_inputs_and_outputs_cannot_enter_training_tree) ... ok
test_trec_models_are_serial_and_failed_queries_keep_cleanup (test_service_suite.ServiceSuiteTests.test_trec_models_are_serial_and_failed_queries_keep_cleanup) ... ok
test_trec_preflight_bad_hashes_precede_output_gpu_and_children (test_service_suite.ServiceSuiteTests.test_trec_preflight_bad_hashes_precede_output_gpu_and_children) ... ok
test_trec_preflight_is_opt_in_and_binds_full_input_and_qrels (test_service_suite.ServiceSuiteTests.test_trec_preflight_is_opt_in_and_binds_full_input_and_qrels) ... ok
test_trec_rejected_audit_cleans_before_any_next_probe (test_service_suite.ServiceSuiteTests.test_trec_rejected_audit_cleans_before_any_next_probe) ... ok
test_trec_summary_requires_settled_identity_and_offline_audit (test_service_suite.ServiceSuiteTests.test_trec_summary_requires_settled_identity_and_offline_audit) ... ok
test_typed_doom_mode_reaches_game_evaluator (test_service_suite.ServiceSuiteTests.test_typed_doom_mode_reaches_game_evaluator) ... ok
test_ambiguous_json_is_rejected (test_serving.ServingTest.test_ambiguous_json_is_rejected) ... ok
test_chunked_choice_is_normalized_after_reassembly (test_serving.ServingTest.test_chunked_choice_is_normalized_after_reassembly) ... ok
test_http_client_official_route_and_errors (test_serving.ServingTest.test_http_client_official_route_and_errors) ... ok
test_http_inventory_lists_requests_and_keeps_artifacts_fetchable (test_serving.ServingTest.test_http_inventory_lists_requests_and_keeps_artifacts_fetchable) ... ok
test_invalid_backend_cannot_return_fake_answers (test_serving.ServingTest.test_invalid_backend_cannot_return_fake_answers) ... ok
test_limits_and_unknown_models_fail_before_backend (test_serving.ServingTest.test_limits_and_unknown_models_fail_before_backend) ... ok
test_all_variants_derive_labels_from_body_in_every_layout (test_silent_failure_data.SilentFailureBodyTest.test_all_variants_derive_labels_from_body_in_every_layout) ... ok
test_ambiguous_unknown_and_duplicate_grammar_is_rejected (test_silent_failure_data.SilentFailureBodyTest.test_ambiguous_unknown_and_duplicate_grammar_is_rejected) ... ok
test_current_counts_override_historical_counts (test_silent_failure_data.SilentFailureBodyTest.test_current_counts_override_historical_counts) ... ok
test_current_history_swap_flips_label_but_order_does_not (test_silent_failure_data.SilentFailureBodyTest.test_current_history_swap_flips_label_but_order_does_not) ... ok
test_empty_search_and_required_empty_receipt_have_different_meanings (test_silent_failure_data.SilentFailureBodyTest.test_empty_search_and_required_empty_receipt_have_different_meanings) ... ok
test_json_order_whitespace_and_html_current_document_pairs (test_silent_failure_data.SilentFailureBodyTest.test_json_order_whitespace_and_html_current_document_pairs) ... ok
test_metadata_and_targets_never_enter_model_prompt (test_silent_failure_data.SilentFailureBodyTest.test_metadata_and_targets_never_enter_model_prompt) ... ok
test_numeric_text_boundary_from_visible_requirement (test_silent_failure_data.SilentFailureBodyTest.test_numeric_text_boundary_from_visible_requirement) ... ok
test_partial_permission_alone_changes_result_and_pending_job_is_valid (test_silent_failure_data.SilentFailureBodyTest.test_partial_permission_alone_changes_result_and_pending_job_is_valid) ... ok
test_quoted_error_and_archived_debug_text_are_not_current_failure (test_silent_failure_data.SilentFailureBodyTest.test_quoted_error_and_archived_debug_text_are_not_current_failure) ... ok
test_runtime_preserves_original_body_and_single_noul (test_silent_failure_data.SilentFailureBodyTest.test_runtime_preserves_original_body_and_single_noul) ... ok
test_audit_counts_pair_isolation_and_byte_determinism (test_silent_failure_data.SilentFailureCorpusTest.test_audit_counts_pair_isolation_and_byte_determinism) ... ok
test_body_only_runtime_contract_rejects_status_wrapper (test_silent_failure_data.SilentFailureCorpusTest.test_body_only_runtime_contract_rejects_status_wrapper) ... ok
test_counterfactual_cannot_cross_split (test_silent_failure_data.SilentFailureCorpusTest.test_counterfactual_cannot_cross_split) ... ok
test_existing_output_symlink_and_bad_sizes_rejected (test_silent_failure_data.SilentFailureCorpusTest.test_existing_output_symlink_and_bad_sizes_rejected) ... ok
test_label_tamper_after_rehash_still_fails_semantic_audit (test_silent_failure_data.SilentFailureCorpusTest.test_label_tamper_after_rehash_still_fails_semantic_audit) ... ok
test_source_and_data_hashes_are_checked (test_silent_failure_data.SilentFailureCorpusTest.test_source_and_data_hashes_are_checked) ... ok
test_changed_derivative_is_rejected_before_curation (test_site_display_media.ApprovedSiteMediaTests.test_changed_derivative_is_rejected_before_curation) ... ok
test_curation_retains_phone_derivatives_in_temporary_site (test_site_display_media.ApprovedSiteMediaTests.test_curation_retains_phone_derivatives_in_temporary_site) ... ok
test_derivatives_are_not_kept_when_phone_item_is_not_selected (test_site_display_media.ApprovedSiteMediaTests.test_derivatives_are_not_kept_when_phone_item_is_not_selected) ... ok
test_manifest_cannot_approve_an_unexpected_path (test_site_display_media.ApprovedSiteMediaTests.test_manifest_cannot_approve_an_unexpected_path) ... ok
test_selected_phone_item_keeps_exact_manifest_backed_derivatives (test_site_display_media.ApprovedSiteMediaTests.test_selected_phone_item_keeps_exact_manifest_backed_derivatives) ... ok
test_windows_text_line_endings_match_manifest_hashes (test_site_display_media.ApprovedSiteMediaTests.test_windows_text_line_endings_match_manifest_hashes) ... ok
test_blank_instructions_and_invalid_categories_never_reach_fixture (test_space_app.SpaceHTTPTest.test_blank_instructions_and_invalid_categories_never_reach_fixture) ... ok
test_busy_rejects_second_request_while_health_works (test_space_app.SpaceHTTPTest.test_busy_rejects_second_request_while_health_works) ... ok
test_canonical_page_assets_and_developer_link (test_space_app.SpaceHTTPTest.test_canonical_page_assets_and_developer_link) ... ok
test_errors_do_not_echo_input_or_raw_exception (test_space_app.SpaceHTTPTest.test_errors_do_not_echo_input_or_raw_exception) ... ok
test_loading_and_error_do_not_claim_ready_or_infer (test_space_app.SpaceHTTPTest.test_loading_and_error_do_not_claim_ready_or_infer) ... ok
test_plain_category_names_reach_fixture (test_space_app.SpaceHTTPTest.test_plain_category_names_reach_fixture) ... ok
test_request_limits_and_origin_guard (test_space_app.SpaceHTTPTest.test_request_limits_and_origin_guard) ... ok
test_financial_evidence_and_ownership_counterexamples (test_sponsor_segments.SponsorSegmentTest.test_financial_evidence_and_ownership_counterexamples) ... ok
test_generated_contract_and_labels (test_sponsor_segments.SponsorSegmentTest.test_generated_contract_and_labels) ... ok
test_marker_timestamp_and_neighbour_not_label_oracle (test_sponsor_segments.SponsorSegmentTest.test_marker_timestamp_and_neighbour_not_label_oracle) ... ok
test_persisted_audit_and_rehashed_bad_target (test_sponsor_segments.SponsorSegmentTest.test_persisted_audit_and_rehashed_bad_target) ... ok
test_shared_context_brand_identity_and_manifest_count_checks (test_sponsor_segments.SponsorSegmentTest.test_shared_context_brand_identity_and_manifest_count_checks) ... ok
test_counterfactuals_change_exactly_the_visible_requested_metric (test_sql_semantics_v3.SQLSemanticsV3Test.test_counterfactuals_change_exactly_the_visible_requested_metric) ... ok
test_database_and_structural_families_are_split_disjoint (test_sql_semantics_v3.SQLSemanticsV3Test.test_database_and_structural_families_are_split_disjoint) ... ok
test_equal_answers_are_not_mislabeled_as_negatives (test_sql_semantics_v3.SQLSemanticsV3Test.test_equal_answers_are_not_mislabeled_as_negatives) ... ok
test_full_layout_smoke_independent_sqlite_replay (test_sql_semantics_v3.SQLSemanticsV3Test.test_full_layout_smoke_independent_sqlite_replay) ... ok
test_halfway_rounding_matches_stated_business_rule (test_sql_semantics_v3.SQLSemanticsV3Test.test_halfway_rounding_matches_stated_business_rule) ... ok
test_hand_calculated_fixtures_cover_every_business_operator (test_sql_semantics_v3.SQLSemanticsV3Test.test_hand_calculated_fixtures_cover_every_business_operator) ... ok
test_label_result_and_visible_data_tampering_are_detected (test_sql_semantics_v3.SQLSemanticsV3Test.test_label_result_and_visible_data_tampering_are_detected) ... ok
test_metadata_never_determines_answer_and_no_results_in_inputs (test_sql_semantics_v3.SQLSemanticsV3Test.test_metadata_never_determines_answer_and_no_results_in_inputs) ... ok
test_reproducible_no_input_files_and_non_overwriting_build (test_sql_semantics_v3.SQLSemanticsV3Test.test_reproducible_no_input_files_and_non_overwriting_build) ... ok
test_syntax_errors_writes_and_multiple_statements_are_rejected (test_sql_semantics_v3.SQLSemanticsV3Test.test_syntax_errors_writes_and_multiple_statements_are_rejected) ... ok
test_named_human_can_finish_no_route_without_forcing_a_catalog_label (test_support_routing.SupportRoutingTests.test_named_human_can_finish_no_route_without_forcing_a_catalog_label) ... ok
test_real_http_schema_probabilities_and_identity_drift (test_support_routing.SupportRoutingTests.test_real_http_schema_probabilities_and_identity_drift) ... ok
test_review_queue_keeps_unresolved_rows_and_requires_human_attribution (test_support_routing.SupportRoutingTests.test_review_queue_keeps_unresolved_rows_and_requires_human_attribution) ... ok
test_shortlist_never_reads_gold_and_retrieval_failure_stays_visible (test_support_routing.SupportRoutingTests.test_shortlist_never_reads_gold_and_retrieval_failure_stays_visible) ... ok
test_test_gold_and_predictions_follow_calibration_lock_without_retuning (test_support_routing.SupportRoutingTests.test_test_gold_and_predictions_follow_calibration_lock_without_retuning) ... ok
test_threshold_fit_abstains_when_no_calibration_policy_is_met (test_support_routing.SupportRoutingTests.test_threshold_fit_abstains_when_no_calibration_policy_is_met) ... ok
test_complete_frozen_groups_disjoint_splits_and_boundary_offset_coverage (test_temporal_windows_v5.TemporalWindowsV5Test.test_complete_frozen_groups_disjoint_splits_and_boundary_offset_coverage) ... ok
test_epoch_seconds_equivalent_instants_and_strict_timestamp_grammar (test_temporal_windows_v5.TemporalWindowsV5Test.test_epoch_seconds_equivalent_instants_and_strict_timestamp_grammar) ... ok
test_freeze_hashes_refuses_overwrite_and_detects_changed_split (test_temporal_windows_v5.TemporalWindowsV5Test.test_freeze_hashes_refuses_overwrite_and_detects_changed_split) ... ok
test_generator_labels_are_checked_by_separate_epoch_implementation (test_temporal_windows_v5.TemporalWindowsV5Test.test_generator_labels_are_checked_by_separate_epoch_implementation) ... ok
test_hand_calculated_lower_upper_leap_boundaries_and_exception (test_temporal_windows_v5.TemporalWindowsV5Test.test_hand_calculated_lower_upper_leap_boundaries_and_exception) ... ok
test_hidden_labels_ids_and_metadata_do_not_enter_model_prompts (test_temporal_windows_v5.TemporalWindowsV5Test.test_hidden_labels_ids_and_metadata_do_not_enter_model_prompts) ... ok
test_independent_validator_rejects_corrupted_gold_proposal_and_incomplete_group (test_temporal_windows_v5.TemporalWindowsV5Test.test_independent_validator_rejects_corrupted_gold_proposal_and_incomplete_group) ... ok
test_relabeling_case_ids_cannot_disguise_repeated_temporal_facts (test_temporal_windows_v5.TemporalWindowsV5Test.test_relabeling_case_ids_cannot_disguise_repeated_temporal_facts) ... ok
test_frozen_input_hashes_and_separate_calibration (test_train_frontier_controls_v4.ContinuedTrainingTest.test_frozen_input_hashes_and_separate_calibration) ... ok
test_group_sampling_keeps_counterfactuals_and_is_label_independent (test_train_frontier_controls_v4.ContinuedTrainingTest.test_group_sampling_keeps_counterfactuals_and_is_label_independent) ... ok
test_identity_binds_head_adapter_and_released_temperature (test_train_frontier_controls_v4.ContinuedTrainingTest.test_identity_binds_head_adapter_and_released_temperature) ... ok
test_only_existing_lora_and_head_train (test_train_frontier_controls_v4.ContinuedTrainingTest.test_only_existing_lora_and_head_train) ... ok
test_actual_adapter_configuration_and_method_must_agree (test_train_initial_checkpoint.InitialInferenceCheckpointTests.test_actual_adapter_configuration_and_method_must_agree) ... ok
test_content_identity_binds_initialization_and_detects_changed_weights (test_train_initial_checkpoint.InitialInferenceCheckpointTests.test_content_identity_binds_initialization_and_detects_changed_weights) ... ok
test_default_base_constructor_is_unchanged (test_train_initial_checkpoint.InitialInferenceCheckpointTests.test_default_base_constructor_is_unchanged) ... ok
test_loads_existing_weights_and_unfreezes_only_lora_and_head (test_train_initial_checkpoint.InitialInferenceCheckpointTests.test_loads_existing_weights_and_unfreezes_only_lora_and_head) ... ok
test_missing_serving_files_and_invalid_temperature_are_rejected (test_train_initial_checkpoint.InitialInferenceCheckpointTests.test_missing_serving_files_and_invalid_temperature_are_rejected) ... ok
test_profile_mismatches_and_resume_reject_before_model_import (test_train_initial_checkpoint.InitialInferenceCheckpointTests.test_profile_mismatches_and_resume_reject_before_model_import) ... ok
test_lease_self_registration_and_controller_closing_preservation (test_train_temporal_windows_v5.TemporalPilotTest.test_lease_self_registration_and_controller_closing_preservation) ... ok
test_paired_regression_counts_and_mismatched_evidence_rejection (test_train_temporal_windows_v5.TemporalPilotTest.test_paired_regression_counts_and_mismatched_evidence_rejection) ... ok
test_temperature_ablation_keeps_argmax_but_changes_noul_threshold_behavior (test_train_temporal_windows_v5.TemporalPilotTest.test_temperature_ablation_keeps_argmax_but_changes_noul_threshold_behavior) ... ok
test_cli_defaults_to_legacy_and_exposes_explicit_opt_in (test_training_deferred_heldout.DeferredHeldoutTests.test_cli_defaults_to_legacy_and_exposes_explicit_opt_in) ... ok
test_complete_allowed_splits_are_validated_before_sampling_or_model_construction (test_training_deferred_heldout.DeferredHeldoutTests.test_complete_allowed_splits_are_validated_before_sampling_or_model_construction) ... ok
test_default_keeps_all_split_validation_baselines_and_heldout_evaluation (test_training_deferred_heldout.DeferredHeldoutTests.test_default_keeps_all_split_validation_baselines_and_heldout_evaluation) ... ok
test_deferred_reload_rejects_nonfinite_width_and_value_mismatches_without_summary (test_training_deferred_heldout.DeferredHeldoutTests.test_deferred_reload_rejects_nonfinite_width_and_value_mismatches_without_summary) ... ok
test_deferred_resume_and_snapshots_rejected_before_runtime_imports (test_training_deferred_heldout.DeferredHeldoutTests.test_deferred_resume_and_snapshots_rejected_before_runtime_imports) ... ok
test_deferred_run_never_reads_or_forwards_heldout_and_saves_fixed_final (test_training_deferred_heldout.DeferredHeldoutTests.test_deferred_run_never_reads_or_forwards_heldout_and_saves_fixed_final) ... ok
test_deferred_run_requires_calibration (test_training_deferred_heldout.DeferredHeldoutTests.test_deferred_run_requires_calibration) ... ok
test_opt_in_changes_identity_without_changing_default_argument_schema (test_training_deferred_heldout.DeferredHeldoutTests.test_opt_in_changes_identity_without_changing_default_argument_schema) ... ok
test_all_snapshot_artifacts_and_old_log_cursor_are_verified (test_training_initialization.InitializationContractTests.test_all_snapshot_artifacts_and_old_log_cursor_are_verified) ... ok
test_cli_and_programmatic_run_reject_initialization_plus_resume (test_training_initialization.InitializationContractTests.test_cli_and_programmatic_run_reject_initialization_plus_resume) ... ok
test_model_revision_rank_topology_and_complete_snapshot_are_required (test_training_initialization.InitializationContractTests.test_model_revision_rank_topology_and_complete_snapshot_are_required) ... ok
test_provenance_rejects_missing_extra_malformed_and_reset_fields (test_training_initialization.InitializationContractTests.test_provenance_rejects_missing_extra_malformed_and_reset_fields) ... ok
test_weights_initialization_accepts_new_data_but_binds_source_content (test_training_initialization.InitializationContractTests.test_weights_initialization_accepts_new_data_but_binds_source_content) ... ok
test_changed_preflight_bytes_or_provenance_are_rejected (test_training_initialization.InitializationNumericalTests.test_changed_preflight_bytes_or_provenance_are_rejected) ... skipped 'requires optional torch runtime'
test_four_rank_run_measures_initialized_baseline_and_resumes_new_stage_trajectory (test_training_initialization.InitializationNumericalTests.test_four_rank_run_measures_initialized_baseline_and_resumes_new_stage_trajectory) ... skipped 'requires optional torch runtime'
test_future_resume_tensor_binding_rejects_removed_or_rewritten_provenance (test_training_initialization.InitializationNumericalTests.test_future_resume_tensor_binding_rejects_removed_or_rewritten_provenance) ... skipped 'requires optional torch runtime'
test_invalid_tensor_payload_never_partially_copies_weights (test_training_initialization.InitializationNumericalTests.test_invalid_tensor_payload_never_partially_copies_weights) ... skipped 'requires optional torch runtime'
test_only_trainable_weights_copy_without_optimizer_rng_or_base_mutation (test_training_initialization.InitializationNumericalTests.test_only_trainable_weights_copy_without_optimizer_rng_or_base_mutation) ... skipped 'requires optional torch runtime'
test_both_installed_cli_help_commands_work_without_model_imports (test_training_provenance.TrainingProvenanceTests.test_both_installed_cli_help_commands_work_without_model_imports) ... ok
test_both_trainers_reject_before_imports_or_argument_access (test_training_provenance.TrainingProvenanceTests.test_both_trainers_reject_before_imports_or_argument_access) ... ok
test_caller_git_environment_cannot_override_source_checkout (test_training_provenance.TrainingProvenanceTests.test_caller_git_environment_cannot_override_source_checkout) ... ok
test_caller_head_is_wrong_but_source_head_is_recorded (test_training_provenance.TrainingProvenanceTests.test_caller_head_is_wrong_but_source_head_is_recorded) ... ok
test_dirty_source_checkout_remains_supported (test_training_provenance.TrainingProvenanceTests.test_dirty_source_checkout_remains_supported) ... ok
test_installed_package_cannot_inherit_ancestor_repository (test_training_provenance.TrainingProvenanceTests.test_installed_package_cannot_inherit_ancestor_repository) ... ok
test_invalid_git_marker_cannot_inherit_ancestor_repository (test_training_provenance.TrainingProvenanceTests.test_invalid_git_marker_cannot_inherit_ancestor_repository) ... ok
test_real_git_worktree_with_git_file_is_supported (test_training_provenance.TrainingProvenanceTests.test_real_git_worktree_with_git_file_is_supported) ... ok
test_source_head_is_recorded_outside_any_repository (test_training_provenance.TrainingProvenanceTests.test_source_head_is_recorded_outside_any_repository) ... ok
test_artifact_restore_archives_interrupted_log_and_keeps_final_calibration (test_training_resume.ResumeIdentityTests.test_artifact_restore_archives_interrupted_log_and_keeps_final_calibration) ... ok
test_identity_binds_training_configuration_dataset_and_order (test_training_resume.ResumeIdentityTests.test_identity_binds_training_configuration_dataset_and_order) ... ok
test_original_baseline_ids_targets_and_order_are_required (test_training_resume.ResumeIdentityTests.test_original_baseline_ids_targets_and_order_are_required) ... ok
test_snapshot_checksum_and_log_cursor_are_verified_before_tensor_loading (test_training_resume.ResumeIdentityTests.test_snapshot_checksum_and_log_cursor_are_verified_before_tensor_loading) ... ok
test_cpu_dropout_rng_optimizer_and_parameter_trajectory_resume_exactly (test_training_resume.ResumeNumericalTests.test_cpu_dropout_rng_optimizer_and_parameter_trajectory_resume_exactly) ... skipped 'requires optional torch runtime'
test_actual_scores_change_later_windows_and_requests_are_saved_before_calls (test_trec_provider.TrecProviderTest.test_actual_scores_change_later_windows_and_requests_are_saved_before_calls) ... ok
test_declared_mass_only_scalar_analysis_never_becomes_primary_ranking (test_trec_provider.TrecProviderTest.test_declared_mass_only_scalar_analysis_never_becomes_primary_ranking) ... ok
test_endpoint_rejections_stop_all_remaining_queries (test_trec_provider.TrecProviderTest.test_endpoint_rejections_stop_all_remaining_queries) ... ok
test_frozen_input_contract_rejects_gold_metadata_hash_mismatch_and_overwrite (test_trec_provider.TrecProviderTest.test_frozen_input_contract_rejects_gold_metadata_hash_mismatch_and_overwrite) ... ok
test_full_run_completes_all_97_queries_in_exactly_873_calls (test_trec_provider.TrecProviderTest.test_full_run_completes_all_97_queries_in_exactly_873_calls) ... ok
test_jev_mass_or_expectation_failure_is_retained_and_next_query_runs (test_trec_provider.TrecProviderTest.test_jev_mass_or_expectation_failure_is_retained_and_next_query_runs) ... ok
test_mass_and_expectation_failure_cannot_use_scalar_analysis (test_trec_provider.TrecProviderTest.test_mass_and_expectation_failure_cannot_use_scalar_analysis) ... ok
test_nonfinite_parsed_response_keeps_exact_raw_text_and_fails_query (test_trec_provider.TrecProviderTest.test_nonfinite_parsed_response_keeps_exact_raw_text_and_fails_query) ... ok
test_openai_envelope_preserves_integer_scores_without_probabilities (test_trec_provider.TrecProviderTest.test_openai_envelope_preserves_integer_scores_without_probabilities) ... ok
test_request_time_and_usage_cost_budgets_preserve_partial_and_pending (test_trec_provider.TrecProviderTest.test_request_time_and_usage_cost_budgets_preserve_partial_and_pending) ... ok
test_thrown_attempt_error_is_saved_redacted_and_cost_remains_unknown (test_trec_provider.TrecProviderTest.test_thrown_attempt_error_is_saved_redacted_and_cost_remains_unknown) ... ok
test_finished_collection_with_mass_failure_retains_full_denominator (test_trec_summary.TrecSummaryTest.test_finished_collection_with_mass_failure_retains_full_denominator) ... ok
test_full_openai_collection_has_no_fabricated_scalar_probability_analysis (test_trec_summary.TrecSummaryTest.test_full_openai_collection_has_no_fabricated_scalar_probability_analysis) ... ok
test_input_and_qrel_manifest_hashes_are_required (test_trec_summary.TrecSummaryTest.test_input_and_qrel_manifest_hashes_are_required) ... ok
test_live_report_prefix_may_have_unscored_newer_raw_records (test_trec_summary.TrecSummaryTest.test_live_report_prefix_may_have_unscored_newer_raw_records) ... ok
test_mass_only_query_primary_zero_and_supplemental_uses_actual_saved_scalars (test_trec_summary.TrecSummaryTest.test_mass_only_query_primary_zero_and_supplemental_uses_actual_saved_scalars) ... ok
test_mass_only_then_hard_error_does_not_publish_either_ranking (test_trec_summary.TrecSummaryTest.test_mass_only_then_hard_error_does_not_publish_either_ranking) ... ok
test_partial_run_uses_full_qrels_and_direct_grade_including_outside_candidates (test_trec_summary.TrecSummaryTest.test_partial_run_uses_full_qrels_and_direct_grade_including_outside_candidates) ... ok
test_python310_mass_diagnostics_replay_exactly_without_relaxing_validation (test_trec_summary.TrecSummaryTest.test_python310_mass_diagnostics_replay_exactly_without_relaxing_validation) ... ok
test_rejects_permutation_tampering_flags_and_adaptive_window_changes (test_trec_summary.TrecSummaryTest.test_rejects_permutation_tampering_flags_and_adaptive_window_changes) ... ok
test_rejects_raw_payload_response_model_or_order_tampering (test_trec_summary.TrecSummaryTest.test_rejects_raw_payload_response_model_or_order_tampering) ... ok
test_top_level_running_status_never_becomes_complete_even_after_all_queries (test_trec_summary.TrecSummaryTest.test_top_level_running_status_never_becomes_complete_even_after_all_queries) ... ok
test_candidate_permutation_preserves_labels_and_source_groups (test_wanli_data.WanliTests.test_candidate_permutation_preserves_labels_and_source_groups) ... ok
test_conflicts_are_removed_not_arbitrarily_resolved (test_wanli_data.WanliTests.test_conflicts_are_removed_not_arbitrarily_resolved) ... ok
test_existing_output_fails_before_source_download_or_modification (test_wanli_data.WanliTests.test_existing_output_fails_before_source_download_or_modification) ... ok
test_malformed_source_fails (test_wanli_data.WanliTests.test_malformed_source_fails) ... ok
test_test_components_are_reserved_transitively (test_wanli_data.WanliTests.test_test_components_are_reserved_transitively) ... ok
test_http_runner_preserves_responses_and_aborts_on_service_change (test_workflows.WorkflowServiceEvaluationTests.test_http_runner_preserves_responses_and_aborts_on_service_change) ... ok
test_prediction_identity_binds_case_state_questions_and_split (test_workflows.WorkflowServiceEvaluationTests.test_prediction_identity_binds_case_state_questions_and_split) ... ok
test_selection_is_heldout_balanced_group_distinct_and_label_independent (test_workflows.WorkflowServiceEvaluationTests.test_selection_is_heldout_balanced_group_distinct_and_label_independent) ... ok
test_selection_rejects_cross_split_parent_groups_and_duplicate_ids (test_workflows.WorkflowServiceEvaluationTests.test_selection_rejects_cross_split_parent_groups_and_duplicate_ids) ... ok
test_service_identity_rejects_oracle_mismatch_and_tracks_artifact_digest (test_workflows.WorkflowServiceEvaluationTests.test_service_identity_rejects_oracle_mismatch_and_tracks_artifact_digest) ... ok
test_agent_permission_is_evaluated_at_call_time_with_exact_scope (test_workflows.WorkflowTests.test_agent_permission_is_evaluated_at_call_time_with_exact_scope) ... ok
test_all_workflows_compile_as_target_free_independent_questions (test_workflows.WorkflowTests.test_all_workflows_compile_as_target_free_independent_questions) ... ok
test_card_and_cancellation_account_facts_gate_mutations (test_workflows.WorkflowTests.test_card_and_cancellation_account_facts_gate_mutations) ... ok
test_customer_empty_resolved_negation_and_account_claim_conflict (test_workflows.WorkflowTests.test_customer_empty_resolved_negation_and_account_claim_conflict) ... ok
test_evaluation_rejects_fixture_claims_and_bad_case_alignment (test_workflows.WorkflowTests.test_evaluation_rejects_fixture_claims_and_bad_case_alignment) ... ok
test_exclusive_workflows_use_one_disposition_while_customer_can_fan_out (test_workflows.WorkflowTests.test_exclusive_workflows_use_one_disposition_while_customer_can_fan_out) ... ok
test_generated_groups_stay_together_and_models_cannot_see_references (test_workflows.WorkflowTests.test_generated_groups_stay_together_and_models_cannot_see_references) ... ok
test_invoice_financial_boundaries_and_grants (test_workflows.WorkflowTests.test_invoice_financial_boundaries_and_grants) ... ok
test_manifest_and_saved_jsonl_are_reproducible (test_workflows.WorkflowTests.test_manifest_and_saved_jsonl_are_reproducible) ... ok
test_refund_requires_exact_account_object_amount_and_current_consent (test_workflows.WorkflowTests.test_refund_requires_exact_account_object_amount_and_current_consent) ... ok
test_security_maintenance_must_match_asset_activity_and_time (test_workflows.WorkflowTests.test_security_maintenance_must_match_asset_activity_and_time) ... ok
test_security_priority_grant_expiry_and_production_isolation (test_workflows.WorkflowTests.test_security_priority_grant_expiry_and_production_isolation) ... ok

----------------------------------------------------------------------
Ran 1173 tests in 109.338s

OK (skipped=85)
