2026-10-03T15:13:50.8317399Z Current runner version: '2.337.0'
2026-10-03T15:13:50.8353004Z ##[group]Runner Image Provisioner
2026-10-03T15:13:50.8354500Z Hosted Compute Agent
2026-10-03T15:13:50.8355657Z Version: 20260901.588
2026-10-03T15:13:50.8356947Z Commit: f88ec8081b781fac6c440065ac7ff9e710ce3d0b
2026-10-03T15:13:50.8358258Z Build Date: 2026-09-01T19:56:44Z
2026-10-03T15:13:50.8359439Z Worker ID: {ebda4676-ed9b-4db2-a65d-136794f56bed}
2026-10-03T15:13:50.8360874Z Azure Region: eastus2
2026-10-03T15:13:50.8362207Z ##[endgroup]
2026-10-03T15:13:50.8364963Z ##[group]Operating System
2026-10-03T15:13:50.8366217Z Ubuntu
2026-10-03T15:13:50.8367125Z 24.04.5
2026-10-03T15:13:50.8368084Z LTS
2026-10-03T15:13:50.8369125Z ##[endgroup]
2026-10-03T15:13:50.8370260Z ##[group]Runner Image
2026-10-03T15:13:50.8371750Z Image: ubuntu-24.04
2026-10-03T15:13:50.8372703Z Version: 20260927.320.1
2026-10-03T15:13:50.8375019Z Included Software: https://github.com/actions/runner-images/blob/ubuntu24/20260927.320/images/ubuntu/Ubuntu2404-Readme.md
2026-10-03T15:13:50.8378344Z Image Release: https://github.com/actions/runner-images/releases/tag/ubuntu24%2F20260927.320
2026-10-03T15:13:50.8380032Z ##[endgroup]
2026-10-03T15:13:50.8382521Z ##[group]GITHUB_TOKEN Permissions
2026-10-03T15:13:50.8385520Z Contents: read
2026-10-03T15:13:50.8386570Z Metadata: read
2026-10-03T15:13:50.8387671Z Packages: read
2026-10-03T15:13:50.8388654Z ##[endgroup]
2026-10-03T15:13:50.8392528Z Secret source: Actions
2026-10-03T15:13:50.8394237Z Cache mode: write
2026-10-03T15:13:50.8396065Z Prepare workflow directory
2026-10-03T15:13:50.8860087Z Prepare all required actions
2026-10-03T15:13:50.8929056Z Getting action download info
2026-10-03T15:13:51.1242361Z Download action repository 'actions/checkout@v4' (SHA:11d5960a326750d5838078e36cf38b85af677262)
2026-10-03T15:13:51.2441540Z Download action repository 'actions/setup-python@v5' (SHA:a26af69be951a213d495a4c3e4e4022e16d87065)
2026-10-03T15:13:51.4221920Z Complete job name: portable (3.10)
2026-10-03T15:13:51.4978682Z ##[group]Run actions/checkout@v4
2026-10-03T15:13:51.4979584Z with:
2026-10-03T15:13:51.4980039Z   repository: Zefan-Cai/Open-Jev
2026-10-03T15:13:51.4984292Z   token: ***
2026-10-03T15:13:51.4984731Z   ssh-strict: true
2026-10-03T15:13:51.4985177Z   ssh-user: git
2026-10-03T15:13:51.4985626Z   persist-credentials: true
2026-10-03T15:13:51.4986118Z   clean: true
2026-10-03T15:13:51.4986571Z   sparse-checkout-cone-mode: true
2026-10-03T15:13:51.4987088Z   fetch-depth: 1
2026-10-03T15:13:51.4987514Z   fetch-tags: false
2026-10-03T15:13:51.4987962Z   show-progress: true
2026-10-03T15:13:51.4988414Z   lfs: false
2026-10-03T15:13:51.4988829Z   submodules: false
2026-10-03T15:13:51.4989281Z   set-safe-directory: true
2026-10-03T15:13:51.4989789Z   allow-unsafe-pr-checkout: false
2026-10-03T15:13:51.4990565Z ##[endgroup]
2026-10-03T15:13:51.6009156Z Syncing repository: Zefan-Cai/Open-Jev
2026-10-03T15:13:51.6012081Z ##[group]Getting Git version info
2026-10-03T15:13:51.6013330Z Working directory is '/home/runner/work/Open-Jev/Open-Jev'
2026-10-03T15:13:51.6014982Z [command]/usr/bin/git version
2026-10-03T15:13:51.6277661Z git version 2.55.0
2026-10-03T15:13:51.6307364Z ##[endgroup]
2026-10-03T15:13:51.6317011Z Temporarily overriding HOME='/home/runner/work/_temp/521012ea-fc8d-4e29-b08d-0edfe1d0db2a' before making global git config changes
2026-10-03T15:13:51.6319467Z Adding repository directory to the temporary git global config as a safe directory
2026-10-03T15:13:51.6322397Z [command]/usr/bin/git config --global --add safe.directory /home/runner/work/Open-Jev/Open-Jev
2026-10-03T15:13:51.6387617Z Deleting the contents of '/home/runner/work/Open-Jev/Open-Jev'
2026-10-03T15:13:51.6392341Z ##[group]Initializing the repository
2026-10-03T15:13:51.6397738Z [command]/usr/bin/git init /home/runner/work/Open-Jev/Open-Jev
2026-10-03T15:13:51.6588155Z hint: Using 'master' as the name for the initial branch. This default branch name
2026-10-03T15:13:51.6589336Z hint: will change to "main" in Git 3.0. To configure the initial branch name
2026-10-03T15:13:51.6590548Z hint: to use in all of your new repositories, which will suppress this warning,
2026-10-03T15:13:51.6591602Z hint: call:
2026-10-03T15:13:51.6592349Z hint:
2026-10-03T15:13:51.6593238Z hint: 	git config --global init.defaultBranch <name>
2026-10-03T15:13:51.6594296Z hint:
2026-10-03T15:13:51.6595306Z hint: Names commonly chosen instead of 'master' are 'main', 'trunk' and
2026-10-03T15:13:51.6596752Z hint: 'development'. The just-created branch can be renamed via this command:
2026-10-03T15:13:51.6597979Z hint:
2026-10-03T15:13:51.6598433Z hint: 	git branch -m <name>
2026-10-03T15:13:51.6599265Z hint:
2026-10-03T15:13:51.6600186Z hint: Disable this message with "git config set advice.defaultBranchName false"
2026-10-03T15:13:51.6601505Z Initialized empty Git repository in /home/runner/work/Open-Jev/Open-Jev/.git/
2026-10-03T15:13:51.6608545Z [command]/usr/bin/git remote add origin https://github.com/Zefan-Cai/Open-Jev
2026-10-03T15:13:51.6710356Z ##[endgroup]
2026-10-03T15:13:51.6711485Z ##[group]Disabling automatic garbage collection
2026-10-03T15:13:51.6715587Z [command]/usr/bin/git config --local gc.auto 0
2026-10-03T15:13:51.6750896Z ##[endgroup]
2026-10-03T15:13:51.6751908Z ##[group]Setting up auth
2026-10-03T15:13:51.6760174Z [command]/usr/bin/git config --local --name-only --get-regexp core\.sshCommand
2026-10-03T15:13:51.6797313Z [command]/usr/bin/git submodule foreach --recursive sh -c "git config --local --name-only --get-regexp 'core\.sshCommand' && git config --local --unset-all 'core.sshCommand' || :"
2026-10-03T15:13:51.7232521Z [command]/usr/bin/git config --local --name-only --get-regexp http\.https\:\/\/github\.com\/\.extraheader
2026-10-03T15:13:51.7270794Z [command]/usr/bin/git submodule foreach --recursive sh -c "git config --local --name-only --get-regexp 'http\.https\:\/\/github\.com\/\.extraheader' && git config --local --unset-all 'http.https://github.com/.extraheader' || :"
2026-10-03T15:13:51.7495920Z [command]/usr/bin/git config --local --name-only --get-regexp ^includeIf\.gitdir:
2026-10-03T15:13:51.7532615Z [command]/usr/bin/git submodule foreach --recursive git config --local --show-origin --name-only --get-regexp remote.origin.url
2026-10-03T15:13:51.7756031Z [command]/usr/bin/git config --local http.https://github.com/.extraheader AUTHORIZATION: basic ***
2026-10-03T15:13:51.7822923Z ##[endgroup]
2026-10-03T15:13:51.7823785Z ##[group]Fetching the repository
2026-10-03T15:13:51.7834018Z [command]/usr/bin/git -c protocol.version=2 fetch --no-tags --prune --no-recurse-submodules --depth=1 origin +e3abab8ac788be8f03a7d2e98219070875ee55b9:refs/remotes/origin/codex/open-jev-v8-operational-bridge-20261003
2026-10-03T15:13:53.1769092Z From https://github.com/Zefan-Cai/Open-Jev
2026-10-03T15:13:53.1771828Z  * [new ref]         e3abab8ac788be8f03a7d2e98219070875ee55b9 -> origin/codex/open-jev-v8-operational-bridge-20261003
2026-10-03T15:13:53.1795578Z ##[endgroup]
2026-10-03T15:13:53.1797091Z ##[group]Determining the checkout info
2026-10-03T15:13:53.1798680Z ##[endgroup]
2026-10-03T15:13:53.1799634Z [command]/usr/bin/git sparse-checkout disable
2026-10-03T15:13:53.1869430Z [command]/usr/bin/git config --local --unset-all extensions.worktreeConfig
2026-10-03T15:13:53.1910498Z ##[group]Checking out the ref
2026-10-03T15:13:53.1918020Z [command]/usr/bin/git checkout --progress --force -B codex/open-jev-v8-operational-bridge-20261003 refs/remotes/origin/codex/open-jev-v8-operational-bridge-20261003
2026-10-03T15:13:53.6122309Z Switched to a new branch 'codex/open-jev-v8-operational-bridge-20261003'
2026-10-03T15:13:53.6130092Z branch 'codex/open-jev-v8-operational-bridge-20261003' set up to track 'origin/codex/open-jev-v8-operational-bridge-20261003'.
2026-10-03T15:13:53.6172830Z ##[endgroup]
2026-10-03T15:13:53.6222911Z [command]/usr/bin/git log -1 --format=%H
2026-10-03T15:13:53.6248923Z e3abab8ac788be8f03a7d2e98219070875ee55b9
2026-10-03T15:13:53.6532076Z ##[group]Run actions/setup-python@v5
2026-10-03T15:13:53.6532536Z with:
2026-10-03T15:13:53.6532824Z   python-version: 3.10
2026-10-03T15:13:53.6533338Z   check-latest: false
2026-10-03T15:13:53.6536403Z   token: ***
2026-10-03T15:13:53.6536710Z   update-environment: true
2026-10-03T15:13:53.6537051Z   allow-prereleases: false
2026-10-03T15:13:53.6537389Z   freethreaded: false
2026-10-03T15:13:53.6537687Z ##[endgroup]
2026-10-03T15:13:53.7839237Z ##[group]Installed versions
2026-10-03T15:13:53.7945088Z (node:2233) [DEP0040] DeprecationWarning: The `punycode` module is deprecated. Please use a userland alternative instead.
2026-10-03T15:13:53.7946331Z (Use `node --trace-deprecation ...` to show where the warning was created)
2026-10-03T15:13:53.7947288Z Successfully set up CPython (3.10.21)
2026-10-03T15:13:53.7948334Z ##[endgroup]
2026-10-03T15:13:53.8131433Z ##[group]Run python -m pip install build
2026-10-03T15:13:53.8132259Z [36;1mpython -m pip install build[0m
2026-10-03T15:13:53.8518633Z shell: /usr/bin/bash -e {0}
2026-10-03T15:13:53.8519176Z env:
2026-10-03T15:13:53.8519680Z   pythonLocation: /opt/hostedtoolcache/Python/3.10.21/x64
2026-10-03T15:13:53.8520496Z   PKG_CONFIG_PATH: /opt/hostedtoolcache/Python/3.10.21/x64/lib/pkgconfig
2026-10-03T15:13:53.8521402Z   Python_ROOT_DIR: /opt/hostedtoolcache/Python/3.10.21/x64
2026-10-03T15:13:53.8522052Z   Python2_ROOT_DIR: /opt/hostedtoolcache/Python/3.10.21/x64
2026-10-03T15:13:53.8522701Z   Python3_ROOT_DIR: /opt/hostedtoolcache/Python/3.10.21/x64
2026-10-03T15:13:53.8588141Z   LD_LIBRARY_PATH: /opt/hostedtoolcache/Python/3.10.21/x64/lib
2026-10-03T15:13:53.8588679Z ##[endgroup]
2026-10-03T15:13:55.1091026Z Collecting build
2026-10-03T15:13:55.1681050Z   Downloading build-1.6.1-py3-none-any.whl.metadata (5.6 kB)
2026-10-03T15:13:55.1935214Z Collecting packaging>=24.0 (from build)
2026-10-03T15:13:55.2014826Z   Downloading packaging-26.3-py3-none-any.whl.metadata (3.5 kB)
2026-10-03T15:13:55.2175733Z Collecting pyproject_hooks (from build)
2026-10-03T15:13:55.2247984Z   Downloading pyproject_hooks-1.3.3-py3-none-any.whl.metadata (1.3 kB)
2026-10-03T15:13:55.2702048Z Collecting tomli>=1.1.0 (from build)
2026-10-03T15:13:55.2776890Z   Downloading tomli-2.4.1-py3-none-any.whl.metadata (10 kB)
2026-10-03T15:13:55.2920870Z Downloading build-1.6.1-py3-none-any.whl (31 kB)
2026-10-03T15:13:55.3071745Z Downloading packaging-26.3-py3-none-any.whl (129 kB)
2026-10-03T15:13:55.3243604Z Downloading tomli-2.4.1-py3-none-any.whl (14 kB)
2026-10-03T15:13:55.3339687Z Downloading pyproject_hooks-1.3.3-py3-none-any.whl (10 kB)
2026-10-03T15:13:55.3972125Z Installing collected packages: tomli, pyproject_hooks, packaging, build
2026-10-03T15:13:55.5154352Z 
2026-10-03T15:13:55.5174691Z Successfully installed build-1.6.1 packaging-26.3 pyproject_hooks-1.3.3 tomli-2.4.1
2026-10-03T15:13:55.5686406Z ##[group]Run python -m unittest discover -s tests -v
2026-10-03T15:13:55.5686862Z [36;1mpython -m unittest discover -s tests -v[0m
2026-10-03T15:13:55.5753342Z shell: /usr/bin/bash -e {0}
2026-10-03T15:13:55.5753599Z env:
2026-10-03T15:13:55.5753872Z   pythonLocation: /opt/hostedtoolcache/Python/3.10.21/x64
2026-10-03T15:13:55.5754339Z   PKG_CONFIG_PATH: /opt/hostedtoolcache/Python/3.10.21/x64/lib/pkgconfig
2026-10-03T15:13:55.5754771Z   Python_ROOT_DIR: /opt/hostedtoolcache/Python/3.10.21/x64
2026-10-03T15:13:55.5755155Z   Python2_ROOT_DIR: /opt/hostedtoolcache/Python/3.10.21/x64
2026-10-03T15:13:55.5755561Z   Python3_ROOT_DIR: /opt/hostedtoolcache/Python/3.10.21/x64
2026-10-03T15:13:55.5755951Z   LD_LIBRARY_PATH: /opt/hostedtoolcache/Python/3.10.21/x64/lib
2026-10-03T15:13:55.5756275Z ##[endgroup]
2026-10-03T15:13:57.2358245Z test_case_family_split_and_all_candidate_coverage_are_checked (test_amount_extraction_control.AmountCorpusAuditTest) ... ok
2026-10-03T15:13:57.2392740Z test_generator_refuses_existing_dataset (test_amount_extraction_control.AmountCorpusAuditTest) ... ok
2026-10-03T15:13:57.3564470Z test_hidden_labels_and_metadata_do_not_enter_candidate_prompts (test_amount_extraction_control.AmountCorpusAuditTest) ... ok
2026-10-03T15:13:57.5248399Z test_joint_selection_reference_and_target_mutation_is_rejected (test_amount_extraction_control.AmountCorpusAuditTest) ... ok
2026-10-03T15:13:57.9154471Z test_original_dataset_counts_recall_and_all_candidate_attributes (test_amount_extraction_control.AmountCorpusAuditTest) ... ok
2026-10-03T15:13:58.3060965Z test_output_exclusive_creation_preserves_concurrent_file (test_amount_extraction_control.AmountCorpusAuditTest) ... ok
2026-10-03T15:13:58.3188708Z test_output_rejects_dataset_paths_aliases_existing_files_and_symlinks (test_amount_extraction_control.AmountCorpusAuditTest) ... ok
2026-10-03T15:13:58.3309891Z test_source_hash_binding_and_unsealed_bytes_fail (test_amount_extraction_control.AmountCorpusAuditTest) ... ok
2026-10-03T15:13:58.6629685Z test_undefined_is_credit_cannot_gain_a_false_supervised_target (test_amount_extraction_control.AmountCorpusAuditTest) ... ok
2026-10-03T15:13:58.9829460Z test_visible_flow_mutation_and_wrong_normalization_are_independently_detected (test_amount_extraction_control.AmountCorpusAuditTest) ... ok
2026-10-03T15:13:58.9851390Z test_absent_unsupported_and_unrecalled_populated_fields_remain_distinct (test_amount_extraction_control.AmountRuntimeTest) ... ok
2026-10-03T15:13:58.9881571Z test_ascii_numeric_grammar_rejects_mixed_unicode_malformed_grouping_and_signs (test_amount_extraction_control.AmountRuntimeTest) ... ok
2026-10-03T15:13:58.9919781Z test_candidate_limit_no_candidates_and_actual_candidate_binding (test_amount_extraction_control.AmountRuntimeTest) ... ok
2026-10-03T15:13:58.9927688Z test_candidates_are_query_blind_and_preserve_original_character_offsets (test_amount_extraction_control.AmountRuntimeTest) ... ok
2026-10-03T15:13:58.9939184Z test_exact_long_decimal_credit_and_zero_ignore_decimal_context (test_amount_extraction_control.AmountRuntimeTest) ... ok
2026-10-03T15:13:58.9965242Z test_independent_candidate_scanner_matches_prefix_suffix_and_boundary_cases (test_amount_extraction_control.AmountRuntimeTest) ... ok
2026-10-03T15:13:58.9967098Z test_locale_headers_are_required_unique_and_consistent (test_amount_extraction_control.AmountRuntimeTest) ... ok
2026-10-03T15:13:58.9978032Z test_partial_candidates_cannot_be_rescued_by_counterfeit_predictions (test_amount_extraction_control.AmountRuntimeTest) ... ok
2026-10-03T15:13:58.9983289Z test_same_value_different_offsets_and_duplicate_target_roles (test_amount_extraction_control.AmountRuntimeTest) ... ok
2026-10-03T15:13:59.0009259Z test_unsigned_signed_conflicting_and_unknown_directions (test_amount_extraction_control.AmountRuntimeTest) ... ok
2026-10-03T15:13:59.0045542Z test_visible_currency_markers_declarations_and_unsupported_currency (test_amount_extraction_control.AmountRuntimeTest) ... ok
2026-10-03T15:13:59.0086320Z test_changed_artifact_manifest_and_producer_fail_before_dispatch (test_amount_service.AmountDriverFixtures) ... ok
2026-10-03T15:13:59.0189560Z test_driver_preserves_actual_wire_and_labels_fixture_evidence (test_amount_service.AmountDriverFixtures) ... ok
2026-10-03T15:13:59.0256976Z test_failed_default_http_path_never_marks_model_quality_evidence (test_amount_service.AmountDriverFixtures) ... ok
2026-10-03T15:13:59.0324307Z test_interruption_during_b_retains_a_and_all_fixed_denominators (test_amount_service.AmountDriverFixtures) ... ok
2026-10-03T15:13:59.0329267Z test_invalid_identity_split_and_transport_flags_fail_before_dispatch (test_amount_service.AmountDriverFixtures) ... ok
2026-10-03T15:13:59.0368761Z test_loader_never_decodes_nonheldout_or_typed_targets (test_amount_service.AmountDriverFixtures) ... ok
2026-10-03T15:13:59.0398022Z test_outputs_cannot_overwrite_data_or_follow_output_symlink (test_amount_service.AmountDriverFixtures) ... ok
2026-10-03T15:13:59.0492849Z test_postrun_artifact_change_invalidates_evidence (test_amount_service.AmountDriverFixtures) ... ok
2026-10-03T15:13:59.0515594Z test_absent_and_ambiguous_refusals_have_no_unique_target_denominator (test_amount_service.AmountPipelineFixtures) ... ok
2026-10-03T15:13:59.0558568Z test_b_http_schema_and_identity_failure_preserve_a (test_amount_service.AmountPipelineFixtures) ... ok
2026-10-03T15:13:59.0581610Z test_b_uses_actual_wrong_role_even_when_presence_is_false (test_amount_service.AmountPipelineFixtures) ... ok
2026-10-03T15:13:59.0604005Z test_equal_amount_at_other_offset_is_not_extraction_success (test_amount_service.AmountPipelineFixtures) ... ok
2026-10-03T15:13:59.0615762Z test_forced_single_none_still_requires_a_valid_response (test_amount_service.AmountPipelineFixtures) ... ok
2026-10-03T15:13:59.0633448Z test_metadata_locks_before_invalid_a_answers (test_amount_service.AmountPipelineFixtures) ... ok
2026-10-03T15:13:59.0644542Z test_miss_none_is_span_correct_but_never_extracted (test_amount_service.AmountPipelineFixtures) ... ok
2026-10-03T15:13:59.0662759Z test_partial_selection_cannot_be_repaired_by_predicted_known (test_amount_service.AmountPipelineFixtures) ... ok
2026-10-03T15:13:59.0684885Z test_predicted_known_cannot_make_unknown_reference_normalizable (test_amount_service.AmountPipelineFixtures) ... ok
2026-10-03T15:13:59.0703216Z test_presence_false_keeps_value_score_but_fails_complete_output (test_amount_service.AmountPipelineFixtures) ... ok
2026-10-03T15:13:59.0721488Z test_reference_currency_review_keeps_known_credit_denominator (test_amount_service.AmountPipelineFixtures) ... ok
2026-10-03T15:13:59.0760453Z test_reference_known_credit_scored_even_when_predicted_unknown (test_amount_service.AmountPipelineFixtures) ... ok
2026-10-03T15:13:59.0830868Z test_supported_currencies_signs_and_long_decimal_remain_exact (test_amount_service.AmountPipelineFixtures) ... ok
2026-10-03T15:13:59.0885753Z test_undefined_credit_still_requires_protocol_valid_probability (test_amount_service.AmountPipelineFixtures) ... ok
2026-10-03T15:13:59.0939111Z test_undefined_credit_valid_probabilities_do_not_change_defined_score (test_amount_service.AmountPipelineFixtures) ... ok
2026-10-03T15:13:59.0991794Z test_wrong_b_heads_collapsing_to_review_do_not_succeed (test_amount_service.AmountPipelineFixtures) ... ok
2026-10-03T15:13:59.0994211Z test_all_primitives_have_exact_typed_outputs (test_api.TypedAPITest) ... ok
2026-10-03T15:13:59.1232827Z test_api_cold_import_has_no_torch_dependency (test_api.TypedAPITest) ... ok
2026-10-03T15:13:59.1237060Z test_cardinality_and_primitive_validation (test_api.TypedAPITest) ... ok
2026-10-03T15:13:59.1238654Z test_input_mutation_does_not_modify_compiled_state (test_api.TypedAPITest) ... ok
2026-10-03T15:13:59.1241042Z test_invalid_model_probabilities_are_never_formatted_as_answers (test_api.TypedAPITest) ... ok
2026-10-03T15:13:59.1243087Z test_noul_accepts_optional_true_and_false_criteria (test_api.TypedAPITest) ... ok
2026-10-03T15:13:59.1245821Z test_question_ids_labels_targets_and_siblings_are_isolated (test_api.TypedAPITest) ... ok
2026-10-03T15:13:59.1246976Z test_score_sees_own_description_without_neighbor_or_number (test_api.TypedAPITest) ... ok
2026-10-03T15:13:59.1248253Z test_structured_descriptions_and_null_choice_descriptions (test_api.TypedAPITest) ... ok
2026-10-03T15:13:59.1994471Z test_cli_writes_fresh_receipt_and_sparse_stdout (test_audit_boundary_controls_v7.IndependentDirectoryTests) ... ok
2026-10-03T15:13:59.2377722Z test_complete_hand_authored_groups_and_structural_limits (test_audit_boundary_controls_v7.IndependentDirectoryTests) ... ok
2026-10-03T15:13:59.3311671Z test_condition_target_and_incomplete_group_rejected (test_audit_boundary_controls_v7.IndependentDirectoryTests) ... ok
2026-10-03T15:13:59.4059939Z test_directory_receipt_hashes_and_changed_bytes (test_audit_boundary_controls_v7.IndependentDirectoryTests) ... ok
2026-10-03T15:13:59.4563855Z test_kind_truth_coupled_structure_rejected (test_audit_boundary_controls_v7.IndependentDirectoryTests) ... ok
2026-10-03T15:13:59.5214544Z test_rehashed_wrong_rule_still_fails_independent_replay (test_audit_boundary_controls_v7.IndependentDirectoryTests) ... ok
2026-10-03T15:13:59.5219407Z test_gregorian_offset_manual_epoch_fixtures (test_audit_boundary_controls_v7.IndependentGoldTests) ... ok
2026-10-03T15:13:59.5221106Z test_integer_ledger_cancellation_negative_and_one_cent_without_float (test_audit_boundary_controls_v7.IndependentGoldTests) ... ok
2026-10-03T15:13:59.5223986Z test_joint_latest_valid_scope_and_minimum_capacity (test_audit_boundary_controls_v7.IndependentGoldTests) ... ok
2026-10-03T15:13:59.5225495Z test_policy_withdrawal_and_absence_precede_fraud_no_fallback (test_audit_boundary_controls_v7.IndependentGoldTests) ... ok
2026-10-03T15:13:59.5226942Z test_revocation_precedes_missing_consent (test_audit_boundary_controls_v7.IndependentGoldTests) ... ok
2026-10-03T15:13:59.5228303Z test_temporal_closed_endpoints_and_exception_precedence (test_audit_boundary_controls_v7.IndependentGoldTests) ... ok
2026-10-03T15:13:59.5229828Z test_visible_question_and_contract_mutations_rejected (test_audit_boundary_controls_v7.IndependentGoldTests) ... ok
2026-10-03T15:13:59.5232818Z test_exact_integer_and_boolean_types (test_audit_frontier_controls_v8.PrimitiveOracleTests) ... ok
2026-10-03T15:13:59.5234495Z test_money_format_is_exact_for_negative_and_large_cents (test_audit_frontier_controls_v8.PrimitiveOracleTests) ... ok
2026-10-03T15:13:59.5237041Z test_time_uses_absolute_instants_across_offsets_and_leap_day (test_audit_frontier_controls_v8.PrimitiveOracleTests) ... ok
2026-10-03T15:13:59.5239936Z test_account_closed_paused_unknown_active_priority_and_latest_status (test_audit_frontier_controls_v8.StateOracleTests) ... ok
2026-10-03T15:13:59.5244220Z test_canonical_balance_candidates_and_visible_proposition (test_audit_frontier_controls_v8.StateOracleTests) ... ok
2026-10-03T15:13:59.5247333Z test_composed_signed_ledgers_and_no_boolean_or_neutral_operands (test_audit_frontier_controls_v8.StateOracleTests) ... ok
2026-10-03T15:13:59.5249894Z test_department_fraud_before_missing_or_withdrawn_policy (test_audit_frontier_controls_v8.StateOracleTests) ... ok
2026-10-03T15:13:59.5254124Z test_department_normalization_preserves_unequal_components_under_reversal (test_audit_frontier_controls_v8.StateOracleTests) ... ok
2026-10-03T15:13:59.5256466Z test_foreign_reference_equality_is_preserved_even_when_gold_ignores_it (test_audit_frontier_controls_v8.StateOracleTests) ... ok
2026-10-03T15:13:59.5258639Z test_full_matcher_accepts_consistent_renaming_and_rejects_identity_merge (test_audit_frontier_controls_v8.StateOracleTests) ... ok
2026-10-03T15:13:59.5261963Z test_full_typed_presentation_matcher_preserves_all_ids_and_values (test_audit_frontier_controls_v8.StateOracleTests) ... ok
2026-10-03T15:13:59.5264828Z test_joint_exact_capacity_scope_and_revoke_before_missing_or_amount (test_audit_frontier_controls_v8.StateOracleTests) ... ok
2026-10-03T15:13:59.5267005Z test_joint_regrant_and_tied_authority (test_audit_frontier_controls_v8.StateOracleTests) ... ok
2026-10-03T15:13:59.5278639Z test_old_directory_and_symlink_are_rejected_before_any_row_read (test_audit_frontier_controls_v8.StateOracleTests) ... ok
2026-10-03T15:13:59.5281019Z test_policy_identity_normalization_ignores_mapping_key_order (test_audit_frontier_controls_v8.StateOracleTests) ... ok
2026-10-03T15:13:59.5293051Z test_provisional_split_hash_rejected_before_row_json_parse (test_audit_frontier_controls_v8.StateOracleTests) ... ok
2026-10-03T15:13:59.5296777Z test_refund_canonical_first_last_annotations_survive_verified_reversal (test_audit_frontier_controls_v8.StateOracleTests) ... ok
2026-10-03T15:13:59.5298457Z test_refund_recall_before_document_ineligibility_and_total_capacity (test_audit_frontier_controls_v8.StateOracleTests) ... ok
2026-10-03T15:13:59.5301143Z test_temporal_advance_and_duplicate_applicable_sequences (test_audit_frontier_controls_v8.StateOracleTests) ... ok
2026-10-03T15:13:59.5303821Z test_temporal_corrected_anchor_inclusive_endpoints_exception_and_invalid_records (test_audit_frontier_controls_v8.StateOracleTests) ... ok
2026-10-03T15:13:59.5306172Z test_topic_scope_exactness_and_duplicate_valid_revision (test_audit_frontier_controls_v8.StateOracleTests) ... ok
2026-10-03T15:13:59.5308697Z test_topics_resolve_all_authority_before_fraud_and_ignore_invalid_high_revision (test_audit_frontier_controls_v8.StateOracleTests) ... ok
2026-10-03T15:13:59.5310912Z test_visible_policy_and_proposition_gold_ignore_metadata_conditions (test_audit_frontier_controls_v8.StateOracleTests) ... ok
2026-10-03T15:13:59.5337149Z test_every_git_variable_scrubbed_and_exact_commit_used (test_audit_frontier_training_v8.CommittedSourceTests) ... ok
2026-10-03T15:13:59.5366668Z test_wrong_repository_root_or_source_bytes_rejected (test_audit_frontier_training_v8.CommittedSourceTests) ... ok
2026-10-03T15:13:59.5395147Z test_full_numeric_menu_origin_changes_block_but_shared_atom_alone_does_not (test_audit_frontier_training_v8.InputIsolationTests) ... ok
2026-10-03T15:13:59.5410418Z test_inherited_typed_query_clone_blocks_and_exports_no_old_body (test_audit_frontier_training_v8.InputIsolationTests) ... ok
2026-10-03T15:13:59.5416050Z test_noul_query_outcome_and_negation_cannot_be_ignored (test_audit_frontier_training_v8.InputIsolationTests) ... ok
2026-10-03T15:13:59.5421632Z test_option_rotation_and_invisible_metadata_do_not_disguise_compiled_copy (test_audit_frontier_training_v8.InputIsolationTests) ... ok
2026-10-03T15:13:59.5450412Z test_parent_closure_excludes_unmatched_siblings_without_label_selection (test_audit_frontier_training_v8.InputIsolationTests) ... ok
2026-10-03T15:13:59.5456831Z test_parent_identifier_cannot_cross_splits_with_different_facts (test_audit_frontier_training_v8.InputIsolationTests) ... ok
2026-10-03T15:13:59.5545696Z test_preserved_full_receipt_to_exact_declared_derivative_passes (test_audit_frontier_training_v8.InputIsolationTests) ... ok
2026-10-03T15:13:59.5554210Z test_reserved_to_reserved_collision_is_checked (test_audit_frontier_training_v8.InputIsolationTests) ... ok
2026-10-03T15:13:59.5561435Z test_subject_edges_are_preserved_independently (test_audit_frontier_training_v8.InputIsolationTests) ... ok
2026-10-03T15:13:59.5580407Z test_unreviewed_question_does_not_claim_proven_semantic_clone (test_audit_frontier_training_v8.InputIsolationTests) ... ok
2026-10-03T15:13:59.5611075Z test_actual_bytes_and_order_pass (test_audit_frontier_training_v8.StageIsolationTests) ... ok
2026-10-03T15:13:59.5612773Z test_blocked_preflight_fails_before_directory_read (test_audit_frontier_training_v8.StageIsolationTests) ... ok
2026-10-03T15:13:59.5640618Z test_changed_input_receipt_binding_rejected (test_audit_frontier_training_v8.StageIsolationTests) ... ok
2026-10-03T15:13:59.5764158Z test_declared_blocks_counts_and_membership_cannot_be_forged (test_audit_frontier_training_v8.StageIsolationTests) ... ok
2026-10-03T15:13:59.5815710Z test_missing_retained_or_changed_bytes_rejected (test_audit_frontier_training_v8.StageIsolationTests) ... ok
2026-10-03T15:13:59.5893557Z test_promotion_model_calls_or_executable_argv_is_rejected (test_audit_frontier_training_v8.StageIsolationTests) ... ok
2026-10-03T15:13:59.5984300Z test_reordered_or_mutated_row_is_rejected_even_if_manifest_self_consistent (test_audit_frontier_training_v8.StageIsolationTests) ... ok
2026-10-03T15:13:59.6072607Z test_unexpected_nonjsonl_jsonl_symlink_and_fifo_rejected_before_read (test_audit_frontier_training_v8.StageIsolationTests) ... ok
2026-10-03T15:13:59.6081446Z test_bad_probabilities_and_derived_fields_are_schema_failures (test_benchmark_generation.GenerationBenchmarkTest) ... ok
2026-10-03T15:13:59.6107220Z test_cli_rejects_unknown_contract_and_existing_outputs_before_model_loading (test_benchmark_generation.GenerationBenchmarkTest) ... ok
2026-10-03T15:13:59.6111098Z test_complete_typed_response_and_json_validate (test_benchmark_generation.GenerationBenchmarkTest) ... ok
2026-10-03T15:13:59.6114868Z test_contracts_are_explicit_and_never_inferred_from_output (test_benchmark_generation.GenerationBenchmarkTest) ... ok
2026-10-03T15:13:59.6117199Z test_generation_prompt_contains_same_state_all_questions_and_full_output (test_benchmark_generation.GenerationBenchmarkTest) ... ok
2026-10-03T15:13:59.6126009Z test_missing_questions_candidates_and_fields_are_coverage_failures (test_benchmark_generation.GenerationBenchmarkTest) ... ok
2026-10-03T15:13:59.6127474Z test_no_ratio_when_even_one_output_is_invalid (test_benchmark_generation.GenerationBenchmarkTest) ... ok
2026-10-03T15:13:59.6130076Z test_parse_failure_is_not_repaired (test_benchmark_generation.GenerationBenchmarkTest) ... ok
2026-10-03T15:13:59.6133286Z test_probability_json_rejects_fences_duplicate_keys_and_nonfinite_literals (test_benchmark_generation.GenerationBenchmarkTest) ... ok
2026-10-03T15:13:59.6138102Z test_probability_mapping_requires_exact_question_and_candidate_coverage (test_benchmark_generation.GenerationBenchmarkTest) ... ok
2026-10-03T15:13:59.6142010Z test_probability_mapping_uses_identical_typed_formatter_without_mutation (test_benchmark_generation.GenerationBenchmarkTest) ... ok
2026-10-03T15:13:59.6145061Z test_probability_prompt_retains_request_and_omits_derived_output_fields (test_benchmark_generation.GenerationBenchmarkTest) ... ok
2026-10-03T15:13:59.6151226Z test_probability_simplex_is_strict_and_invalid_numbers_are_not_repaired (test_benchmark_generation.GenerationBenchmarkTest) ... ok
2026-10-03T15:13:59.6165021Z test_timed_probability_trials_retain_raw_text_on_success_and_failure (test_benchmark_generation.GenerationBenchmarkTest) ... ok
2026-10-03T15:13:59.9282898Z test_complete_schema_split_counts_independent_replay_and_determinism (test_boundary_controls_v7.BoundaryControlsV7Tests) ... ok
2026-10-03T15:13:59.9505997Z test_condition_kind_truth_correct_position_and_action_coverage (test_boundary_controls_v7.BoundaryControlsV7Tests) ... ok
2026-10-03T15:14:00.4370915Z test_corrupt_target_proposal_incomplete_group_and_same_split_duplicate (test_boundary_controls_v7.BoundaryControlsV7Tests) ... ok
2026-10-03T15:14:00.8076703Z test_frozen_output_hashes_and_hidden_metadata_are_absent_from_prompts (test_boundary_controls_v7.BoundaryControlsV7Tests) ... ok
2026-10-03T15:14:00.8086039Z test_independent_replay_rejects_malformed_authority_facts (test_boundary_controls_v7.BoundaryControlsV7Tests) ... ok
2026-10-03T15:14:00.8093578Z test_joint_scope_sequence_revocation_missing_and_one_cent_mutations (test_boundary_controls_v7.BoundaryControlsV7Tests) ... ok
2026-10-03T15:14:00.8097777Z test_latest_authority_missing_withdrawal_and_fraud_priority_mutations (test_boundary_controls_v7.BoundaryControlsV7Tests) ... ok
2026-10-03T15:14:00.8183662Z test_numeric_signed_zero_cancelled_integer_money_and_nonmedian_gold (test_boundary_controls_v7.BoundaryControlsV7Tests) ... ok
2026-10-03T15:14:01.5395365Z test_separate_audit_rejects_changed_rules_conditions_and_labels (test_boundary_controls_v7.BoundaryControlsV7Tests) ... ok
2026-10-03T15:14:01.5461143Z test_structural_alternatives_cross_kind_and_noul_truth (test_boundary_controls_v7.BoundaryControlsV7Tests) ... ok
2026-10-03T15:14:01.5504888Z test_temporal_inclusive_offsets_exception_and_equivalent_negative (test_boundary_controls_v7.BoundaryControlsV7Tests) ... ok
2026-10-03T15:14:01.5506332Z test_exact_frozen_train_and_only_train_row_file_read (test_boundary_train_coverage.TrainCoverageTests) ... skipped 'Frozen Train artifact is not part of a clean checkout'
2026-10-03T15:14:01.5516225Z test_exact_state_margins_and_authority_blocked_exclusion (test_boundary_train_coverage.TrainCoverageTests) ... ok
2026-10-03T15:14:01.5522077Z test_missing_choice_action_and_no_input_mutation (test_boundary_train_coverage.TrainCoverageTests) ... ok
2026-10-03T15:14:01.5524667Z test_non_train_rows_rejected (test_boundary_train_coverage.TrainCoverageTests) ... ok
2026-10-03T15:14:01.5534153Z test_symlink_to_heldout_filename_rejected_before_read (test_boundary_train_coverage.TrainCoverageTests) ... ok
2026-10-03T15:14:01.5544801Z test_unsafe_heldout_filename_rejected_before_read (test_boundary_train_coverage.TrainCoverageTests) ... ok
2026-10-03T15:14:01.5549881Z test_wrong_hash_rejected_before_json_parsing (test_boundary_train_coverage.TrainCoverageTests) ... ok
2026-10-03T15:14:02.3814731Z test_disclosed_done_wait_blocked_precedence (test_browser_data.BrowserDataTest) ... ok
2026-10-03T15:14:03.3718633Z test_disk_roundtrip_preserves_runtime_indices_and_refuses_overwrite (test_browser_data.BrowserDataTest) ... ok
2026-10-03T15:14:03.3747571Z test_exact_scope_ignores_completed_or_busy_distractors (test_browser_data.BrowserDataTest) ... ok
2026-10-03T15:14:03.4247323Z test_forced_active_heads_are_counted_and_never_invent_candidates (test_browser_data.BrowserDataTest) ... ok
2026-10-03T15:14:03.8981547Z test_group_and_ood_isolation_and_determinism (test_browser_data.BrowserDataTest) ... ok
2026-10-03T15:14:03.9717329Z test_id_and_order_permutation_preserves_semantic_proposal (test_browser_data.BrowserDataTest) ... ok
2026-10-03T15:14:03.9737502Z test_injection_cannot_change_any_active_answer (test_browser_data.BrowserDataTest) ... ok
2026-10-03T15:14:03.9842220Z test_metadata_cannot_leak_into_model_prompts (test_browser_data.BrowserDataTest) ... ok
2026-10-03T15:14:03.9867660Z test_rejects_changed_runtime_questions_and_saved_answers (test_browser_data.BrowserDataTest) ... ok
2026-10-03T15:14:04.3792341Z test_rows_are_exact_runtime_inputs_with_only_active_labels (test_browser_data.BrowserDataTest) ... ok
2026-10-03T15:14:04.4327801Z test_same_snapshot_value_counterfactuals_require_the_goal (test_browser_data.BrowserDataTest) ... ok
2026-10-03T15:14:04.4356389Z test_unavailable_or_nonunique_values_are_blocked (test_browser_data.BrowserDataTest) ... ok
2026-10-03T15:14:04.6002172Z test_active_heads_are_scored_even_for_wrong_operation_and_forced_heads_are_separate (test_browser_service_eval.BrowserServiceEvaluationTests) ... ok
2026-10-03T15:14:04.6109156Z test_confidence_is_required_and_consistent_even_on_inactive_heads (test_browser_service_eval.BrowserServiceEvaluationTests) ... ok
2026-10-03T15:14:05.1674306Z test_identity_drift_and_missing_checkpoint_are_failures (test_browser_service_eval.BrowserServiceEvaluationTests) ... ok
2026-10-03T15:14:05.7191069Z test_real_http_failures_remain_in_denominators_and_wire_bytes_are_retained (test_browser_service_eval.BrowserServiceEvaluationTests) ... ok
2026-10-03T15:14:05.7676323Z test_selection_is_label_independent_grouped_balanced_and_order_invariant (test_browser_service_eval.BrowserServiceEvaluationTests) ... ok
2026-10-03T15:14:05.7678033Z test_largest_fanout_is_not_necessarily_longest_sequence (test_candidate_length_audit.CandidateLengthStatsTests) ... ok
2026-10-03T15:14:05.7679554Z test_limits_count_rows_and_sequences_with_strict_exceeds_semantics (test_candidate_length_audit.CandidateLengthStatsTests) ... ok
2026-10-03T15:14:05.8299965Z test_cosmetic_reproduction_does_not_describe_broken_functionality (test_case_customer.CustomerCaseTests) ... ok
2026-10-03T15:14:05.8304450Z test_hidden_worlds_with_identical_observations_have_identical_targets (test_case_customer.CustomerCaseTests) ... ok
2026-10-03T15:14:05.8306175Z test_latent_marginal_is_defined_not_a_guessed_confidence (test_case_customer.CustomerCaseTests) ... ok
2026-10-03T15:14:05.8715711Z test_ood_full_utterances_and_templates_are_reserved (test_case_customer.CustomerCaseTests) ... ok
2026-10-03T15:14:05.9659411Z test_saved_workflow_choice_order_roundtrip (test_case_customer.CustomerCaseTests) ... ok
2026-10-03T15:14:05.9661108Z test_source_question_forms_and_independent_score_descriptions (test_case_customer.CustomerCaseTests) ... ok
2026-10-03T15:14:06.0931688Z test_workflows_compile_to_the_training_inputs_and_targets (test_case_customer.CustomerCaseTests) ... ok
2026-10-03T15:14:06.0933407Z test_bearing_coordinate_convention_and_wrap (test_case_doom.DoomDecisionTests) ... ok
2026-10-03T15:14:06.0966066Z test_episode_splits_and_ood_seed_ranges (test_case_doom.DoomDecisionTests) ... ok
2026-10-03T15:14:06.0967330Z test_movement_momentum_and_action_button_order (test_case_doom.DoomDecisionTests) ... ok
2026-10-03T15:14:06.0968591Z test_shot_grade_boundaries_and_attack (test_case_doom.DoomDecisionTests) ... ok
2026-10-03T15:14:06.0972710Z test_three_tasks_share_episode_group_and_keep_labels_out_of_input (test_case_doom.DoomDecisionTests) ... ok
2026-10-03T15:14:06.0974214Z test_real_rollout_replay_and_tamper_detection (test_case_doom.DoomEngineTests) ... skipped 'optional vizdoom environment unavailable'
2026-10-03T15:14:06.0975751Z test_small_engine_dataset_validates_and_replays_id_and_ood (test_case_doom.DoomEngineTests) ... skipped 'optional vizdoom environment unavailable'
2026-10-03T15:14:06.0977016Z test_arithmetic_uses_exact_integer_floor_and_remainder (test_case_reasoning.ReasoningControlTest) ... ok
2026-10-03T15:14:06.0978301Z test_code_interpreter_matches_hand_calculated_branches (test_case_reasoning.ReasoningControlTest) ... ok
2026-10-03T15:14:06.0979702Z test_directed_reachability_handles_cycles_and_disconnected_nodes (test_case_reasoning.ReasoningControlTest) ... ok
2026-10-03T15:14:06.0983212Z test_evidence_filters_aliases_retractions_and_tied_conflicts (test_case_reasoning.ReasoningControlTest) ... ok
2026-10-03T15:14:06.0984374Z test_filter_sort_and_missing_rank (test_case_reasoning.ReasoningControlTest) ... ok
2026-10-03T15:14:06.1586163Z test_generated_records_have_domain_coverage_and_grouped_splits (test_case_reasoning.ReasoningControlTest) ... ok
2026-10-03T15:14:06.1587327Z test_logic_truth_tables (test_case_reasoning.ReasoningControlTest) ... ok
2026-10-03T15:14:06.1591264Z test_oracles_labels_and_ids_do_not_leak_into_candidate_prompts (test_case_reasoning.ReasoningControlTest) ... ok
2026-10-03T15:14:06.1592851Z test_temporal_order_compares_instants_not_local_dates (test_case_reasoning.ReasoningControlTest) ... ok
2026-10-03T15:14:06.1595222Z test_all_unreachable_candidates_are_filtered_without_gold_insertion (test_case_wikiracing.WikiCaseTest) ... ok
2026-10-03T15:14:06.1596337Z test_browser_back_replays_navigation_stack (test_case_wikiracing.WikiCaseTest) ... ok
2026-10-03T15:14:06.1601177Z test_candidates_do_not_change_with_hidden_distances_or_human_trace (test_case_wikiracing.WikiCaseTest) ... ok
2026-10-03T15:14:06.1602564Z test_invalid_limits_are_rejected (test_case_wikiracing.WikiCaseTest) ... ok
2026-10-03T15:14:06.1604432Z test_path_separators_are_split_before_title_decoding (test_case_wikiracing.WikiCaseTest) ... ok
2026-10-03T15:14:06.1607428Z test_policy_ties_are_uniform_over_best_candidates (test_case_wikiracing.WikiCaseTest) ... ok
2026-10-03T15:14:06.1608413Z test_reverse_bfs_is_directed_and_leaves_unreachable_absent (test_case_wikiracing.WikiCaseTest) ... ok
2026-10-03T15:14:06.1943999Z test_target_isolation_determinism_and_workflow_paths (test_case_wikiracing.WikiCaseTest) ... ok
2026-10-03T15:14:06.1946580Z test_unreachable_option_is_zero_and_distance_stays_metadata (test_case_wikiracing.WikiCaseTest) ... ok
2026-10-03T15:14:06.2871591Z test_calibration_split_count_ids_temperature_and_targets_are_bound (test_checkpoint_package.CheckpointPackageTests) ... ok
2026-10-03T15:14:06.3824229Z test_completed_single_2b_9b_and_ddp_27b_package_without_source_data (test_checkpoint_package.CheckpointPackageTests) ... ok
2026-10-03T15:14:06.4114315Z test_data_relocation_keeps_hashes_and_changes_are_rejected (test_checkpoint_package.CheckpointPackageTests) ... ok
2026-10-03T15:14:06.4115970Z test_duplicate_json_keys_are_rejected (test_checkpoint_package.CheckpointPackageTests) ... ok
2026-10-03T15:14:06.4681016Z test_incomplete_resume_only_and_noncontiguous_training_are_rejected (test_checkpoint_package.CheckpointPackageTests) ... ok
2026-10-03T15:14:06.5098415Z test_missing_extra_symlinked_and_ambiguous_checkpoint_files_are_rejected (test_checkpoint_package.CheckpointPackageTests) ... ok
2026-10-03T15:14:06.6158980Z test_model_revision_adapter_and_ddp_identity_are_bound (test_checkpoint_package.CheckpointPackageTests) ... ok
2026-10-03T15:14:06.6436541Z test_output_no_overwrite_and_source_race_leaves_no_published_partial (test_checkpoint_package.CheckpointPackageTests) ... ok
2026-10-03T15:14:06.6990109Z test_pinned_upstream_license_and_metric_scope_are_required (test_checkpoint_package.CheckpointPackageTests) ... ok
2026-10-03T15:14:06.7710137Z test_reload_requires_finite_equal_shape_real_saved_evidence (test_checkpoint_package.CheckpointPackageTests) ... ok
2026-10-03T15:14:06.8630539Z test_stale_metrics_calibration_and_prediction_grouping_are_rejected (test_checkpoint_package.CheckpointPackageTests) ... ok
2026-10-03T15:14:07.1249238Z test_absent_quote_cannot_acquire_confidence_or_a_semantic_record (test_citation_control.CitationCorpusAuditTest) ... ok
2026-10-03T15:14:07.2105304Z test_auxiliary_spec_is_not_the_semantic_oracle (test_citation_control.CitationCorpusAuditTest) ... ok
2026-10-03T15:14:07.2125455Z test_build_refuses_to_overwrite_existing_corpus (test_citation_control.CitationCorpusAuditTest) ... ok
2026-10-03T15:14:07.2478620Z test_entire_source_document_and_claims_remain_in_one_split (test_citation_control.CitationCorpusAuditTest) ... ok
2026-10-03T15:14:07.2887217Z test_final_rendered_fact_change_is_detected_despite_unchanged_auxiliary_spec (test_citation_control.CitationCorpusAuditTest) ... ok
2026-10-03T15:14:07.3238370Z test_gate_offsets_and_typography_modes_are_checked (test_citation_control.CitationCorpusAuditTest) ... ok
2026-10-03T15:14:07.3338205Z test_labels_ids_provenance_and_specs_are_absent_from_model_inputs (test_citation_control.CitationCorpusAuditTest) ... ok
2026-10-03T15:14:07.3753258Z test_matching_wrong_reference_and_target_are_rejected (test_citation_control.CitationCorpusAuditTest) ... ok
2026-10-03T15:14:07.5325578Z test_original_corpus_audits_and_generation_is_deterministic (test_citation_control.CitationCorpusAuditTest) ... ok
2026-10-03T15:14:07.6982405Z test_report_can_only_create_a_new_file_and_uses_exclusive_open (test_citation_control.CitationCorpusAuditTest) ... ok
2026-10-03T15:14:07.7043580Z test_report_cannot_write_inside_input_data_or_through_directory_alias (test_citation_control.CitationCorpusAuditTest) ... ok
2026-10-03T15:14:07.7084657Z test_report_refuses_existing_files_and_normal_or_dangling_symlinks (test_citation_control.CitationCorpusAuditTest) ... ok
2026-10-03T15:14:07.7115030Z test_unsealed_bytes_fail_before_semantic_audit (test_citation_control.CitationCorpusAuditTest) ... ok
2026-10-03T15:14:07.7124991Z test_delivery_negation_and_irrelevant_numbers (test_citation_control.CitationSemanticsTest) ... ok
2026-10-03T15:14:07.7132825Z test_inclusive_amount_and_leap_date_boundaries_in_both_grammars (test_citation_control.CitationSemanticsTest) ... ok
2026-10-03T15:14:07.7134366Z test_quote_gate_only_normalizes_typography_and_whitespace (test_citation_control.CitationSemanticsTest) ... ok
2026-10-03T15:14:07.7145912Z test_unknown_completions_and_dominating_known_failure (test_citation_control.CitationSemanticsTest) ... ok
2026-10-03T15:14:07.7148495Z test_unsupported_rules_ambiguous_registers_and_claims_fail_closed (test_citation_control.CitationSemanticsTest) ... ok
2026-10-03T15:14:07.7173521Z test_browser_does_not_offer_arbitrary_text_generation (test_community.CommunityTest) ... ok
2026-10-03T15:14:07.7195330Z test_browser_rejects_missing_and_duplicate_observations (test_community.CommunityTest) ... ok
2026-10-03T15:14:07.7218581Z test_browser_rejects_stale_revision_before_postprocessing (test_community.CommunityTest) ... ok
2026-10-03T15:14:07.7242180Z test_browser_resolves_only_supplied_text_and_observed_target (test_community.CommunityTest) ... ok
2026-10-03T15:14:07.7267579Z test_browser_select_options_and_click_ids_remain_observed (test_community.CommunityTest) ... ok
2026-10-03T15:14:07.7288107Z test_builders_reject_empty_observations (test_community.CommunityTest) ... ok
2026-10-03T15:14:07.7311651Z test_drone_requires_verified_climb_clearance_and_never_motor_commands (test_community.CommunityTest) ... ok
2026-10-03T15:14:07.7346893Z test_every_example_compiles_and_declared_field_scales_are_exact (test_community.CommunityTest) ... ok
2026-10-03T15:14:07.7370058Z test_heist_uses_one_guards_local_observation_and_allows_no_target (test_community.CommunityTest) ... ok
2026-10-03T15:14:07.7396537Z test_malformed_responses_cannot_become_proposals (test_community.CommunityTest) ... ok
2026-10-03T15:14:07.7421032Z test_pokemon_faint_forecast_is_conditioned_on_selected_move (test_community.CommunityTest) ... ok
2026-10-03T15:14:07.7443838Z test_runescape_keeps_catalog_and_poll_intervals_closed (test_community.CommunityTest) ... ok
2026-10-03T15:14:08.0869771Z test_candidate_permutation_and_metadata_do_not_determine_the_label (test_community_diversity_v2.CommunityDiversityV2Test) ... ok
2026-10-03T15:14:08.2814249Z test_eighty_authored_families_and_all_schema_kinds (test_community_diversity_v2.CommunityDiversityV2Test) ... ok
2026-10-03T15:14:09.7117352Z test_family_and_source_instance_are_disjoint (test_community_diversity_v2.CommunityDiversityV2Test) ... ok
2026-10-03T15:14:11.3127708Z test_generation_has_no_input_file_reads_and_is_reproducible (test_community_diversity_v2.CommunityDiversityV2Test) ... ok
2026-10-03T15:14:11.3733325Z test_minimal_counterfactuals_change_winner_and_only_one_visible_fact (test_community_diversity_v2.CommunityDiversityV2Test) ... ok
2026-10-03T15:14:11.4629444Z test_target_tampering_and_visible_policy_tampering_fail (test_community_diversity_v2.CommunityDiversityV2Test) ... ok
2026-10-03T15:14:11.4630970Z test_three_valued_negation_exception_and_arithmetic (test_community_diversity_v2.CommunityDiversityV2Test) ... ok
2026-10-03T15:14:11.4634011Z test_boolean_truth_tables_and_unknown_comparisons (test_community_diversity_v2_audit.IndependentVisibleRulesTest) ... ok
2026-10-03T15:14:11.4642512Z test_independent_end_to_end_choice_probe_and_target_corruption (test_community_diversity_v2_audit.IndependentVisibleRulesTest) ... ok
2026-10-03T15:14:11.4645151Z test_nested_arithmetic_sets_and_quoted_literals (test_community_diversity_v2_audit.IndependentVisibleRulesTest) ... ok
2026-10-03T15:14:11.4647782Z test_benchmark_labels_are_excluded_and_candidate_order_ignored (test_community_hard_mix.HardMixtureTests) ... ok
2026-10-03T15:14:11.4649127Z test_empty_benchmark_cannot_pass_screen (test_community_hard_mix.HardMixtureTests) ... ok
2026-10-03T15:14:11.4686388Z test_mixture_allows_empty_output_but_never_overwrites_existing_data (test_community_hard_mix.HardMixtureTests) ... ok
2026-10-03T15:14:11.4760853Z test_mixture_checks_both_manifest_schemas_and_caps_across_replay_folders (test_community_hard_mix.HardMixtureTests) ... ok
2026-10-03T15:14:11.4789565Z test_mixture_rejects_stale_or_missing_source_hashes (test_community_hard_mix.HardMixtureTests) ... ok
2026-10-03T15:14:11.4841160Z test_quarantine_removes_whole_training_group (test_community_hard_mix.HardMixtureTests) ... ok
2026-10-03T15:14:11.4843833Z test_replay_spreads_across_groups_and_never_duplicates (test_community_hard_mix.HardMixtureTests) ... ok
2026-10-03T15:14:11.4845275Z test_request_index_reads_only_visible_fields (test_community_hard_mix.HardMixtureTests) ... ok
2026-10-03T15:14:11.4884513Z test_screen_never_exports_benchmark_text_or_uses_gold (test_community_hard_mix.HardMixtureTests) ... ok
2026-10-03T15:14:11.4901652Z test_candidate_microbatches_preserve_all_logits_without_gold (test_community_pair.CommunityPairTest) ... ok
2026-10-03T15:14:11.4977347Z test_completed_checkpoint_identity_and_changed_content (test_community_pair.CommunityPairTest) ... ok
2026-10-03T15:14:11.5051254Z test_cpu_panel_validation_precedes_gpu_environment_check (test_community_pair.CommunityPairTest) ... ok
2026-10-03T15:14:11.5078978Z test_errors_and_soft_targets_keep_complete_denominators (test_community_pair.CommunityPairTest) ... ok
2026-10-03T15:14:11.5176081Z test_frozen_panel_and_all_five_source_hashes_are_checked (test_community_pair.CommunityPairTest) ... ok
2026-10-03T15:14:11.5228589Z test_group_and_input_leakage_rejected_even_under_new_ids (test_community_pair.CommunityPairTest) ... ok
2026-10-03T15:14:11.5258022Z test_group_macro_equal_weights_keep_errors_missing_and_soft_only_groups (test_community_pair.CommunityPairTest) ... ok
2026-10-03T15:14:11.5274578Z test_identical_checkpoint_content_is_a_valid_negative_result (test_community_pair.CommunityPairTest) ... ok
2026-10-03T15:14:11.5373231Z test_incomplete_wrong_revision_reload_and_calibration_fail_closed (test_community_pair.CommunityPairTest) ... ok
2026-10-03T15:14:11.5390772Z test_nonfinite_logits_and_deadline_record_no_fake_probabilities (test_community_pair.CommunityPairTest) ... ok
2026-10-03T15:14:11.5427853Z test_noul_imbalance_and_failures_have_class_conditional_denominators (test_community_pair.CommunityPairTest) ... ok
2026-10-03T15:14:11.5491025Z test_panel_is_reproducible_group_round_robin_with_honest_counts (test_community_pair.CommunityPairTest) ... ok
2026-10-03T15:14:11.5577510Z test_three_new_versions_and_multiple_sources_are_bound (test_community_pair.CommunityPairTest) ... ok
2026-10-03T15:14:11.6084341Z test_catalog_specific_shared_labels_keep_one_global_split_and_explicit_catalog (test_community_routing_v3.RoutingV3Tests) ... ok
2026-10-03T15:14:11.7096502Z test_choice_target_and_abstain_positions_and_noul_labels_are_balanced (test_community_routing_v3.RoutingV3Tests) ... ok
2026-10-03T15:14:11.7609291Z test_full_catalog_protocol_uses_only_official_test_and_is_not_training_rows (test_community_routing_v3.RoutingV3Tests) ... ok
2026-10-03T15:14:11.7618705Z test_global_official_holdouts_are_reserved_before_duplicate_and_conflict_filtering (test_community_routing_v3.RoutingV3Tests) ... ok
2026-10-03T15:14:11.8241718Z test_gold_present_omitted_and_noul_contracts_are_exact_and_bounded (test_community_routing_v3.RoutingV3Tests) ... ok
2026-10-03T15:14:11.8756359Z test_order_independence_and_duplicate_conflicts (test_community_routing_v3.RoutingV3Tests) ... ok
2026-10-03T15:14:11.8770909Z test_pinned_source_mutation_and_existing_output_fail_without_overwrite (test_community_routing_v3.RoutingV3Tests) ... ok
2026-10-03T15:14:11.9201622Z test_approval_manual_counterevidence_absence_and_conflict (test_community_workflow_v3.WorkflowV3Tests) ... ok
2026-10-03T15:14:12.1538115Z test_builder_preserves_existing_outputs_and_reproduces_hashes (test_community_workflow_v3.WorkflowV3Tests) ... ok
2026-10-03T15:14:12.1540805Z test_claimed_authorization_and_negated_requests_do_not_execute (test_community_workflow_v3.WorkflowV3Tests) ... ok
2026-10-03T15:14:12.1562296Z test_cms_is_multilabel_and_not_tag_name_matching (test_community_workflow_v3.WorkflowV3Tests) ... ok
2026-10-03T15:14:12.1582889Z test_cms_quotes_archives_hypotheses_withdrawal_and_contradiction (test_community_workflow_v3.WorkflowV3Tests) ... ok
2026-10-03T15:14:12.2534511Z test_cosmetic_duplicate_scenarios_are_rejected (test_community_workflow_v3.WorkflowV3Tests) ... ok
2026-10-03T15:14:13.7930800Z test_eighteen_semantic_scenarios_survive_prefix_and_order_normalization (test_community_workflow_v3.WorkflowV3Tests) ... ok
2026-10-03T15:14:13.7936149Z test_exception_has_a_visible_scope_and_cannot_waive_everything (test_community_workflow_v3.WorkflowV3Tests) ... ok
2026-10-03T15:14:13.8351822Z test_generation_is_deterministic_and_reads_no_examples (test_community_workflow_v3.WorkflowV3Tests) ... ok
2026-10-03T15:14:13.9596486Z test_schema_prose_only_counts_and_whole_family_splits (test_community_workflow_v3.WorkflowV3Tests) ... ok
2026-10-03T15:14:13.9598495Z test_secondary_tag_unknown_and_conflict_are_distinct_evidence (test_community_workflow_v3.WorkflowV3Tests) ... ok
2026-10-03T15:14:14.0238004Z test_target_corruption_and_prose_contract_tampering_fail (test_community_workflow_v3.WorkflowV3Tests) ... ok
2026-10-03T15:14:14.2780351Z test_visible_input_alone_reconstructs_targets_and_tracks_candidate_order (test_community_workflow_v3.WorkflowV3Tests) ... ok
2026-10-03T15:14:14.7147737Z test_all_abstain_31_and_32_accepted_and_single_accepted_error (test_compare_boundary_training_v7.BoundaryComparisonMetricsTests) ... ok
2026-10-03T15:14:14.7189957Z test_committed_source_allows_new_driver_but_refuses_frozen_changes (test_compare_boundary_training_v7.BoundaryComparisonMetricsTests) ... ok
2026-10-03T15:14:15.0411120Z test_exception_scope_fraud_and_capacity_unsafe_actions_are_caught (test_compare_boundary_training_v7.BoundaryComparisonMetricsTests) ... ok
2026-10-03T15:14:15.9079062Z test_four_cells_fixed_calibrated_gate_and_all_paired_regressions (test_compare_boundary_training_v7.BoundaryComparisonMetricsTests) ... ok
2026-10-03T15:14:15.9087477Z test_gpu_uuid_requires_complete_physical_identifier (test_compare_boundary_training_v7.BoundaryComparisonMetricsTests) ... ok
2026-10-03T15:14:15.9093397Z test_inclusive_thresholds_and_nearest_floats (test_compare_boundary_training_v7.BoundaryComparisonMetricsTests) ... ok
2026-10-03T15:14:16.0539279Z test_missing_slices_or_family_and_partial_predictions_are_rejected (test_compare_boundary_training_v7.BoundaryComparisonMetricsTests) ... ok
2026-10-03T15:14:16.2207647Z test_old_state_derived_safety_denominators_and_failures (test_compare_boundary_training_v7.BoundaryComparisonMetricsTests) ... ok
2026-10-03T15:14:16.2230906Z test_state_derived_roles_and_scope_field_cross_groups (test_compare_boundary_training_v7.BoundaryComparisonMetricsTests) ... ok
2026-10-03T15:14:19.5715921Z test_calibration_reorder_test_fit_and_partial_evidence_rejected (test_compare_boundary_training_v7.BoundaryComparisonPreflightTests) ... ok
2026-10-03T15:14:21.1166451Z test_complete_artifact_stub_all_14_retained_and_904_rows (test_compare_boundary_training_v7.BoundaryComparisonPreflightTests) ... ok
2026-10-03T15:14:23.8483143Z test_execution_request_stage_and_base_content_tampering_rejected (test_compare_boundary_training_v7.BoundaryComparisonPreflightTests) ... ok
2026-10-03T15:14:25.9623818Z test_initialization_and_gradient_proof_tampering_or_false_status_rejected (test_compare_boundary_training_v7.BoundaryComparisonPreflightTests) ... ok
2026-10-03T15:14:32.7810203Z test_non_uuid_runtime_changes_fail_before_adapted_predictions (test_compare_boundary_training_v7.BoundaryComparisonPreflightTests) ... ok
2026-10-03T15:14:36.3590780Z test_partial_nonfinite_unordered_journal_and_wrong_run_identity_rejected (test_compare_boundary_training_v7.BoundaryComparisonPreflightTests) ... ok
2026-10-03T15:14:37.7507024Z test_raw_plan_main_retained_and_checkpoint_tampering_rejected (test_compare_boundary_training_v7.BoundaryComparisonPreflightTests) ... ok
2026-10-03T15:14:38.6228829Z test_retained_missing_reorder_and_provenance_rejected_independently (test_compare_boundary_training_v7.BoundaryComparisonPreflightTests) ... ok
2026-10-03T15:14:48.9776010Z test_runtime_requires_bf16_base_fp32_head_and_single_assigned_uuid (test_compare_boundary_training_v7.BoundaryComparisonPreflightTests) ... ok
2026-10-03T15:14:51.7007411Z test_sequential_raw_logits_and_failed_quality_gate_without_gpu (test_compare_boundary_training_v7.BoundaryComparisonPreflightTests) ... ok
2026-10-03T15:14:54.4632269Z test_settings_resume_missing_completion_and_output_overlap_rejected (test_compare_boundary_training_v7.BoundaryComparisonPreflightTests) ... ok
2026-10-03T15:14:56.1585856Z test_bundle_all_calibration_precedes_heldout_with_four_loads (test_compare_frontier_training_v8.FrontierArithmeticTests) ... ok
2026-10-03T15:14:56.1596755Z test_cli_execute_fails_before_any_input_read (test_compare_frontier_training_v8.FrontierArithmeticTests) ... ok
2026-10-03T15:14:56.3332084Z test_core_rejects_changed_runtime_and_denominators (test_compare_frontier_training_v8.FrontierArithmeticTests) ... ok
2026-10-03T15:14:56.3334257Z test_inclusive_thresholds_and_floor (test_compare_frontier_training_v8.FrontierArithmeticTests) ... ok
2026-10-03T15:14:56.3385219Z test_missing_runtime_fields_and_checkpoint_binding_fail_before_journal (test_compare_frontier_training_v8.FrontierArithmeticTests) ... ok
2026-10-03T15:14:56.5330510Z test_noul_errors_coverage_and_observed_denominators (test_compare_frontier_training_v8.FrontierArithmeticTests) ... ok
2026-10-03T15:14:56.5336676Z test_paired_threshold_changes_and_all_timing_outliers (test_compare_frontier_training_v8.FrontierArithmeticTests) ... ok
2026-10-03T15:14:56.5346855Z test_prediction_bindings_reject_each_mutation (test_compare_frontier_training_v8.FrontierArithmeticTests) ... ok
2026-10-03T15:14:56.5529981Z test_preflight_recomputes_completion_without_parsing_heldout (test_compare_frontier_training_v8.FrontierArithmeticTests) ... ok
2026-10-03T15:14:56.6516791Z test_preflight_rejects_changed_sources_data_completion_runtime_and_overlap (test_compare_frontier_training_v8.FrontierArithmeticTests) ... ok
2026-10-03T15:14:57.2822941Z test_safety_all_six_permissive_actions_and_numeric_reporting (test_compare_frontier_training_v8.FrontierArithmeticTests) ... ok
2026-10-03T15:14:57.2827992Z test_four_temperature_cells_preserve_argmax_and_change_probability_metrics (test_compare_policy_training_v6.ComparisonMetricsTests) ... ok
2026-10-03T15:14:57.2857687Z test_frozen_source_and_committed_evaluation_bytes (test_compare_policy_training_v6.ComparisonMetricsTests) ... ok
2026-10-03T15:14:57.3102340Z test_injection_options_align_by_text_and_consistent_wrong_is_separate (test_compare_policy_training_v6.ComparisonMetricsTests) ... ok
2026-10-03T15:14:57.3110263Z test_noul_inclusive_thresholds_nextafter_and_zero_accepted (test_compare_policy_training_v6.ComparisonMetricsTests) ... ok
2026-10-03T15:14:57.3118320Z test_prediction_binding_and_paired_transitions (test_compare_policy_training_v6.ComparisonMetricsTests) ... ok
2026-10-03T15:14:57.3732030Z test_semantic_temporal_and_joint_authority_subgroups (test_compare_policy_training_v6.ComparisonMetricsTests) ... ok
2026-10-03T15:14:57.4544264Z test_calibration_order_temperature_and_split_cannot_be_changed (test_compare_policy_training_v6.ComparisonPreflightTests) ... ok
2026-10-03T15:14:57.5049295Z test_first_cuda_synchronize_failure_is_journaled (test_compare_policy_training_v6.ComparisonPreflightTests) ... ok
2026-10-03T15:14:57.5549907Z test_nonfinite_inference_writes_failed_record_and_raises (test_compare_policy_training_v6.ComparisonPreflightTests) ... ok
2026-10-03T15:14:57.6082621Z test_plan_and_data_byte_tampering_rejected (test_compare_policy_training_v6.ComparisonPreflightTests) ... ok
2026-10-03T15:14:57.6615199Z test_regression_order_and_output_containment_rejected (test_compare_policy_training_v6.ComparisonPreflightTests) ... ok
2026-10-03T15:14:57.9658174Z test_sequential_model_lifecycle_lock_and_four_cell_output_without_gpu (test_compare_policy_training_v6.ComparisonPreflightTests) ... ok
2026-10-03T15:14:58.0390329Z test_source_settings_completion_and_reload_error_rejected (test_compare_policy_training_v6.ComparisonPreflightTests) ... ok
2026-10-03T15:14:58.1039046Z test_swapped_final_weights_or_modified_completion_receipt_rejected (test_compare_policy_training_v6.ComparisonPreflightTests) ... ok
2026-10-03T15:14:58.1634080Z test_valid_preflight_locks_complete_receipt_and_all_six_sets (test_compare_policy_training_v6.ComparisonPreflightTests) ... ok
2026-10-03T15:14:58.1635917Z test_allow_offload_never_allows_unloaded_parameters (test_consumer_gpu_loading.ConsumerGpuLoadingTest) ... skipped 'requires torch, transformers and peft'
2026-10-03T15:14:58.1638047Z test_backbone_dtype_defaults_to_released_bfloat16_and_is_selectable (test_consumer_gpu_loading.ConsumerGpuLoadingTest) ... skipped 'requires torch, transformers and peft'
2026-10-03T15:14:58.1640401Z test_cpu_embedding_is_reused_by_uncached_and_cached_scoring (test_consumer_gpu_loading.ConsumerGpuLoadingTest) ... skipped 'requires torch, transformers and peft'
2026-10-03T15:14:58.1642625Z test_explicit_transformer_cpu_offload_is_rejected (test_consumer_gpu_loading.ConsumerGpuLoadingTest) ... skipped 'requires torch, transformers and peft'
2026-10-03T15:14:58.1644684Z test_hub_id_meta_head_uses_pinned_shard_and_original_subtraction_dtype (test_consumer_gpu_loading.ConsumerGpuLoadingTest) ... skipped 'requires torch, transformers and peft'
2026-10-03T15:14:58.1646695Z test_load_revalidates_adapter_parameters (test_consumer_gpu_loading.ConsumerGpuLoadingTest) ... skipped 'requires torch, transformers and peft'
2026-10-03T15:14:58.1648462Z test_local_snapshot_resolution (test_consumer_gpu_loading.ConsumerGpuLoadingTest) ... skipped 'requires torch, transformers and peft'
2026-10-03T15:14:58.1650424Z test_provenance_records_loaded_rather_than_requested_backbone_dtypes (test_consumer_gpu_loading.ConsumerGpuLoadingTest) ... skipped 'requires torch, transformers and peft'
2026-10-03T15:14:58.1652829Z test_quantized_loading_is_refused_on_apple_mps_before_loading (test_consumer_gpu_loading.ConsumerGpuLoadingTest) ... skipped 'requires torch, transformers and peft'
2026-10-03T15:14:58.1654871Z test_similar_embedding_module_name_does_not_bypass_guard (test_consumer_gpu_loading.ConsumerGpuLoadingTest) ... skipped 'requires torch, transformers and peft'
2026-10-03T15:14:58.1657111Z test_unknown_backbone_dtype_is_rejected_before_loading (test_consumer_gpu_loading.ConsumerGpuLoadingTest) ... skipped 'requires torch, transformers and peft'
2026-10-03T15:14:58.1659014Z test_unsharded_snapshot_resolution (test_consumer_gpu_loading.ConsumerGpuLoadingTest) ... skipped 'requires torch, transformers and peft'
2026-10-03T15:14:58.1680658Z test_changed_manifest_artifact_and_source_are_rejected (test_contact_service.ContactDriverFixtures) ... ok
2026-10-03T15:14:58.1686477Z test_expected_identity_and_split_flags_fail_before_any_transport (test_contact_service.ContactDriverFixtures) ... ok
2026-10-03T15:14:58.1775114Z test_failed_default_http_path_never_marks_model_quality_evidence (test_contact_service.ContactDriverFixtures) ... ok
2026-10-03T15:14:58.1836299Z test_fixture_driver_preserves_original_requests_and_raw_responses (test_contact_service.ContactDriverFixtures) ... ok
2026-10-03T15:14:58.1889659Z test_interruption_retains_unattempted_documents_in_denominators (test_contact_service.ContactDriverFixtures) ... ok
2026-10-03T15:14:58.1919485Z test_loader_hashes_training_bytes_without_parsing_targets (test_contact_service.ContactDriverFixtures) ... ok
2026-10-03T15:14:58.1942337Z test_outputs_cannot_overwrite_inputs_or_follow_output_symlink (test_contact_service.ContactDriverFixtures) ... ok
2026-10-03T15:14:58.1957199Z test_absent_and_ambiguous_refusals_do_not_enter_unique_target_metric (test_contact_service.ContactPipelineFixtures) ... ok
2026-10-03T15:14:58.1958969Z test_b_failure_retains_a_score_and_b_fixed_denominator (test_contact_service.ContactPipelineFixtures) ... skipped 'requires optional .[phone] extra'
2026-10-03T15:14:58.1967166Z test_choice_tie_preserves_actual_service_choice (test_contact_service.ContactPipelineFixtures) ... ok
2026-10-03T15:14:58.1976208Z test_email_wrong_role_copy_is_not_requested_target_success (test_contact_service.ContactPipelineFixtures) ... ok
2026-10-03T15:14:58.1985089Z test_equal_email_at_other_offset_still_fails (test_contact_service.ContactPipelineFixtures) ... ok
2026-10-03T15:14:58.1994977Z test_forced_no_candidate_still_requires_valid_response (test_contact_service.ContactPipelineFixtures) ... ok
2026-10-03T15:14:58.2000966Z test_http_error_preserves_wire_bytes_and_all_case_denominators (test_contact_service.ContactPipelineFixtures) ... ok
2026-10-03T15:14:58.2002957Z test_identity_change_between_a_b_and_across_corpora_is_rejected (test_contact_service.ContactPipelineFixtures) ... skipped 'requires optional .[phone] extra'
2026-10-03T15:14:58.2030970Z test_json_probability_candidate_and_sequence_errors_cannot_succeed (test_contact_service.ContactPipelineFixtures) ... ok
2026-10-03T15:14:58.2043467Z test_metadata_identity_locks_even_when_first_answers_are_invalid (test_contact_service.ContactPipelineFixtures) ... ok
2026-10-03T15:14:58.2050843Z test_miss_none_is_span_correct_but_extraction_failure (test_contact_service.ContactPipelineFixtures) ... ok
2026-10-03T15:14:58.2052731Z test_partial_actual_candidate_gets_b_without_gold_repair (test_contact_service.ContactPipelineFixtures) ... skipped 'requires optional .[phone] extra'
2026-10-03T15:14:58.2054693Z test_phone_b_uses_actual_wrong_role_even_when_presence_is_false (test_contact_service.ContactPipelineFixtures) ... skipped 'requires optional .[phone] extra'
2026-10-03T15:14:58.2065027Z test_phone_none_with_presence_true_does_not_send_b (test_contact_service.ContactPipelineFixtures) ... ok
2026-10-03T15:14:58.2066680Z test_possible_but_invalid_gb_can_succeed_with_exact_e164 (test_contact_service.ContactPipelineFixtures) ... skipped 'requires optional .[phone] extra'
2026-10-03T15:14:58.2068607Z test_unknown_region_none_output_is_not_extraction_success (test_contact_service.ContactPipelineFixtures) ... skipped 'requires optional .[phone] extra'
2026-10-03T15:14:58.2727625Z test_build_and_report_never_overwrite_existing_inputs (test_context_retention_data.RetentionDataTests) ... ok
2026-10-03T15:14:58.3551135Z test_generated_ood_has_unseen_shared_dependency_structure (test_context_retention_data.RetentionDataTests) ... ok
2026-10-03T15:14:58.4854878Z test_hidden_spec_and_same_length_output_contents_do_not_determine_labels (test_context_retention_data.RetentionDataTests) ... ok
2026-10-03T15:14:58.5662803Z test_inputs_exclude_metadata_targets_and_full_outputs (test_context_retention_data.RetentionDataTests) ... ok
2026-10-03T15:14:58.7488902Z test_matching_wrong_reference_and_target_cannot_pass (test_context_retention_data.RetentionDataTests) ... ok
2026-10-03T15:14:58.8787219Z test_mutated_visible_goal_is_checked_without_consulting_spec (test_context_retention_data.RetentionDataTests) ... ok
2026-10-03T15:14:58.9965566Z test_pinned_and_unpaired_gates_never_acquire_probabilities (test_context_retention_data.RetentionDataTests) ... ok
2026-10-03T15:14:59.0677600Z test_policy_tampering_and_extra_rule_are_rejected (test_context_retention_data.RetentionDataTests) ... ok
2026-10-03T15:14:59.2627616Z test_small_corpus_is_deterministic_and_independently_verified (test_context_retention_data.RetentionDataTests) ... ok
2026-10-03T15:14:59.3818043Z test_source_result_pairing_and_omission_are_checked (test_context_retention_data.RetentionDataTests) ... ok
2026-10-03T15:14:59.4498895Z test_unsealed_data_mutation_fails_before_semantic_checks (test_context_retention_data.RetentionDataTests) ... ok
2026-10-03T15:14:59.4507253Z test_group_spanning_source_train_and_test_is_rejected (test_data.ImportDataTests) ... ok
2026-10-03T15:14:59.4521642Z test_noul_maps_labels_and_preserves_official_test (test_data.ImportDataTests) ... ok
2026-10-03T15:14:59.4627367Z test_source_train_never_becomes_test_and_duplicates_share_group (test_data.ImportDataTests) ... ok
2026-10-03T15:14:59.4632420Z test_unknown_label_is_not_silently_remapped (test_data.ImportDataTests) ... ok
2026-10-03T15:14:59.4826185Z test_build_roundtrip (test_data.SyntheticDataTests) ... ok
2026-10-03T15:14:59.5197340Z test_deterministic_and_every_target_matches_explicit_oracle (test_data.SyntheticDataTests) ... ok
2026-10-03T15:14:59.5290831Z test_directory_validation_ignores_auxiliary_workflow_jsonl (test_data.SyntheticDataTests) ... ok
2026-10-03T15:14:59.5295925Z test_duplicate_input_cannot_evade_detection_by_shuffling (test_data.SyntheticDataTests) ... ok
2026-10-03T15:14:59.5296744Z test_evidence_absence_is_unknown (test_data.SyntheticDataTests) ... ok
2026-10-03T15:14:59.5297441Z test_policy_boundaries_and_rule_precedence (test_data.SyntheticDataTests) ... ok
2026-10-03T15:14:59.5299862Z test_rejects_bad_probabilities_and_provenance (test_data.SyntheticDataTests) ... ok
2026-10-03T15:14:59.5300991Z test_routing_priorities_and_threshold (test_data.SyntheticDataTests) ... ok
2026-10-03T15:14:59.5304330Z test_same_context_with_changed_candidates_cannot_cross_splits (test_data.SyntheticDataTests) ... ok
2026-10-03T15:14:59.5308213Z test_same_split_allows_changed_candidates_and_question_variants (test_data.SyntheticDataTests) ... ok
2026-10-03T15:14:59.5314568Z test_split_directory_rejects_row_in_wrong_split_file (test_data.SyntheticDataTests) ... ok
2026-10-03T15:14:59.5695551Z test_split_grouping_and_ood_isolation (test_data.SyntheticDataTests) ... ok
2026-10-03T15:14:59.6016974Z test_full_pass_has_no_padding_skips_or_reordering (test_distributed_training.DistributedContractTests) ... ok
2026-10-03T15:14:59.6018667Z test_reload_rejects_nonfinite_length_mismatch_and_large_error (test_distributed_training.DistributedContractTests) ... ok
2026-10-03T15:14:59.6019960Z test_resource_policy_requires_exact_host_and_physical_uuids (test_distributed_training.DistributedContractTests) ... ok
2026-10-03T15:14:59.6048293Z test_resume_rejects_changed_data_order_schedule_runtime_topology_and_code (test_distributed_training.DistributedContractTests) ... ok
2026-10-03T15:14:59.6067765Z test_snapshot_checksums_and_optimizer_cursor_are_checked_before_tensors (test_distributed_training.DistributedContractTests) ... ok
2026-10-03T15:14:59.6069745Z test_cpu_final_evaluation_fits_calibration_and_preserves_original_baselines (test_distributed_training.DistributedNumericalTests) ... skipped 'requires optional torch runtime'
2026-10-03T15:14:59.6072599Z test_four_rank_dropout_python_torch_rng_and_optimizer_resume (test_distributed_training.DistributedNumericalTests) ... skipped 'requires optional torch runtime'
2026-10-03T15:14:59.6074357Z test_four_rank_global_batch_matches_serial_parameters_optimizer_and_losses (test_distributed_training.DistributedNumericalTests) ... skipped 'requires optional torch runtime'
2026-10-03T15:14:59.6076209Z test_restore_rejects_missing_optimizer_moment_and_reordered_parameter_groups (test_distributed_training.DistributedNumericalTests) ... skipped 'requires optional torch runtime'
2026-10-03T15:14:59.6180466Z test_defaults_cache_opt_in_and_command_override (test_docker_deployment.DockerEntrypointTest) ... ok
2026-10-03T15:14:59.6219219Z test_empty_manifest_is_rejected (test_docker_deployment.DockerFetchTest) ... ok
2026-10-03T15:14:59.6253002Z test_missing_manifest_is_rejected (test_docker_deployment.DockerFetchTest) ... ok
2026-10-03T15:14:59.6290959Z test_tampered_package_is_rejected (test_docker_deployment.DockerFetchTest) ... ok
2026-10-03T15:14:59.6329875Z test_valid_package_records_verified_files (test_docker_deployment.DockerFetchTest) ... ok
2026-10-03T15:14:59.6364060Z test_wrong_base_revision_is_rejected (test_docker_deployment.DockerFetchTest) ... ok
2026-10-03T15:14:59.6365322Z test_all_frozen_training_rows_match_runtime_prompts (test_doom_control.DoomControlTest) ... skipped 'frozen local Doom corpus is unavailable'
2026-10-03T15:14:59.6416417Z test_attack_threshold_and_alignment_never_override_model_action (test_doom_control.DoomControlTest) ... ok
2026-10-03T15:15:00.1546569Z test_audited_http_suite_records_typed_errors_without_fallback (test_doom_control.DoomControlTest) ... ok
2026-10-03T15:15:00.1569088Z test_http_typed_loop_keeps_raw_heads_and_never_calls_teacher (test_doom_control.DoomControlTest) ... ok
2026-10-03T15:15:00.1637947Z test_legacy_mode_is_default_and_typed_cli_replay_is_explicit (test_doom_control.DoomControlTest) ... ok
2026-10-03T15:15:00.1686489Z test_malformed_heads_probabilities_confidence_and_legend_fail (test_doom_control.DoomControlTest) ... ok
2026-10-03T15:15:00.1687795Z test_real_typed_engine_rollout_and_replay (test_doom_control.DoomControlTest) ... skipped 'optional local ViZDoom is unavailable'
2026-10-03T15:15:00.1693082Z test_service_identity_counts_noul_as_one_sequence (test_doom_control.DoomControlTest) ... ok
2026-10-03T15:15:00.1696298Z test_training_and_runtime_candidate_prompts_are_identical (test_doom_control.DoomControlTest) ... ok
2026-10-03T15:15:01.4038259Z test_all_actions_kinds_and_parent_ood_splits_are_present (test_drone_data.DroneDataTest) ... ok
2026-10-03T15:15:01.4064912Z test_corrupt_questions_answers_or_derivation_are_rejected (test_drone_data.DroneDataTest) ... ok
2026-10-03T15:15:02.0590289Z test_disk_roundtrip_and_overwrite_protection (test_drone_data.DroneDataTest) ... ok
2026-10-03T15:15:02.5032712Z test_exact_runtime_prompts_targets_and_typed_proposals (test_drone_data.DroneDataTest) ... ok
2026-10-03T15:15:02.5438665Z test_ids_order_and_metadata_do_not_decide_references (test_drone_data.DroneDataTest) ... ok
2026-10-03T15:15:02.5472293Z test_same_sensor_facts_different_side_goals (test_drone_data.DroneDataTest) ... ok
2026-10-03T15:15:02.5666871Z test_single_candidate_omission_and_no_inactive_heads (test_drone_data.DroneDataTest) ... ok
2026-10-03T15:15:02.5683130Z test_climb_requires_permission_verified_clearance_and_geometry (test_drone_data.DroneRuleTest) ... ok
2026-10-03T15:15:02.5697553Z test_gap_width_tie_goal_and_all_barriers (test_drone_data.DroneRuleTest) ... ok
2026-10-03T15:15:02.5706916Z test_goal_changes_reacquisition_but_not_evidence_or_risk (test_drone_data.DroneRuleTest) ... ok
2026-10-03T15:15:02.5726441Z test_missing_disclosure_or_invalid_measurements_do_not_get_labels (test_drone_data.DroneRuleTest) ... ok
2026-10-03T15:15:02.5743463Z test_relative_motion_and_off_course_obstacles (test_drone_data.DroneRuleTest) ... ok
2026-10-03T15:15:02.5767432Z test_stopping_distance_ttc_and_clearance_boundaries (test_drone_data.DroneRuleTest) ... ok
2026-10-03T15:15:02.5794123Z test_target_loss_needs_independent_unoccluded_evidence (test_drone_data.DroneRuleTest) ... ok
2026-10-03T15:15:02.7164162Z test_exact_requests_teacher_and_derivation_are_required (test_drone_service_eval.DroneServiceEvaluationTests) ... ok
2026-10-03T15:15:02.7184556Z test_forced_maneuver_is_separate_and_all_failures_stay_in_denominators (test_drone_service_eval.DroneServiceEvaluationTests) ... ok
2026-10-03T15:15:02.7740791Z test_interrupted_run_preserves_all_denominators_and_frozen_requests (test_drone_service_eval.DroneServiceEvaluationTests) ... ok
2026-10-03T15:15:02.7759070Z test_modal_ties_scalar_error_and_noul_threshold (test_drone_service_eval.DroneServiceEvaluationTests) ... ok
2026-10-03T15:15:02.7784051Z test_noul_has_one_scoring_sequence_and_artifact_identity_is_exact (test_drone_service_eval.DroneServiceEvaluationTests) ... ok
2026-10-03T15:15:02.8704758Z test_offline_transport_failures_identity_and_wire_evidence (test_drone_service_eval.DroneServiceEvaluationTests) ... ok
2026-10-03T15:15:02.9293390Z test_selection_is_label_independent_order_invariant_and_grouped (test_drone_service_eval.DroneServiceEvaluationTests) ... ok
2026-10-03T15:15:02.9395208Z test_strict_all_head_contracts_reject_malformed_fields (test_drone_service_eval.DroneServiceEvaluationTests) ... ok
2026-10-03T15:15:02.9400825Z test_independent_suite_is_deterministic_and_compiles_mixed_types (test_efficiency_metrics.EfficiencyMetricsTest) ... ok
2026-10-03T15:15:02.9402384Z test_interpolated_percentiles_and_throughput (test_efficiency_metrics.EfficiencyMetricsTest) ... ok
2026-10-03T15:15:03.4444816Z test_loopback_http_audits_real_transport_and_separates_scope (test_efficiency_metrics.EfficiencyMetricsTest) ... ok
2026-10-03T15:15:03.4449902Z test_missing_reordered_and_nonfinite_probabilities_fail (test_efficiency_metrics.EfficiencyMetricsTest) ... ok
2026-10-03T15:15:03.4451750Z test_noul_equal_boundary_uses_true_at_half (test_efficiency_metrics.EfficiencyMetricsTest) ... ok
2026-10-03T15:15:03.4453582Z test_official_noul_thresholds_point_two_and_point_eight_are_audited (test_efficiency_metrics.EfficiencyMetricsTest) ... ok
2026-10-03T15:15:03.4455035Z test_small_error_without_crossing_passes (test_efficiency_metrics.EfficiencyMetricsTest) ... ok
2026-10-03T15:15:03.4456247Z test_tiny_coverage_boundary_flip_is_reported (test_efficiency_metrics.EfficiencyMetricsTest) ... ok
2026-10-03T15:15:03.4457893Z test_tiny_probability_error_still_fails_decision_boundary (test_efficiency_metrics.EfficiencyMetricsTest) ... ok
2026-10-03T15:15:03.4459071Z test_usage_mismatch_fails_parity (test_efficiency_metrics.EfficiencyMetricsTest) ... ok
2026-10-03T15:15:03.4935151Z test_build_does_not_overwrite_existing_corpus (test_email_selection_control.EmailCorpusAuditTest) ... ok
2026-10-03T15:15:03.5141699Z test_candidate_copy_cannot_silently_lowercase_addresses (test_email_selection_control.EmailCorpusAuditTest) ... ok
2026-10-03T15:15:03.6255611Z test_groups_and_contact_identity_are_isolated (test_email_selection_control.EmailCorpusAuditTest) ... ok
2026-10-03T15:15:03.6538481Z test_hidden_reference_and_ids_do_not_enter_prompts (test_email_selection_control.EmailCorpusAuditTest) ... ok
2026-10-03T15:15:03.6790585Z test_joint_reference_and_target_mutation_rejected (test_email_selection_control.EmailCorpusAuditTest) ... ok
2026-10-03T15:15:03.7744040Z test_original_counts_recall_omissions_and_deterministic_generation (test_email_selection_control.EmailCorpusAuditTest) ... ok
2026-10-03T15:15:03.8488074Z test_output_exclusive_creation_preserves_concurrent_file (test_email_selection_control.EmailCorpusAuditTest) ... ok
2026-10-03T15:15:03.8550559Z test_output_rejects_input_paths_aliases_existing_files_and_symlinks (test_email_selection_control.EmailCorpusAuditTest) ... ok
2026-10-03T15:15:03.8589098Z test_source_hash_binding_and_unsealed_bytes_are_checked (test_email_selection_control.EmailCorpusAuditTest) ... ok
2026-10-03T15:15:03.8831028Z test_visible_current_status_mutation_is_rejected_without_trusting_reference (test_email_selection_control.EmailCorpusAuditTest) ... ok
2026-10-03T15:15:03.8839398Z test_card_offsets_and_unicode_prefix_use_original_characters (test_email_selection_control.EmailRuntimeTest) ... ok
2026-10-03T15:15:03.8845916Z test_copy_preserves_case_and_can_copy_wrong_role_or_superseded_contacts (test_email_selection_control.EmailRuntimeTest) ... ok
2026-10-03T15:15:03.8853346Z test_current_superseded_order_and_query_blind_candidates (test_email_selection_control.EmailRuntimeTest) ... ok
2026-10-03T15:15:03.8856995Z test_duplicate_current_addresses_are_ambiguous_but_other_roles_are_not (test_email_selection_control.EmailRuntimeTest) ... ok
2026-10-03T15:15:03.8860767Z test_new_original_example_recompiles_and_keeps_copy_separate (test_email_selection_control.EmailRuntimeTest) ... ok
2026-10-03T15:15:03.8904694Z test_no_candidates_maximum_candidates_and_corrupted_cache (test_email_selection_control.EmailRuntimeTest) ... ok
2026-10-03T15:15:03.8910596Z test_quoted_unicode_local_and_unicode_domain_remain_present_but_unrecalled (test_email_selection_control.EmailRuntimeTest) ... ok
2026-10-03T15:15:03.8916221Z test_superseded_only_missing_and_unrecorded_do_not_establish_current_presence (test_email_selection_control.EmailRuntimeTest) ... ok
2026-10-03T15:15:03.8922919Z test_unknown_recognized_status_rejected_in_both_layouts (test_email_selection_control.EmailRuntimeTest) ... ok
2026-10-03T15:15:04.0922119Z test_aliases_cannot_leak_between_families (test_entity_alignment_control.EntityCorpusAuditTest) ... ok
2026-10-03T15:15:04.1187924Z test_auxiliary_labels_and_ids_are_not_model_inputs (test_entity_alignment_control.EntityCorpusAuditTest) ... ok
2026-10-03T15:15:04.1212492Z test_build_refuses_to_overwrite_existing_data (test_entity_alignment_control.EntityCorpusAuditTest) ... ok
2026-10-03T15:15:04.2299198Z test_family_spec_is_auxiliary_and_not_an_oracle (test_entity_alignment_control.EntityCorpusAuditTest) ... ok
2026-10-03T15:15:04.3978946Z test_identifiers_cannot_leak_between_families (test_entity_alignment_control.EntityCorpusAuditTest) ... ok
2026-10-03T15:15:04.4856681Z test_joint_wrong_reference_and_target_mutation_is_rejected (test_entity_alignment_control.EntityCorpusAuditTest) ... ok
2026-10-03T15:15:04.6867723Z test_original_dataset_audits_and_generation_is_deterministic (test_entity_alignment_control.EntityCorpusAuditTest) ... ok
2026-10-03T15:15:04.6934696Z test_output_cannot_target_input_manifest_jsonl_or_directory_symlink (test_entity_alignment_control.EntityCorpusAuditTest) ... ok
2026-10-03T15:15:04.9677033Z test_output_exclusive_creation_preserves_a_concurrently_arriving_file (test_entity_alignment_control.EntityCorpusAuditTest) ... ok
2026-10-03T15:15:04.9723506Z test_output_refuses_existing_files_and_normal_or_dangling_symlinks (test_entity_alignment_control.EntityCorpusAuditTest) ... ok
2026-10-03T15:15:05.0540252Z test_pairs_and_all_heads_remain_in_the_family_split (test_entity_alignment_control.EntityCorpusAuditTest) ... ok
2026-10-03T15:15:05.0672241Z test_runtime_source_hash_binding_and_unsealed_bytes_are_checked (test_entity_alignment_control.EntityCorpusAuditTest) ... ok
2026-10-03T15:15:05.1555381Z test_visible_input_change_is_detected_with_unchanged_family_spec (test_entity_alignment_control.EntityCorpusAuditTest) ... ok
2026-10-03T15:15:05.1605192Z test_all_fields_agreement_conflict_and_missing_under_both_wordings (test_entity_alignment_control.EntityVisibleSemanticsTest) ... ok
2026-10-03T15:15:05.1612108Z test_equal_unlisted_text_does_not_establish_agreement (test_entity_alignment_control.EntityVisibleSemanticsTest) ... ok
2026-10-03T15:15:05.1624067Z test_exact_units_long_decimals_and_visible_custom_factors (test_entity_alignment_control.EntityVisibleSemanticsTest) ... ok
2026-10-03T15:15:05.1634879Z test_forged_capacity_evidence_unsupported_policy_and_ambiguous_alias_fail (test_entity_alignment_control.EntityVisibleSemanticsTest) ... ok
2026-10-03T15:15:05.1650747Z test_identifier_precedence_and_different_namespaces (test_entity_alignment_control.EntityVisibleSemanticsTest) ... ok
2026-10-03T15:15:05.1666496Z test_identifiers_trim_outer_whitespace_but_preserve_case_and_internal_text (test_entity_alignment_control.EntityVisibleSemanticsTest) ... ok
2026-10-03T15:15:05.1693655Z test_invalid_capacity_is_unknown_instead_of_equal_or_conflicting (test_entity_alignment_control.EntityVisibleSemanticsTest) ... ok
2026-10-03T15:15:05.1710234Z test_mixed_unicode_digits_are_unknown_capacity_even_with_matching_identifiers (test_entity_alignment_control.EntityVisibleSemanticsTest) ... ok
2026-10-03T15:15:05.1713947Z test_new_original_example_recompiles_to_four_heads (test_entity_alignment_control.EntityVisibleSemanticsTest) ... ok
2026-10-03T15:15:05.1723379Z test_same_identifier_permits_same_with_missing_fields (test_entity_alignment_control.EntityVisibleSemanticsTest) ... ok
2026-10-03T15:15:05.1725853Z test_all_300_published_request_hashes_and_reference_statistics_reproduce (test_eval_frontier.FrontierFrozenSourceTests) ... skipped 'requires external pinned JF100 checkout'
2026-10-03T15:15:05.1755603Z test_audit_requires_all_trials_correct_rotated_gold_and_request_identity (test_eval_frontier.FrontierProtocolTests) ... ok
2026-10-03T15:15:05.1767613Z test_checksum_or_source_commit_change_is_rejected_before_loading_items (test_eval_frontier.FrontierProtocolTests) ... ok
2026-10-03T15:15:05.1770601Z test_native_choice_rotation_preserves_meaning_and_remaps_gold (test_eval_frontier.FrontierProtocolTests) ... ok
2026-10-03T15:15:05.1772875Z test_native_probability_validation_catches_invalid_answers_without_retry (test_eval_frontier.FrontierProtocolTests) ... ok
2026-10-03T15:15:05.1774774Z test_request_builder_never_reads_gold_rationale_or_other_hidden_metadata (test_eval_frontier.FrontierProtocolTests) ... ok
2026-10-03T15:15:05.1775928Z test_request_hash_matches_upstream_json_normalization (test_eval_frontier.FrontierProtocolTests) ... ok
2026-10-03T15:15:05.1846764Z test_statistics_keep_template_pairs_and_score_service_failures_zero (test_eval_frontier.FrontierProtocolTests) ... ok
2026-10-03T15:15:05.1897171Z test_audit_checks_bytes_and_counts_for_each_manifest_layout (test_eval_separation.EvaluationSeparationTests) ... ok
2026-10-03T15:15:05.1898980Z test_exact_match_ignores_option_rotation_and_standard_list_labels (test_eval_separation.EvaluationSeparationTests) ... ok
2026-10-03T15:15:05.1900315Z test_manifest_layouts_preserve_identical_frozen_hashes_and_counts (test_eval_separation.EvaluationSeparationTests) ... ok
2026-10-03T15:15:05.1905149Z test_manifest_rejects_missing_and_contradictory_definitions (test_eval_separation.EvaluationSeparationTests) ... ok
2026-10-03T15:15:05.1907283Z test_matcher_uses_only_visible_fields_and_catches_embedded_state (test_eval_separation.EvaluationSeparationTests) ... ok
2026-10-03T15:15:05.1909006Z test_semantic_or_partial_option_prefixes_are_not_stripped (test_eval_separation.EvaluationSeparationTests) ... ok
2026-10-03T15:15:05.1910301Z test_short_state_is_excluded_only_from_substrings_and_boundaries_hold (test_eval_separation.EvaluationSeparationTests) ... ok
2026-10-03T15:15:05.1911995Z test_structured_state_keys_normalize_without_erasing_values_or_case (test_eval_separation.EvaluationSeparationTests) ... ok
2026-10-03T15:15:05.1930482Z test_absent_evidence_writes_failed_report_and_preserves_existing_output (test_expansion_data_audit.Entrypoints) ... ok
2026-10-03T15:15:05.1947973Z test_archive_traversal_and_duplicate_members_rejected (test_expansion_data_audit.Entrypoints) ... ok
2026-10-03T15:15:05.1950787Z test_fixed_contract_matches_preflight_metadata (test_expansion_data_audit.Entrypoints) ... ok
2026-10-03T15:15:05.1953314Z test_full_size_assignment_counts_without_reading_dataset_rows (test_expansion_data_audit.Entrypoints) ... ok
2026-10-03T15:15:05.1960708Z test_modified_pinned_producer_archive_is_rejected (test_expansion_data_audit.Entrypoints) ... ok
2026-10-03T15:15:05.1967729Z test_not_ready_capture_does_not_copy_or_create_output (test_expansion_data_audit.Entrypoints) ... ok
2026-10-03T15:15:05.2817758Z test_pinned_producer_schemas_and_source_bytes (test_expansion_data_audit.Entrypoints) ... ok
2026-10-03T15:15:05.2844580Z test_probe_missing_final_artifacts_returns_not_ready_without_subprocess (test_expansion_data_audit.Entrypoints) ... ok
2026-10-03T15:15:05.3152377Z test_changed_calibration_rejected_after_rehash (test_expansion_data_audit.SyntheticEvidence) ... ok
2026-10-03T15:15:05.3531579Z test_complete_synthetic_capture (test_expansion_data_audit.SyntheticEvidence) ... ok
2026-10-03T15:15:05.4414611Z test_failed_duplicate_wrong_probability_or_missing_prediction_rejected (test_expansion_data_audit.SyntheticEvidence) ... ok
2026-10-03T15:15:05.4588300Z test_global_partition_continues_across_split_boundary (test_expansion_data_audit.SyntheticEvidence) ... ok
2026-10-03T15:15:05.4887941Z test_package_payload_mismatch_even_with_updated_manifest (test_expansion_data_audit.SyntheticEvidence) ... ok
2026-10-03T15:15:05.5737462Z test_partial_training_or_wrong_revision_rejected_after_rehash (test_expansion_data_audit.SyntheticEvidence) ... ok
2026-10-03T15:15:05.5978578Z test_source_bytes_or_before_after_change_rejected (test_expansion_data_audit.SyntheticEvidence) ... ok
2026-10-03T15:15:05.6368591Z test_summary_metric_mutation_rejected_after_rehash (test_expansion_data_audit.SyntheticEvidence) ... ok
2026-10-03T15:15:05.6639003Z test_symlinked_package_payload_rejected (test_expansion_data_audit.SyntheticEvidence) ... ok
2026-10-03T15:15:05.7146019Z test_wrong_profile_or_controller_cleanup_rejected (test_expansion_data_audit.SyntheticEvidence) ... ok
2026-10-03T15:15:05.7147712Z test_all_profile_widths_and_residual_are_close (test_fast_backend.CudaTailTest) ... skipped 'requires CUDA and Triton'
2026-10-03T15:15:05.7149109Z test_out_of_range_cuda_indices_cannot_read_memory (test_fast_backend.CudaTailTest) ... skipped 'requires CUDA and Triton'
2026-10-03T15:15:05.7150316Z test_copied_source_projections_are_released_and_output_alias_survives (test_fast_backend.OwnershipAndReferenceTest) ... skipped 'requires torch'
2026-10-03T15:15:05.7152291Z test_invalid_indices_and_residual_shape_fail (test_fast_backend.OwnershipAndReferenceTest) ... skipped 'requires torch'
2026-10-03T15:15:05.7153733Z test_reference_matches_full_dense_qwen_norm_then_head (test_fast_backend.OwnershipAndReferenceTest) ... skipped 'requires torch'
2026-10-03T15:15:05.7155002Z test_reference_zero_rows_and_multiplier_convention (test_fast_backend.OwnershipAndReferenceTest) ... skipped 'requires torch'
2026-10-03T15:15:05.7156174Z test_all_three_profiles_are_explicit_for_tail (test_fast_backend.ProfileTest) ... ok
2026-10-03T15:15:05.7156952Z test_config_and_layer_layout_mismatches_fail (test_fast_backend.ProfileTest) ... ok
2026-10-03T15:15:05.7157986Z test_license_and_pinned_source_are_retained (test_fast_backend.ProfileTest) ... ok
2026-10-03T15:15:05.7164839Z test_packed_rows_shares_root_and_question_prefixes (test_fast_backend.ProfileTest) ... ok
2026-10-03T15:15:05.7166033Z test_unrecognized_model_and_backend_do_not_fallback (test_fast_backend.ProfileTest) ... ok
2026-10-03T15:15:05.7167108Z test_unvalidated_smaller_tree_profiles_fail_explicitly (test_fast_backend.ProfileTest) ... ok
2026-10-03T15:15:05.7183695Z test_bad_reload_or_calibration_provenance_rejected (test_four_gpu_handoff.HandoffTests) ... ok
2026-10-03T15:15:05.7213184Z test_changed_frozen_inputs_after_wait_prevent_retirement (test_four_gpu_handoff.HandoffTests) ... ok
2026-10-03T15:15:05.7254331Z test_evaluation_failure_prevents_training (test_four_gpu_handoff.HandoffTests) ... ok
2026-10-03T15:15:05.7259860Z test_foreign_gpu_process_blocks_retirement (test_four_gpu_handoff.HandoffTests) ... ok
2026-10-03T15:15:05.7270217Z test_last_optimizer_step_is_not_completion (test_four_gpu_handoff.HandoffTests) ... ok
2026-10-03T15:15:05.7275833Z test_pid_reuse_never_permits_signal (test_four_gpu_handoff.HandoffTests) ... ok
2026-10-03T15:15:06.1030993Z test_real_termination_reaps_owned_child (test_four_gpu_handoff.HandoffTests) ... ok
2026-10-03T15:15:06.1049852Z test_recording_failure_reaps_already_started_child (test_four_gpu_handoff.HandoffTests) ... ok
2026-10-03T15:15:06.1051305Z test_signals_enter_cleanup_path (test_four_gpu_handoff.HandoffTests) ... ok
2026-10-03T15:15:06.1059571Z test_snapshot_failure_precedes_pidfd_and_signal (test_four_gpu_handoff.HandoffTests) ... ok
2026-10-03T15:15:06.1066648Z test_wrong_model_or_noop_phase_commands_are_rejected (test_four_gpu_handoff.HandoffTests) ... ok
2026-10-03T15:15:06.1071736Z test_zero_exit_does_not_replace_completed_eval_manifest (test_four_gpu_handoff.HandoffTests) ... ok
2026-10-03T15:15:06.1449068Z test_freeze_refuses_overwrite_and_aggregate_preserves_development_scope (test_frontier_controls_v4.FrontierControlsV4Test) ... ok
2026-10-03T15:15:06.1853641Z test_frozen_groups_and_executable_oracle (test_frontier_controls_v4.FrontierControlsV4Test) ... ok
2026-10-03T15:15:06.1855348Z test_identity_and_latest_direct_authorization (test_frontier_controls_v4.FrontierControlsV4Test) ... ok
2026-10-03T15:15:06.2029050Z test_oracle_rejects_corrupted_target (test_frontier_controls_v4.FrontierControlsV4Test) ... ok
2026-10-03T15:15:06.7313382Z test_declared_disposition_schedule_is_equal_for_every_scaffold (test_frontier_controls_v8.FrontierV8Tests) ... ok
2026-10-03T15:15:07.5502307Z test_deterministic_counts_and_schema (test_frontier_controls_v8.FrontierV8Tests) ... ok
2026-10-03T15:15:07.5618853Z test_every_essential_component_can_change_an_outcome (test_frontier_controls_v8.FrontierV8Tests) ... ok
2026-10-03T15:15:07.5625048Z test_existing_output_rejected_without_mutation (test_frontier_controls_v8.FrontierV8Tests) ... ok
2026-10-03T15:15:07.5986974Z test_four_presentations_no_truth_layout_shortcut (test_frontier_controls_v8.FrontierV8Tests) ... ok
2026-10-03T15:15:08.3569971Z test_generation_reads_no_data_or_models_and_opaque_ids (test_frontier_controls_v8.FrontierV8Tests) ... ok
2026-10-03T15:15:08.3615822Z test_no_neutral_ledger_padding_and_positions_balanced (test_frontier_controls_v8.FrontierV8Tests) ... ok
2026-10-03T15:15:08.3619959Z test_account_membership_permutation_and_irrelevant_events (test_frontier_isolation_v8.FrontierIsolationTests) ... ok
2026-10-03T15:15:08.3630198Z test_actual_parent_cannot_cross_splits_and_unknown_noul_is_not_guessed (test_frontier_isolation_v8.FrontierIsolationTests) ... ok
2026-10-03T15:15:08.3634480Z test_clock_representation_normalizes_absolute_instants (test_frontier_isolation_v8.FrontierIsolationTests) ... ok
2026-10-03T15:15:08.3637813Z test_compiled_rotations_and_metadata_cannot_disguise_input (test_frontier_isolation_v8.FrontierIsolationTests) ... ok
2026-10-03T15:15:08.3646523Z test_dynamic_topic_mapping_renaming_and_permutation_preserve_edges (test_frontier_isolation_v8.FrontierIsolationTests) ... ok
2026-10-03T15:15:08.3656743Z test_full_menu_numeric_and_time_origin_clones_are_blocked (test_frontier_isolation_v8.FrontierIsolationTests) ... ok
2026-10-03T15:15:08.3659067Z test_ignored_corrections_cannot_supply_temporal_width (test_frontier_isolation_v8.FrontierIsolationTests) ... ok
2026-10-03T15:15:08.3662922Z test_multi_entry_neutral_padding_is_blocked_but_whole_zero_balance_is_valid (test_frontier_isolation_v8.FrontierIsolationTests) ... ok
2026-10-03T15:15:08.3666671Z test_observed_overlap_exposes_only_opaque_fingerprints (test_frontier_isolation_v8.FrontierIsolationTests) ... ok
2026-10-03T15:15:08.3675569Z test_repeated_rotations_and_noop_padding_do_not_make_new_parent (test_frontier_isolation_v8.FrontierIsolationTests) ... ok
2026-10-03T15:15:08.3680793Z test_required_role_line_and_item_permutations_keep_causal_membership (test_frontier_isolation_v8.FrontierIsolationTests) ... ok
2026-10-03T15:15:08.3687641Z test_shared_numeric_atom_with_different_parent_menu_is_disclosed (test_frontier_isolation_v8.FrontierIsolationTests) ... ok
2026-10-03T15:15:08.3700229Z test_wording_identity_record_order_and_visible_noul_are_normalized (test_frontier_isolation_v8.FrontierIsolationTests) ... ok
2026-10-03T15:15:08.3704029Z test_zero_operands_and_cancellation_pairs_cannot_inflate_v8_width (test_frontier_isolation_v8.FrontierIsolationTests) ... ok
2026-10-03T15:15:13.2312699Z test_exclusive_replay_receipt_with_explicitly_mocked_provenance (test_frontier_v8_comparison_replay_integration.ComparatorReplayIntegrationTests) ... ok
2026-10-03T15:15:16.4160716Z test_independent_replay_matches_all_metrics_gates_pairs_and_efficiency (test_frontier_v8_comparison_replay_integration.ComparatorReplayIntegrationTests) ... ok
2026-10-03T15:15:25.6881668Z test_replay_rejects_rehashed_events_runtime_and_scientific_summary (test_frontier_v8_comparison_replay_integration.ComparatorReplayIntegrationTests) ... ok
2026-10-03T15:15:25.7659297Z test_replay_rejects_unbound_journal_sha_and_prediction_order (test_frontier_v8_comparison_replay_integration.ComparatorReplayIntegrationTests) ... ok
2026-10-03T15:15:25.9046737Z test_real_fresh_worker_checks_pidfds_but_receipt_never_grants_gpu_authority (test_frontier_v8_live_host.LiveHostLinuxTests) ... ok
2026-10-03T15:15:25.9120701Z test_acquisition_race_fails_after_pidfds_without_issuing_authority (test_frontier_v8_live_host.LiveHostUnitTests) ... ok
2026-10-03T15:15:25.9163600Z test_alias_ip_and_hostname_are_checked_before_gpu_or_lease (test_frontier_v8_live_host.LiveHostUnitTests) ... ok
2026-10-03T15:15:25.9251530Z test_bound_guard_nonce_birth_and_ancestry_are_rechecked (test_frontier_v8_live_host.LiveHostUnitTests) ... ok
2026-10-03T15:15:25.9309453Z test_bound_loader_source_executes_instead_of_forged_timestamp_pyc (test_frontier_v8_live_host.LiveHostUnitTests) ... ok
2026-10-03T15:15:25.9418884Z test_closed_descriptor_is_detected_and_close_preserves_reservation (test_frontier_v8_live_host.LiveHostUnitTests) ... ok
2026-10-03T15:15:25.9503949Z test_controller_birth_uid_boot_or_bound_exit_invalidates_owner (test_frontier_v8_live_host.LiveHostUnitTests) ... ok
2026-10-03T15:15:25.9555144Z test_current_guard_identity_nonce_and_direct_fresh_session_are_required (test_frontier_v8_live_host.LiveHostUnitTests) ... ok
2026-10-03T15:15:25.9619928Z test_deadline_precedes_process_gpu_reads_and_delayed_probe_is_rechecked (test_frontier_v8_live_host.LiveHostUnitTests) ... ok
2026-10-03T15:15:25.9726106Z test_host_loss_and_new_selected_compute_invalidate_existing_owner (test_frontier_v8_live_host.LiveHostUnitTests) ... ok
2026-10-03T15:15:25.9814641Z test_owned_deadline_expiry_stops_before_fresh_probe_and_clock_errors_stay_distinct (test_frontier_v8_live_host.LiveHostUnitTests) ... ok
2026-10-03T15:15:25.9915286Z test_positive_fixture_is_immutable_check_only_and_cannot_be_promoted (test_frontier_v8_live_host.LiveHostUnitTests) ... ok
2026-10-03T15:15:26.0001161Z test_private_lease_flock_inode_and_exact_marker_bytes_are_required (test_frontier_v8_live_host.LiveHostUnitTests) ... ok
2026-10-03T15:15:26.0027254Z test_production_cli_and_unissued_owner_remain_closed (test_frontier_v8_live_host.LiveHostUnitTests) ... ok
2026-10-03T15:15:26.0150864Z test_protected_compute_birth_and_command_bytes_are_bound (test_frontier_v8_live_host.LiveHostUnitTests) ... ok
2026-10-03T15:15:26.0269470Z test_protected_unknown_non_h100_and_occupied_selected_gpus_are_refused (test_frontier_v8_live_host.LiveHostUnitTests) ... ok
2026-10-03T15:15:26.0317241Z test_public_lease_permissions_are_refused_before_marker (test_frontier_v8_live_host.LiveHostUnitTests) ... ok
2026-10-03T15:15:26.0349235Z test_real_host_reader_uses_hostname_and_only_local_fib_addresses (test_frontier_v8_live_host.LiveHostUnitTests) ... ok
2026-10-03T15:15:26.0560219Z test_selected_and_protected_uuid_mutation_invalidates_existing_owner (test_frontier_v8_live_host.LiveHostUnitTests) ... ok
2026-10-03T15:15:26.0650169Z test_selected_gpu_requires_idle_memory_and_utilization_measurements (test_frontier_v8_live_host.LiveHostUnitTests) ... ok
2026-10-03T15:15:26.0707041Z test_source_hash_mismatch_and_source_overlapping_lease_fail_before_reservation (test_frontier_v8_live_host.LiveHostUnitTests) ... ok
2026-10-03T15:15:26.0818884Z test_source_receipt_dependency_and_stage_mutations_are_refused (test_frontier_v8_live_host.LiveHostUnitTests) ... ok
2026-10-03T15:15:26.0847411Z test_strict_spec_rejects_borrowed_routes_and_unbounded_or_untyped_values (test_frontier_v8_live_host.LiveHostUnitTests) ... ok
2026-10-03T15:15:26.0944268Z test_wrong_stage_attempt_source_and_cuda_flag_are_refused_even_when_rehashed (test_frontier_v8_live_host.LiveHostUnitTests) ... ok
2026-10-03T15:15:26.4992341Z test_cached_scientific_dependencies_from_another_root_reject (test_frontier_v8_native_model.NativeModelTests) ... ok
2026-10-03T15:15:26.5799436Z test_checkpoint_fullhash_tampering_precedes_dependencies (test_frontier_v8_native_model.NativeModelTests) ... ok
2026-10-03T15:15:26.6650041Z test_dtype_quantization_env_is_scrubbed_and_restored (test_frontier_v8_native_model.NativeModelTests) ... ok
2026-10-03T15:15:26.7529722Z test_exact_runtime_row_scope_original_flags_and_cleanup (test_frontier_v8_native_model.NativeModelTests) ... ok
2026-10-03T15:15:27.1202500Z test_four_contexts_are_fresh_and_no_extra_forward (test_frontier_v8_native_model.NativeModelTests) ... ok
2026-10-03T15:15:27.2074072Z test_import_is_lazy_and_owner_failure_precedes_dependencies (test_frontier_v8_native_model.NativeModelTests) ... ok
2026-10-03T15:15:27.2227128Z test_incomplete_training_or_changed_settings_do_not_report_success (test_frontier_v8_native_model.NativeModelTests) ... ok
2026-10-03T15:15:28.0123164Z test_none_trainable_gradient_is_reported_without_imputation (test_frontier_v8_native_model.NativeModelTests) ... ok
2026-10-03T15:15:28.0434240Z test_nonfinite_zero_group_or_base_grad_fails_before_original_step_and_restores (test_frontier_v8_native_model.NativeModelTests) ... ok
2026-10-03T15:15:28.9064530Z test_observer_does_not_keep_model_alive_across_original_checkpoint_reload (test_frontier_v8_native_model.NativeModelTests) ... ok
2026-10-03T15:15:29.0029041Z test_owner_loss_before_row_and_exception_cleanup (test_frontier_v8_native_model.NativeModelTests) ... ok
2026-10-03T15:15:29.3393493Z test_physical_uuid_or_multiple_visible_devices_fail_before_load (test_frontier_v8_native_model.NativeModelTests) ... ok
2026-10-03T15:15:29.4227459Z test_saved_trainable_dtype_cannot_round_into_exact_identity (test_frontier_v8_native_model.NativeModelTests) ... ok
2026-10-03T15:15:29.6042887Z test_source_and_import_location_fail_closed (test_frontier_v8_native_model.NativeModelTests) ... ok
2026-10-03T15:15:30.0821524Z test_tensor_value_missing_key_dtype_and_merged_adapter_reject (test_frontier_v8_native_model.NativeModelTests) ... ok
2026-10-03T15:15:30.8619781Z test_training_original_adamw_first_accumulated_step_zero_bias_and_restoration (test_frontier_v8_native_model.NativeModelTests) ... ok
2026-10-03T15:15:31.3508350Z test_actual_operational_graph_origins_real_functions_and_caller_restore (test_frontier_v8_operational_bridge.OperationalBridgeTests) ... FAIL
2026-10-03T15:15:31.7798409Z test_body_exception_import_failure_and_assertion_pollution_restore_state (test_frontier_v8_operational_bridge.OperationalBridgeTests) ... FAIL
2026-10-03T15:15:32.1907499Z test_bootstrap_source_loader_hash_and_bridge_origin_checked (test_frontier_v8_operational_bridge.OperationalBridgeTests) ... ok
2026-10-03T15:15:32.6245912Z test_cli_cpu_import_scope_and_production_refusal_before_context_read (test_frontier_v8_operational_bridge.OperationalBridgeTests) ... FAIL
2026-10-03T15:15:32.7338987Z test_cpu_assertion_required_cannot_use_boolean_receipt (test_frontier_v8_operational_bridge.OperationalBridgeTests) ... ok
2026-10-03T15:15:32.8426413Z test_foreign_meta_path_hook_and_cache_contamination_rejected (test_frontier_v8_operational_bridge.OperationalBridgeTests) ... ok
2026-10-03T15:15:33.2705700Z test_foreign_path_rejected_and_hostile_cwd_pythonpath_ignored (test_frontier_v8_operational_bridge.OperationalBridgeTests) ... FAIL
2026-10-03T15:15:33.5113924Z test_forged_timestamp_bytecode_is_rejected_without_executing (test_frontier_v8_operational_bridge.OperationalBridgeTests) ... ok
2026-10-03T15:15:33.9409413Z test_lazy_restoration_and_optional_model_imports_remain_undeclared (test_frontier_v8_operational_bridge.OperationalBridgeTests) ... FAIL
2026-10-03T15:15:34.0724411Z test_legitimate_preloaded_and_forged_scripts_modules_rejected (test_frontier_v8_operational_bridge.OperationalBridgeTests) ... ok
2026-10-03T15:15:35.1212813Z test_ownership_loss_before_during_after_import_and_callback_restores_state (test_frontier_v8_operational_bridge.OperationalBridgeTests) ... FAIL
2026-10-03T15:15:35.5553814Z test_private_verifier_substitution_rejected_before_fresh_capture (test_frontier_v8_operational_bridge.OperationalBridgeTests) ... FAIL
2026-10-03T15:15:35.9848345Z test_scope_container_cache_and_captured_loader_mutations_rejected (test_frontier_v8_operational_bridge.OperationalBridgeTests) ... FAIL
2026-10-03T15:15:36.4084918Z test_scope_rejects_module_function_and_class_method_replacement (test_frontier_v8_operational_bridge.OperationalBridgeTests) ... FAIL
2026-10-03T15:15:36.8360716Z test_sources_changed_inside_scope_and_during_import_rejected (test_frontier_v8_operational_bridge.OperationalBridgeTests) ... FAIL
2026-10-03T15:15:37.0870547Z test_wrong_commit_and_dirty_helper_rejected (test_frontier_v8_operational_bridge.OperationalBridgeTests) ... ok
2026-10-03T15:15:37.0874124Z test_ancestry_excludes_unrelated_even_same_session_and_nonce (test_frontier_v8_owned_process.OwnedProcessFixtureTests) ... ok
2026-10-03T15:15:37.0911959Z test_atomic_link_publishes_complete_flushed_json_only (test_frontier_v8_owned_process.OwnedProcessFixtureTests) ... ok
2026-10-03T15:15:37.0915454Z test_birth_uid_and_initial_session_mismatch_fail_closed (test_frontier_v8_owned_process.OwnedProcessFixtureTests) ... ok
2026-10-03T15:15:37.0939934Z test_boot_and_truncated_stat_are_rejected (test_frontier_v8_owned_process.OwnedProcessFixtureTests) ... ok
2026-10-03T15:15:37.0953787Z test_child_born_during_cleanup_is_included_and_pidfds_prove_exit (test_frontier_v8_owned_process.OwnedProcessFixtureTests) ... ok
2026-10-03T15:15:37.1161035Z test_cleanup_never_claims_success_with_live_pidfd (test_frontier_v8_owned_process.OwnedProcessFixtureTests) ... ok
2026-10-03T15:15:37.1172225Z test_cpu_environment_discards_inherited_loader_credentials_and_devices (test_frontier_v8_owned_process.OwnedProcessFixtureTests) ... ok
2026-10-03T15:15:37.1209268Z test_dead_controller_never_starts_worker (test_frontier_v8_owned_process.OwnedProcessFixtureTests) ... ok
2026-10-03T15:15:37.1222245Z test_exclusive_json_preserves_existing_final_bytes (test_frontier_v8_owned_process.OwnedProcessFixtureTests) ... ok
2026-10-03T15:15:37.1243538Z test_existing_attempt_and_symlink_parent_are_refused (test_frontier_v8_owned_process.OwnedProcessFixtureTests) ... ok
2026-10-03T15:15:37.1298705Z test_guard_signal_during_worker_popen_cleans_registered_child (test_frontier_v8_owned_process.OwnedProcessFixtureTests) ... ok
2026-10-03T15:15:37.1352898Z test_independent_watchdog_binds_controller_loss_and_quiesces_worker (test_frontier_v8_owned_process.OwnedProcessFixtureTests) ... ok
2026-10-03T15:15:37.1360165Z test_interrupted_json_write_never_exposes_final_receipt (test_frontier_v8_owned_process.OwnedProcessFixtureTests) ... ok
2026-10-03T15:15:37.1375995Z test_invalid_bounds_shell_or_reused_directory_do_not_spawn (test_frontier_v8_owned_process.OwnedProcessFixtureTests) ... ok
2026-10-03T15:15:37.1418169Z test_missing_guard_receipt_cannot_claim_process_proof (test_frontier_v8_owned_process.OwnedProcessFixtureTests) ... ok
2026-10-03T15:15:37.1419517Z test_nonce_mismatch_does_not_confer_success_or_capture_unrelated (test_frontier_v8_owned_process.OwnedProcessFixtureTests) ... ok
2026-10-03T15:15:37.1420800Z test_orphan_adopted_by_subreaper_remains_owned (test_frontier_v8_owned_process.OwnedProcessFixtureTests) ... ok
2026-10-03T15:15:37.1427840Z test_pidfd_exit_is_observed_before_final_empty_child_proof (test_frontier_v8_owned_process.OwnedProcessFixtureTests) ... ok
2026-10-03T15:15:37.1458453Z test_pidfd_open_sandwich_refuses_reuse_boot_or_uid_change (test_frontier_v8_owned_process.OwnedProcessFixtureTests) ... ok
2026-10-03T15:15:37.1466696Z test_pidfd_signals_have_no_numeric_pid_fallback (test_frontier_v8_owned_process.OwnedProcessFixtureTests) ... ok
2026-10-03T15:15:37.1489284Z test_proc_stat_parentheses_and_uid_are_bound (test_frontier_v8_owned_process.OwnedProcessFixtureTests) ... ok
2026-10-03T15:15:37.1491704Z test_reused_pid_is_refused_before_signal (test_frontier_v8_owned_process.OwnedProcessFixtureTests) ... ok
2026-10-03T15:15:37.1551729Z test_signal_during_guard_popen_defers_cancel_and_never_arms_worker (test_frontier_v8_owned_process.OwnedProcessFixtureTests) ... ok
2026-10-03T15:15:37.1557270Z test_unavailable_kernel_creates_no_attempt_or_process (test_frontier_v8_owned_process.OwnedProcessFixtureTests) ... ok
2026-10-03T15:15:37.2909720Z test_live_controller_sigkill_leaves_independent_quiescence_receipt (test_frontier_v8_owned_process.OwnedProcessLinuxTests) ... ok
2026-10-03T15:15:37.5774072Z test_live_cpu_timeout (test_frontier_v8_owned_process.OwnedProcessLinuxTests) ... ok
2026-10-03T15:15:37.6518210Z test_live_cpu_worker_completion (test_frontier_v8_owned_process.OwnedProcessLinuxTests) ... ok
2026-10-03T15:15:37.8372272Z test_live_forked_escaped_session_is_contained (test_frontier_v8_owned_process.OwnedProcessLinuxTests) ... ok
2026-10-03T15:15:37.8393649Z test_directory_replaced_with_identical_named_bytes_is_refused (test_frontier_v8_resource_capture.ResourceCaptureTests) ... ok
2026-10-03T15:15:37.8408323Z test_directory_scan_error_is_not_silently_treated_as_empty (test_frontier_v8_resource_capture.ResourceCaptureTests) ... ok
2026-10-03T15:15:37.8418644Z test_excluded_node_and_stale_or_invalid_acquisition_refused (test_frontier_v8_resource_capture.ResourceCaptureTests) ... ok
2026-10-03T15:15:37.8439418Z test_execute_rejects_before_request_read (test_frontier_v8_resource_capture.ResourceCaptureTests) ... ok
2026-10-03T15:15:37.8467509Z test_low_util_compute_process_is_occupied (test_frontier_v8_resource_capture.ResourceCaptureTests) ... ok
2026-10-03T15:15:37.8478453Z test_missing_protected_card_or_duplicate_uuid_refused (test_frontier_v8_resource_capture.ResourceCaptureTests) ... ok
2026-10-03T15:15:37.8496529Z test_new_file_during_tree_hash_refused (test_frontier_v8_resource_capture.ResourceCaptureTests) ... ok
2026-10-03T15:15:37.8514979Z test_overlapping_roots_and_duplicate_paths_refused (test_frontier_v8_resource_capture.ResourceCaptureTests) ... ok
2026-10-03T15:15:37.8530507Z test_process_birth_race_refused (test_frontier_v8_resource_capture.ResourceCaptureTests) ... ok
2026-10-03T15:15:37.8542346Z test_progress_must_be_explicit_integer_not_boolean (test_frontier_v8_resource_capture.ResourceCaptureTests) ... ok
2026-10-03T15:15:37.8563666Z test_protected_state_change_refused (test_frontier_v8_resource_capture.ResourceCaptureTests) ... ok
2026-10-03T15:15:37.8581058Z test_second_observation_busy_is_not_free (test_frontier_v8_resource_capture.ResourceCaptureTests) ... ok
2026-10-03T15:15:37.8594306Z test_special_file_and_symlink_inventory_rejected (test_frontier_v8_resource_capture.ResourceCaptureTests) ... ok
2026-10-03T15:15:37.8629062Z test_tree_inventory_and_required_bytes_reread (test_frontier_v8_resource_capture.ResourceCaptureTests) ... ok
2026-10-03T15:15:37.8644348Z test_unknown_compute_pid_cannot_be_silently_ignored (test_frontier_v8_resource_capture.ResourceCaptureTests) ... ok
2026-10-03T15:15:37.8662608Z test_vacancy_requires_both_samples_but_grants_no_authority (test_frontier_v8_resource_capture.ResourceCaptureTests) ... ok
2026-10-03T15:15:38.3334791Z test_borrowed_catchable_interrupt_restores_same_process_tree (test_frontier_v8_resource_episode.ResourceEpisodeLinuxTests) ... ok
2026-10-03T15:15:38.7666306Z test_borrowed_controller_sigkill_restores_same_process_tree (test_frontier_v8_resource_episode.ResourceEpisodeLinuxTests) ... ok
2026-10-03T15:15:39.1499965Z test_borrowed_failed_gate_nonzero_resumes_all_originals (test_frontier_v8_resource_episode.ResourceEpisodeLinuxTests) ... ok
2026-10-03T15:15:39.4585593Z test_borrowed_hash_failure_keeps_reservations_after_resume (test_frontier_v8_resource_episode.ResourceEpisodeLinuxTests) ... ok
2026-10-03T15:15:39.5750313Z test_borrowed_original_nonce_mismatch_is_refused_before_launch (test_frontier_v8_resource_episode.ResourceEpisodeLinuxTests) ... ok
2026-10-03T15:15:40.0880790Z test_borrowed_originals_resume_same_birth_and_progress_without_restart (test_frontier_v8_resource_episode.ResourceEpisodeLinuxTests) ... ok
2026-10-03T15:15:40.3972080Z test_borrowed_ownership_loss_resumes_but_keeps_unproven_lease (test_frontier_v8_resource_episode.ResourceEpisodeLinuxTests) ... ok
2026-10-03T15:15:41.1689363Z test_borrowed_timeout_resumes_all_originals (test_frontier_v8_resource_episode.ResourceEpisodeLinuxTests) ... ok
2026-10-03T15:15:41.3966189Z test_controller_loss_guard_cleans_worker_and_writes_independent_receipt (test_frontier_v8_resource_episode.ResourceEpisodeLinuxTests) ... ok
2026-10-03T15:15:41.7655764Z test_escaped_new_descendant_is_cleaned_and_unrelated_fixture_survives (test_frontier_v8_resource_episode.ResourceEpisodeLinuxTests) ... ok
2026-10-03T15:15:41.7667855Z test_independent_spec_validation_happens_before_launch (test_frontier_v8_resource_episode.ResourceEpisodeLinuxTests) ... ok
2026-10-03T15:15:41.9347263Z test_lost_gpu_identity_never_releases_reservation (test_frontier_v8_resource_episode.ResourceEpisodeLinuxTests) ... ok
2026-10-03T15:15:42.1415953Z test_timeout_fails_closed_before_launch_or_proves_new_tree_quiescence (test_frontier_v8_resource_episode.ResourceEpisodeLinuxTests) ... ok
2026-10-03T15:15:42.3083871Z test_worker_failure_preserves_failure_and_restoration_evidence (test_frontier_v8_resource_episode.ResourceEpisodeLinuxTests) ... ok
2026-10-03T15:15:42.5350175Z test_worker_receives_real_owner_and_success_releases_lease (test_frontier_v8_resource_episode.ResourceEpisodeLinuxTests) ... ok
2026-10-03T15:15:42.5357041Z test_borrowed_scope_reserves_all_original_gpus (test_frontier_v8_resource_episode.ResourceEpisodeUnitTests) ... ok
2026-10-03T15:15:42.5527680Z test_delayed_restoration_evidence_publication_cannot_release_lease (test_frontier_v8_resource_episode.ResourceEpisodeUnitTests) ... ok
2026-10-03T15:15:42.5538668Z test_fake_manifest_without_inherited_owner_is_not_authority (test_frontier_v8_resource_episode.ResourceEpisodeUnitTests) ... ok
2026-10-03T15:15:42.5542990Z test_free_gpu_requires_idle_memory_measurement (test_frontier_v8_resource_episode.ResourceEpisodeUnitTests) ... ok
2026-10-03T15:15:42.5547281Z test_gpu0_and_gpu1_are_never_selected (test_frontier_v8_resource_episode.ResourceEpisodeUnitTests) ... ok
2026-10-03T15:15:42.5571364Z test_inode_replacement_and_unlocked_lease_are_detected (test_frontier_v8_resource_episode.ResourceEpisodeUnitTests) ... ok
2026-10-03T15:15:42.5583244Z test_live_gpu_reader_rejects_inventory_change_between_reads (test_frontier_v8_resource_episode.ResourceEpisodeUnitTests) ... ok
2026-10-03T15:15:42.5592634Z test_live_gpu_reader_uses_absolute_bounded_shell_free_queries (test_frontier_v8_resource_episode.ResourceEpisodeUnitTests) ... ok
2026-10-03T15:15:42.5610894Z test_live_probe_allows_protected_activity_but_requires_both_selected_idle_samples (test_frontier_v8_resource_episode.ResourceEpisodeUnitTests) ... ok
2026-10-03T15:15:42.5615345Z test_low_utilization_cannot_hide_compute (test_frontier_v8_resource_episode.ResourceEpisodeUnitTests) ... ok
2026-10-03T15:15:42.5641897Z test_originals_only_stop_cont_same_process_even_after_controller_loss (test_frontier_v8_resource_episode.ResourceEpisodeUnitTests) ... ok
2026-10-03T15:15:42.5725898Z test_originals_refuse_foreign_ancestry_nonce_and_birth (test_frontier_v8_resource_episode.ResourceEpisodeUnitTests) ... ok
2026-10-03T15:15:42.5729633Z test_owner_bindings_are_recursively_immutable (test_frontier_v8_resource_episode.ResourceEpisodeUnitTests) ... ok
2026-10-03T15:15:42.5731515Z test_owner_deadline_race_preserves_causal_failure_classification (test_frontier_v8_resource_episode.ResourceEpisodeUnitTests)
2026-10-03T15:15:42.6671889Z Real owner/lease reads; process and independent audit are CPU mocks. ... ok
2026-10-03T15:15:42.6758376Z test_owner_live_relationship_and_fresh_probe_are_rechecked (test_frontier_v8_resource_episode.ResourceEpisodeUnitTests) ... ok
2026-10-03T15:15:42.6766527Z test_production_cli_is_closed (test_frontier_v8_resource_episode.ResourceEpisodeUnitTests) ... ok
2026-10-03T15:15:42.6771317Z test_raw_gpu_inventory_refuses_duplicates_and_unknown_compute (test_frontier_v8_resource_episode.ResourceEpisodeUnitTests) ... ok
2026-10-03T15:15:42.6805382Z test_release_deadline_failure_keeps_every_marker (test_frontier_v8_resource_episode.ResourceEpisodeUnitTests) ... ok
2026-10-03T15:15:42.6852667Z test_same_inode_marker_rewrite_cannot_preserve_reservation_identity (test_frontier_v8_resource_episode.ResourceEpisodeUnitTests) ... ok
2026-10-03T15:15:42.6885367Z test_source_closure_requires_all_three_exact_regular_sources (test_frontier_v8_resource_episode.ResourceEpisodeUnitTests) ... ok
2026-10-03T15:15:42.6916500Z test_unproven_lease_survives_descriptor_close (test_frontier_v8_resource_episode.ResourceEpisodeUnitTests) ... ok
2026-10-03T15:15:42.6919805Z test_work_and_restoration_bounds_are_distinct (test_frontier_v8_resource_episode.ResourceEpisodeUnitTests) ... ok
2026-10-03T15:15:42.6968793Z test_baseline_missing_rank_and_nonloopback_endpoint_fail (test_frontier_v8_restoration_audit.RestorationAuditTests) ... ok
2026-10-03T15:15:42.7010037Z test_default_GPU_backend_uses_absolute_binary_and_scrubbed_environment (test_frontier_v8_restoration_audit.RestorationAuditTests) ... ok
2026-10-03T15:15:42.7204978Z test_dynamic_memory_utilization_does_not_change_protected_identity (test_frontier_v8_restoration_audit.RestorationAuditTests) ... ok
2026-10-03T15:15:42.7316939Z test_extra_unlisted_optimizer_leaf_fails_complete_inventory (test_frontier_v8_restoration_audit.RestorationAuditTests) ... ok
2026-10-03T15:15:42.7501620Z test_fresh_raw_CSV_query_is_independently_parsed (test_frontier_v8_restoration_audit.RestorationAuditTests) ... ok
2026-10-03T15:15:42.7615221Z test_http_503_response_is_actual_availability_failure (test_frontier_v8_restoration_audit.RestorationAuditTests) ... ok
2026-10-03T15:15:42.7742323Z test_known_owned_birth_cannot_escape_via_reparenting_and_setsid (test_frontier_v8_restoration_audit.RestorationAuditTests) ... ok
2026-10-03T15:15:42.7788544Z test_leaf_mutation_after_final_fd_stat_fails (test_frontier_v8_restoration_audit.RestorationAuditTests) ... ok
2026-10-03T15:15:42.7979009Z test_monotonic_time_reversal_invalidates_saved_observation (test_frontier_v8_restoration_audit.RestorationAuditTests) ... ok
2026-10-03T15:15:42.8029334Z test_no_borrow_can_hash_stage_inputs_without_queue_claim (test_frontier_v8_restoration_audit.RestorationAuditTests) ... ok
2026-10-03T15:15:42.8143061Z test_noninteger_progress_fails (test_frontier_v8_restoration_audit.RestorationAuditTests) ... ok
2026-10-03T15:15:42.8259198Z test_original_pid_reuse_fails (test_frontier_v8_restoration_audit.RestorationAuditTests) ... ok
2026-10-03T15:15:42.8503225Z test_original_reparent_after_bound_parent_exit_preserves_same_birth (test_frontier_v8_restoration_audit.RestorationAuditTests) ... ok
2026-10-03T15:15:42.8755137Z test_original_reparent_after_bound_parent_zombie_with_empty_cmdline (test_frontier_v8_restoration_audit.RestorationAuditTests) ... ok
2026-10-03T15:15:42.8950468Z test_original_reparent_requires_proof_bound_parent_exited (test_frontier_v8_restoration_audit.RestorationAuditTests) ... ok
2026-10-03T15:15:42.9134431Z test_original_stopped_and_missing_fail (test_frontier_v8_restoration_audit.RestorationAuditTests) ... ok
2026-10-03T15:15:42.9332184Z test_original_uid_and_boot_mismatch_fail (test_frontier_v8_restoration_audit.RestorationAuditTests) ... ok
2026-10-03T15:15:42.9377051Z test_oversized_deadline_and_claimed_optimizer_boundary_rejected_before_reads (test_frontier_v8_restoration_audit.RestorationAuditTests) ... ok
2026-10-03T15:15:42.9584787Z test_owned_worker_alive_and_unlisted_same_group_descendant_fail (test_frontier_v8_restoration_audit.RestorationAuditTests) ... ok
2026-10-03T15:15:42.9626239Z test_production_cli_refuses_before_any_paths_or_reads (test_frontier_v8_restoration_audit.RestorationAuditTests) ... ok
2026-10-03T15:15:42.9910640Z test_protected_compute_birth_and_command_independently_observed (test_frontier_v8_restoration_audit.RestorationAuditTests) ... ok
2026-10-03T15:15:43.0106168Z test_protected_gpu_metadata_and_process_changes_fail (test_frontier_v8_restoration_audit.RestorationAuditTests) ... ok
2026-10-03T15:15:43.0303085Z test_raw_fulltree_same_process_http_and_progress_pass_without_authority (test_frontier_v8_restoration_audit.RestorationAuditTests) ... ok
2026-10-03T15:15:43.0415423Z test_redirect_cannot_follow_external_host (test_frontier_v8_restoration_audit.RestorationAuditTests) ... ok
2026-10-03T15:15:43.0612763Z test_saved_verifier_reparses_raw_not_observer_success_boolean (test_frontier_v8_restoration_audit.RestorationAuditTests) ... ok
2026-10-03T15:15:43.0867549Z test_static_progress_reaches_monotonic_deadline_without_pass (test_frontier_v8_restoration_audit.RestorationAuditTests) ... ok
2026-10-03T15:15:43.0915798Z test_symlink_in_immutable_tree_fails (test_frontier_v8_restoration_audit.RestorationAuditTests) ... ok
2026-10-03T15:15:43.0966717Z test_tree_traversal_permission_error_cannot_silently_prune (test_frontier_v8_restoration_audit.RestorationAuditTests) ... ok
2026-10-03T15:15:43.1146897Z test_wall_clock_jumps_have_no_recovery_control_effect (test_frontier_v8_restoration_audit.RestorationAuditTests) ... ok
2026-10-03T15:15:43.1258943Z test_wrong_fullhash_same_size_fails (test_frontier_v8_restoration_audit.RestorationAuditTests) ... ok
2026-10-03T15:15:43.6266264Z test_actual_entries_refuse_before_files_paths_or_import_factories (test_frontier_v8_scientific_child.ScientificChildTests) ... ok
2026-10-03T15:15:43.6281984Z test_additional_metadata_or_comparison_request_inside_task_refused (test_frontier_v8_scientific_child.ScientificChildTests) ... ok
2026-10-03T15:15:45.2862522Z test_complete_fixture_original_four_loads_twenty_two_journals_and_binding (test_frontier_v8_scientific_child.ScientificChildTests) ... ok
2026-10-03T15:15:45.2876094Z test_fixture_attempt_reuse_cannot_overwrite_original_preflight (test_frontier_v8_scientific_child.ScientificChildTests) ... ok
2026-10-03T15:15:45.2885220Z test_invalid_fixed_completion_does_not_write_success_wrapper_or_compare (test_frontier_v8_scientific_child.ScientificChildTests) ... ok
2026-10-03T15:15:45.2894681Z test_json_ready_flags_or_production_gpu_scope_cannot_unlock_fixture (test_frontier_v8_scientific_child.ScientificChildTests) ... ok
2026-10-03T15:15:45.2905810Z test_owner_failure_precedes_all_path_and_source_callbacks (test_frontier_v8_scientific_child.ScientificChildTests) ... ok
2026-10-03T15:15:45.2920286Z test_owner_loss_after_training_stops_before_validation_and_comparison (test_frontier_v8_scientific_child.ScientificChildTests) ... ok
2026-10-03T15:15:45.2930169Z test_source_root_declarations_and_owner_binding_fail_before_prepare (test_frontier_v8_scientific_child.ScientificChildTests) ... ok
2026-10-03T15:15:45.2945342Z test_training_failure_restores_observation_and_never_materializes_comparison (test_frontier_v8_scientific_child.ScientificChildTests) ... ok
2026-10-03T15:15:45.2960318Z test_translated_argv_mismatch_or_current_stage_mismatch_stops_before_training (test_frontier_v8_scientific_child.ScientificChildTests) ... ok
2026-10-03T15:15:46.2007877Z test_actual_clean_repositories_import_real_modules_and_restore_state (test_frontier_v8_source_loader.SourceLoaderTests) ... ok
2026-10-03T15:15:46.8562065Z test_caller_path_cache_and_hooks_are_bypassed_then_restored (test_frontier_v8_source_loader.SourceLoaderTests) ... ok
2026-10-03T15:15:48.0014271Z test_changes_during_scope_are_detected_and_caller_exception_cleanup_runs (test_frontier_v8_source_loader.SourceLoaderTests) ... ok
2026-10-03T15:15:48.3997092Z test_dirty_untracked_and_ignored_bytecode_are_rejected (test_frontier_v8_source_loader.SourceLoaderTests) ... ok
2026-10-03T15:15:48.5507208Z test_execute_and_execute_cli_refuse_before_reading_a_context (test_frontier_v8_source_loader.SourceLoaderTests) ... ok
2026-10-03T15:15:48.6557589Z test_explicit_foreign_path_and_meta_hook_are_rejected (test_frontier_v8_source_loader.SourceLoaderTests) ... ok
2026-10-03T15:15:49.0885112Z test_external_bytes_and_same_byte_rewrite_between_captures_rejected (test_frontier_v8_source_loader.SourceLoaderTests) ... ok
2026-10-03T15:15:49.7500646Z test_hostile_cwd_and_pythonpath_are_not_imported (test_frontier_v8_source_loader.SourceLoaderTests) ... ok
2026-10-03T15:15:52.1317171Z test_loaded_origin_loader_and_callable_replacements_detected (test_frontier_v8_source_loader.SourceLoaderTests) ... ok
2026-10-03T15:15:52.3516457Z test_nested_roots_wrong_head_inventory_and_loader_origin_are_rejected (test_frontier_v8_source_loader.SourceLoaderTests) ... ok
2026-10-03T15:15:52.7925734Z test_partial_import_exception_restores_existing_parent_attributes (test_frontier_v8_source_loader.SourceLoaderTests) ... ok
2026-10-03T15:15:52.8975399Z test_preloaded_scientific_or_scripts_modules_and_optional_packages_rejected (test_frontier_v8_source_loader.SourceLoaderTests) ... ok
2026-10-03T15:15:53.2641092Z test_same_bytes_replacement_of_root_between_captures_rejected (test_frontier_v8_source_loader.SourceLoaderTests) ... ok
2026-10-03T15:15:54.2718935Z test_sparse_worktree_actual_git_pointer_is_supported (test_frontier_v8_source_loader.SourceLoaderTests) ... ok
2026-10-03T15:15:54.5015367Z test_symlink_blob_and_alias_root_are_rejected (test_frontier_v8_source_loader.SourceLoaderTests) ... ok
2026-10-03T15:15:54.9414609Z test_top_level_optional_import_is_blocked_and_partial_state_restored (test_frontier_v8_source_loader.SourceLoaderTests) ... ok
2026-10-03T15:15:55.2439589Z test_control_data_level_split_isolation_and_teacher_future_independence (test_games.GamesTest) ... ok
2026-10-03T15:15:55.8290349Z test_control_data_matches_runtime_labels_and_excludes_provenance (test_games.GamesTest) ... ok
2026-10-03T15:15:55.8291771Z test_doom_real_engine_closed_loop_replay (test_games.GamesTest) ... skipped 'optional vizdoom is not installed'
2026-10-03T15:15:56.3544181Z test_game_service_evaluator_records_paired_http_results_and_failures (test_games.GamesTest) ... ok
2026-10-03T15:15:56.8752673Z test_http_uses_only_visible_state_never_oracle_and_errors_propagate (test_games.GamesTest) ... ok
2026-10-03T15:15:56.8754104Z test_invalid_and_terminal_boards (test_games.GamesTest) ... ok
2026-10-03T15:15:56.8756372Z test_invalid_probability_and_move_responses (test_games.GamesTest) ... ok
2026-10-03T15:15:56.9654508Z test_local_trex_box_physics_and_replay (test_games.GamesTest) ... ok
2026-10-03T15:15:56.9658616Z test_mario_and_trex_external_request_contracts (test_games.GamesTest) ... ok
2026-10-03T15:15:56.9849215Z test_minimax_takes_win_blocks_loss_and_selfplay_draws (test_games.GamesTest) ... ok
2026-10-03T15:15:56.9865489Z test_seeded_replay_and_tamper_detection (test_games.GamesTest) ... ok
2026-10-03T15:15:57.2585347Z test_snake_data_exact_collisions_grouped_and_ood_grid (test_games.GamesTest) ... ok
2026-10-03T15:15:57.2590301Z test_snake_reverse_wall_body_tail_and_growth (test_games.GamesTest) ... ok
2026-10-03T15:15:58.3638588Z test_tictactoe_exhaustive_data_and_symmetry_split_isolation (test_games.GamesTest) ... ok
2026-10-03T15:15:58.4997920Z test_tile_platformer_plays_replays_and_obeys_ground_collision (test_games.GamesTest) ... ok
2026-10-03T15:15:58.5009304Z test_wiki_shortest_path_dead_end_and_budget (test_games.GamesTest) ... ok
2026-10-03T15:15:58.5111032Z test_both_dependency_lock_files_reject_tamper_before_checkpoint (test_independent_evaluation.IndependentEvaluationTests) ... ok
2026-10-03T15:15:58.5166579Z test_bundle_is_pinned_not_evaluated_and_cannot_overwrite (test_independent_evaluation.IndependentEvaluationTests) ... ok
2026-10-03T15:15:58.5399914Z test_install_script_disables_inherited_pip_config_before_first_pip (test_independent_evaluation.IndependentEvaluationTests) ... ok
2026-10-03T15:15:58.5403828Z test_invalid_revision_cannot_write_or_inject_shell_code (test_independent_evaluation.IndependentEvaluationTests) ... ok
2026-10-03T15:15:58.5513519Z test_runtime_only_preflight_needs_no_checkpoint_or_model_import (test_independent_evaluation.IndependentEvaluationTests) ... ok
2026-10-03T15:15:58.5612326Z test_runtime_rejects_broken_dependency_check (test_independent_evaluation.IndependentEvaluationTests) ... ok
2026-10-03T15:15:58.5702237Z test_runtime_rejects_global_or_user_site_environment (test_independent_evaluation.IndependentEvaluationTests) ... ok
2026-10-03T15:15:58.5794693Z test_runtime_rejects_missing_or_external_packages (test_independent_evaluation.IndependentEvaluationTests) ... ok
2026-10-03T15:15:58.5898218Z test_runtime_rejects_package_version_drift_before_checkpoint (test_independent_evaluation.IndependentEvaluationTests) ... ok
2026-10-03T15:15:58.6028363Z test_runtime_rejects_unsupported_interpreter_or_platform (test_independent_evaluation.IndependentEvaluationTests) ... ok
2026-10-03T15:15:58.6142432Z test_verified_fixture_still_does_not_claim_inference_or_sealed_result (test_independent_evaluation.IndependentEvaluationTests) ... ok
2026-10-03T15:15:58.6247035Z test_verifier_rejects_wrong_bytes_without_model_load (test_independent_evaluation.IndependentEvaluationTests) ... ok
2026-10-03T15:15:58.6256016Z test_elapsed_deadline_prevents_starting_another_subprocess (test_install_isolated_runtime_cpu.IsolatedRuntimeInstallerTests) ... ok
2026-10-03T15:15:58.6266770Z test_environment_discards_python_pip_credentials_proxies_and_loader_overrides (test_install_isolated_runtime_cpu.IsolatedRuntimeInstallerTests) ... ok
2026-10-03T15:15:58.6322566Z test_exact_official_torch_hosts_accept_real_index_url_and_reject_suffixes (test_install_isolated_runtime_cpu.IsolatedRuntimeInstallerTests) ... ok
2026-10-03T15:15:58.6916868Z test_failed_version_origin_site_or_wheel_proof_preserves_consumed_failure (test_install_isolated_runtime_cpu.IsolatedRuntimeInstallerTests) ... ok
2026-10-03T15:15:58.6959568Z test_other_existing_env_ancestors_are_refused (test_install_isolated_runtime_cpu.IsolatedRuntimeInstallerTests) ... ok
2026-10-03T15:15:58.7170330Z test_overall_budget_expiry_has_failure_receipt_without_fallback (test_install_isolated_runtime_cpu.IsolatedRuntimeInstallerTests) ... ok
2026-10-03T15:15:58.7243176Z test_platform_source_lock_and_owned_parent_refusal_create_no_attempt (test_install_isolated_runtime_cpu.IsolatedRuntimeInstallerTests) ... ok
2026-10-03T15:15:58.7291680Z test_signal_during_popen_return_is_deferred_until_child_registration (test_install_isolated_runtime_cpu.IsolatedRuntimeInstallerTests) ... ok
2026-10-03T15:15:58.7328007Z test_source_shared_environment_and_existing_outputs_are_refused (test_install_isolated_runtime_cpu.IsolatedRuntimeInstallerTests) ... ok
2026-10-03T15:15:58.7466224Z test_success_records_exact_public_wheels_and_isolated_cpu_metadata (test_install_isolated_runtime_cpu.IsolatedRuntimeInstallerTests) ... ok
2026-10-03T15:15:58.7615153Z test_termination_signals_clean_owned_child_write_failure_and_restore_handlers (test_install_isolated_runtime_cpu.IsolatedRuntimeInstallerTests) ... ok
2026-10-03T15:15:58.7629479Z test_timeout_kills_only_owned_new_session_and_reaps (test_install_isolated_runtime_cpu.IsolatedRuntimeInstallerTests) ... ok
2026-10-03T15:15:58.9390781Z test_body_audit_rejects_label_and_reference_tamper_after_rehash (test_ir_control.IRCorpusTest) ... ok
2026-10-03T15:15:59.1490237Z test_body_audit_rejects_training_target_tamper_after_rehash (test_ir_control.IRCorpusTest) ... ok
2026-10-03T15:15:59.1492170Z test_original_pilot_and_full_manifests_are_separate_and_pilot_stays_held_out (test_ir_control.IRCorpusTest) ... skipped 'Local generated corpora not present'
2026-10-03T15:15:59.2064978Z test_stable_family_assignment_does_not_change_on_expansion (test_ir_control.IRCorpusTest) ... ok
2026-10-03T15:15:59.2070539Z test_external_holdout_cannot_use_training_data_tree (test_ir_control.IRMetricAndHoldoutTest) ... ok
2026-10-03T15:15:59.2085786Z test_external_holdout_rejects_missing_candidates_after_rehash (test_ir_control.IRMetricAndHoldoutTest) ... ok
2026-10-03T15:15:59.2117599Z test_external_holdout_requires_all_hashes_one_hundred_and_evaluation_only (test_ir_control.IRMetricAndHoldoutTest) ... ok
2026-10-03T15:15:59.2119416Z test_trec_linear_gain_missing_query_unjudged_and_duplicates (test_ir_control.IRMetricAndHoldoutTest) ... ok
2026-10-03T15:15:59.2571380Z test_100_document_pointwise_and_listwise_request_counts (test_ir_control.IRRuntimeTest) ... ok
2026-10-03T15:15:59.2641568Z test_all_six_methods_run_actual_callbacks_and_preserve_document_set (test_ir_control.IRRuntimeTest) ... ok
2026-10-03T15:15:59.2652695Z test_body_grades_cover_exact_partial_wrong_profile_withdrawn_and_unrelated (test_ir_control.IRRuntimeTest) ... ok
2026-10-03T15:15:59.2660516Z test_explicit_score_rounding_policy_preserves_strict_probability_mass (test_ir_control.IRRuntimeTest) ... ok
2026-10-03T15:15:59.2707463Z test_heaps_rerank_only_requested_prefix_and_setwise_windows_have_at_most_eleven (test_ir_control.IRRuntimeTest) ... ok
2026-10-03T15:15:59.2708935Z test_malformed_response_is_preserved_and_not_a_zero_relevance_label (test_ir_control.IRRuntimeTest) ... ok
2026-10-03T15:15:59.2712099Z test_nonfinite_and_inconsistent_probabilities_fail (test_ir_control.IRRuntimeTest) ... ok
2026-10-03T15:15:59.2744959Z test_pairwise_uses_both_orders_and_cancels_constant_position_bias (test_ir_control.IRRuntimeTest) ... ok
2026-10-03T15:15:59.2746288Z test_quoted_query_does_not_change_document_subject (test_ir_control.IRRuntimeTest) ... ok
2026-10-03T15:15:59.2749281Z test_exact_inputs_and_valid_response (test_jev_api_latency.JevLatencyTest) ... ok
2026-10-03T15:15:59.2751124Z test_rejection_retains_response_and_redacts_key (test_jev_api_latency.JevLatencyTest) ... ok
2026-10-03T15:15:59.2754091Z test_wrong_model_and_malformed_outputs_fail (test_jev_api_latency.JevLatencyTest) ... ok
2026-10-03T15:15:59.2774679Z test_credentials_are_scoped_restored_and_rejected_in_git (test_jevbench_hosted.HostedBoundsTest) ... ok
2026-10-03T15:15:59.2775877Z test_failure_cost_rejects_missing_and_boolean_usage (test_jevbench_hosted.HostedBoundsTest) ... ok
2026-10-03T15:15:59.2777303Z test_output_cap_and_price_bounds_include_all_4096_tokens (test_jevbench_hosted.HostedBoundsTest) ... ok
2026-10-03T15:15:59.2778908Z test_auth_failure_stops_once_and_retains_billed_failure_usage (test_jevbench_hosted.HostedPinnedTest) ... skipped 'requires pinned JevBench source; no downloads in tests'
2026-10-03T15:15:59.2780475Z test_budget_reserves_before_send_and_unknown_cost_remains_charged (test_jevbench_hosted.HostedPinnedTest) ... skipped 'requires pinned JevBench source; no downloads in tests'
2026-10-03T15:15:59.2782523Z test_exact_gpt_options_and_native_probability_provenance (test_jevbench_hosted.HostedPinnedTest) ... skipped 'requires pinned JevBench source; no downloads in tests'
2026-10-03T15:15:59.2784032Z test_wall_deadline_keeps_unknown_dispatch_and_restores_key (test_jevbench_hosted.HostedPinnedTest) ... skipped 'requires pinned JevBench source; no downloads in tests'
2026-10-03T15:15:59.4306634Z test_durable_collection_and_replay_bind_current_scope_and_counts (test_jevbench_open_development.PublicDevelopmentTest) ... ok
2026-10-03T15:15:59.4311154Z test_noul_inclusive_boundaries_and_abstention_count_wrong (test_jevbench_open_development.PublicDevelopmentTest) ... ok
2026-10-03T15:15:59.4452812Z test_prepared_requests_exclude_gold_and_changed_freeze_fails (test_jevbench_open_development.PublicDevelopmentTest) ... ok
2026-10-03T15:15:59.4459559Z test_score_expected_position_is_not_argmax_accuracy (test_jevbench_open_development.PublicDevelopmentTest) ... ok
2026-10-03T15:15:59.4516370Z test_selection_never_consults_gold_state_or_predictions (test_jevbench_open_development.PublicDevelopmentTest) ... ok
2026-10-03T15:15:59.4527621Z test_bad_hash_or_identity_rejected_before_request_and_output (test_jevbench_openjev.JevBenchOpenJevTest) ... ok
2026-10-03T15:15:59.4613739Z test_context_refusal_counts_failure_then_continues (test_jevbench_openjev.JevBenchOpenJevTest) ... ok
2026-10-03T15:15:59.4659786Z test_duplicate_json_and_nonfinite_responses_fail_without_silent_repair (test_jevbench_openjev.JevBenchOpenJevTest) ... ok
2026-10-03T15:15:59.4732560Z test_identity_drift_fails_and_stops_before_next_dispatch (test_jevbench_openjev.JevBenchOpenJevTest) ... ok
2026-10-03T15:15:59.4759825Z test_interruption_after_dispatch_leaves_an_in_flight_record (test_jevbench_openjev.JevBenchOpenJevTest) ... ok
2026-10-03T15:15:59.4874842Z test_one_attempt_per_task_and_durable_journal (test_jevbench_openjev.JevBenchOpenJevTest) ... ok
2026-10-03T15:15:59.4881251Z test_request_gold_separation_and_original_candidate_order (test_jevbench_openjev.JevBenchOpenJevTest) ... ok
2026-10-03T15:15:59.4970463Z test_rounding_distribution_is_retained_without_normalizing_or_pre_rejecting (test_jevbench_openjev.JevBenchOpenJevTest) ... ok
2026-10-03T15:15:59.5017163Z test_timeout_never_retries_and_keeps_pending_distinct (test_jevbench_openjev.JevBenchOpenJevTest) ... ok
2026-10-03T15:15:59.5019300Z test_boolean_probability_cannot_be_rewritten_as_float_during_replay (test_jevbench_openjev.PinnedJevBenchIntegrationTest) ... skipped 'requires the clean pinned JevBench checkout; no download in tests'
2026-10-03T15:15:59.5022027Z test_completed_report_cannot_hide_a_partial_journal (test_jevbench_openjev.PinnedJevBenchIntegrationTest) ... skipped 'requires the clean pinned JevBench checkout; no download in tests'
2026-10-03T15:15:59.5024334Z test_exact_upstream_rounding_and_tie_rules (test_jevbench_openjev.PinnedJevBenchIntegrationTest) ... skipped 'requires the clean pinned JevBench checkout; no download in tests'
2026-10-03T15:15:59.5026745Z test_pinned_public_counts_and_exact_requests_match_upstream_adapter (test_jevbench_openjev.PinnedJevBenchIntegrationTest) ... skipped 'requires the clean pinned JevBench checkout; no download in tests'
2026-10-03T15:15:59.5029351Z test_public_summary_uses_gold_only_offline_and_accounts_for_pending (test_jevbench_openjev.PinnedJevBenchIntegrationTest) ... skipped 'requires the clean pinned JevBench checkout; no download in tests'
2026-10-03T15:15:59.5044736Z test_collection_guard_reaps_collector_when_owned_server_exits (test_jevbench_suite.JevBenchSuiteTest) ... ok
2026-10-03T15:15:59.5069359Z test_collection_hard_timeout_reaps_exact_child (test_jevbench_suite.JevBenchSuiteTest) ... ok
2026-10-03T15:15:59.5167688Z test_collection_identity_failure_stops_before_second_model (test_jevbench_suite.JevBenchSuiteTest) ... ok
2026-10-03T15:15:59.5248935Z test_collection_timeout_reaps_server_without_starting_next_model (test_jevbench_suite.JevBenchSuiteTest) ... ok
2026-10-03T15:15:59.5285380Z test_existing_output_refused_without_children (test_jevbench_suite.JevBenchSuiteTest) ... ok
2026-10-03T15:15:59.5314864Z test_n1_mode_verifies_host_and_idle_card_before_selecting_uuid (test_jevbench_suite.JevBenchSuiteTest) ... ok
2026-10-03T15:15:59.5410229Z test_only_new_27b_checkpoint_runs_after_training (test_jevbench_suite.JevBenchSuiteTest) ... ok
2026-10-03T15:15:59.5523690Z test_serial_servers_and_gold_read_only_after_both_are_stopped (test_jevbench_suite.JevBenchSuiteTest) ... ok
2026-10-03T15:15:59.5586842Z test_slurm_mapping_is_preserved_and_broad_visibility_rejected (test_jevbench_suite.JevBenchSuiteTest) ... ok
2026-10-03T15:15:59.5670316Z test_startup_failure_reaps_only_first_server_and_never_collects (test_jevbench_suite.JevBenchSuiteTest) ... ok
2026-10-03T15:15:59.5681008Z test_explicit_policy_cannot_bypass_repository_restriction (test_launch_expansion.LauncherResourcePolicyTests) ... ok
2026-10-03T15:15:59.5741078Z test_main_binds_accepted_physical_indices_to_their_gpu_uuids (test_launch_expansion.LauncherResourcePolicyTests) ... ok
2026-10-03T15:15:59.5761707Z test_main_rejects_wrong_host_before_any_subprocess_or_gpu_query (test_launch_expansion.LauncherResourcePolicyTests) ... ok
2026-10-03T15:15:59.5788099Z test_malformed_or_contradictory_policy_fails_closed (test_launch_expansion.LauncherResourcePolicyTests) ... ok
2026-10-03T15:15:59.5794949Z test_matching_n1_hostname_and_training_cards_are_accepted_and_audited (test_launch_expansion.LauncherResourcePolicyTests) ... ok
2026-10-03T15:15:59.5803325Z test_wrong_host_and_prohibited_training_cards_are_rejected (test_launch_expansion.LauncherResourcePolicyTests) ... ok
2026-10-03T15:16:00.1850124Z test_audit_does_not_use_hidden_oracle_or_variant_metadata (test_mailroom_data.MailroomDataTests) ... ok
2026-10-03T15:16:00.6318830Z test_complete_contract_and_independent_audit (test_mailroom_data.MailroomDataTests) ... ok
2026-10-03T15:16:01.5420606Z test_expansion_preserves_every_old_case_row_and_heldout_family (test_mailroom_data.MailroomDataTests) ... ok
2026-10-03T15:16:01.8377619Z test_final_text_header_and_question_mutations_fail_closed (test_mailroom_data.MailroomDataTests) ... ok
2026-10-03T15:16:02.1603101Z test_link_relay_paid_and_advertised_amounts_in_all_languages (test_mailroom_data.MailroomDataTests) ... ok
2026-10-03T15:16:02.6448236Z test_matching_wrong_gold_and_target_are_rejected (test_mailroom_data.MailroomDataTests) ... ok
2026-10-03T15:16:03.0213373Z test_model_input_excludes_all_supervision_and_provenance (test_mailroom_data.MailroomDataTests) ... ok
2026-10-03T15:16:03.2977957Z test_prediction_reader_requires_typed_mass_and_marks_exact_tie_unresolved (test_mailroom_data.MailroomDataTests) ... ok
2026-10-03T15:16:04.0575160Z test_probe_export_preserves_inputs_without_gold_or_predictions (test_mailroom_data.MailroomDataTests) ... ok
2026-10-03T15:16:04.4025166Z test_provider_counterfactual_and_taxonomy_follow_service (test_mailroom_data.MailroomDataTests) ... ok
2026-10-03T15:16:04.7035424Z test_sealed_bytes_and_existing_directory_are_protected (test_mailroom_data.MailroomDataTests) ... ok
2026-10-03T15:16:05.0942680Z test_unknown_service_and_conflicting_actions_do_not_get_fallback_gold (test_mailroom_data.MailroomDataTests) ... ok
2026-10-03T15:16:05.0943795Z test_extreme_logits_and_binary_probabilities (test_metrics.CalibrationTest) ... ok
2026-10-03T15:16:05.0947739Z test_soft_labels_and_constant_logits (test_metrics.CalibrationTest) ... ok
2026-10-03T15:16:05.0956553Z test_temperature_recovers_known_bernoulli_frequency (test_metrics.CalibrationTest) ... ok
2026-10-03T15:16:05.0957616Z test_choice_uses_scaled_peak (test_metrics.OfficialConfidenceTest) ... ok
2026-10-03T15:16:05.0958484Z test_score_depends_on_ordinal_distance_and_first_mode (test_metrics.OfficialConfidenceTest) ... ok
2026-10-03T15:16:05.0959421Z test_uniform_and_deterministic_distributions (test_metrics.OfficialConfidenceTest) ... ok
2026-10-03T15:16:05.0960393Z test_hard_outcomes_have_known_scores_and_coverage (test_metrics.ProbabilityMetricsTest) ... ok
2026-10-03T15:16:05.0963421Z test_invalid_probability_data_is_rejected (test_metrics.ProbabilityMetricsTest) ... ok
2026-10-03T15:16:05.0964968Z test_mixed_targets_and_variable_cardinality (test_metrics.ProbabilityMetricsTest) ... ok
2026-10-03T15:16:05.0966277Z test_perfect_probabilities_fit_last_ece_bin (test_metrics.ProbabilityMetricsTest) ... ok
2026-10-03T15:16:05.0967412Z test_soft_targets_are_not_argmax_ground_truth (test_metrics.ProbabilityMetricsTest) ... ok
2026-10-03T15:16:05.0969068Z test_loopback_timeout_defaults_to_120_seconds_and_is_configurable (test_mps_support.HttpTimeoutTest) ... skipped 'requires optional torch/transformers/peft train runtime'
2026-10-03T15:16:05.0971090Z test_cpu_and_mps_benchmark_runs_compare_as_equal_decisions (test_mps_support.MpsSupportTest) ... skipped 'requires a torch build with an available MPS backend'
2026-10-03T15:16:05.0973164Z test_every_parameter_is_resident_on_mps_and_nothing_falls_back_to_cpu (test_mps_support.MpsSupportTest) ... skipped 'requires a torch build with an available MPS backend'
2026-10-03T15:16:05.0975124Z test_float32_scores_match_cpu_within_the_existing_parity_bar (test_mps_support.MpsSupportTest) ... skipped 'requires a torch build with an available MPS backend'
2026-10-03T15:16:05.0977026Z test_latency_benchmark_synchronizes_metal_around_every_timed_call (test_mps_support.MpsSupportTest) ... skipped 'requires a torch build with an available MPS backend'
2026-10-03T15:16:05.0978923Z test_mps_profile_timing_synchronizes_metal_not_cuda (test_mps_support.MpsSupportTest) ... skipped 'requires a torch build with an available MPS backend'
2026-10-03T15:16:05.0980986Z test_reduced_precision_error_is_no_worse_than_cpu_at_the_same_dtype (test_mps_support.MpsSupportTest) ... skipped 'requires a torch build with an available MPS backend'
2026-10-03T15:16:05.0983178Z test_residency_check_detects_a_parameter_left_on_cpu (test_mps_support.MpsSupportTest) ... skipped 'requires a torch build with an available MPS backend'
2026-10-03T15:16:05.0985098Z test_cpu_profile_timing_never_synchronizes_cuda (test_mps_support.ProfileSynchronizationTest) ... skipped 'requires optional torch/transformers/peft train runtime'
2026-10-03T15:16:05.0987154Z test_meta_embedding_profile_synchronizes_actual_accelerator_devices (test_mps_support.ProfileSynchronizationTest) ... skipped 'requires optional torch/transformers/peft train runtime'
2026-10-03T15:16:05.0989347Z test_engagement_requires_successful_profiler_child (test_mps_support.ProfiledChildEnvironmentTest) ... skipped 'requires optional torch/transformers/peft train runtime'
2026-10-03T15:16:05.1005746Z test_profiled_child_loads_weights_on_one_thread (test_mps_support.ProfiledChildEnvironmentTest) ... ok
2026-10-03T15:16:05.1010666Z test_incomplete_refusal_extra_key_wrong_types_wrong_model_rejected (test_openai_api_benchmark.OpenAIComparisonTest) ... ok
2026-10-03T15:16:05.1015040Z test_rejected_transport_is_not_inference_and_redacts_key (test_openai_api_benchmark.OpenAIComparisonTest) ... ok
2026-10-03T15:16:05.1017159Z test_semantics_and_candidate_order_preserved_without_labels (test_openai_api_benchmark.OpenAIComparisonTest) ... ok
2026-10-03T15:16:05.1018412Z test_valid_choices_and_cost (test_openai_api_benchmark.OpenAIComparisonTest) ... ok
2026-10-03T15:16:05.1036109Z test_bad_input_or_identity_fails_before_connection_or_outputs (test_openjev_provider.OpenJevProviderTest) ... ok
2026-10-03T15:16:05.1060222Z test_budget_stops_without_an_attempt_and_preserves_all_pending (test_openjev_provider.OpenJevProviderTest) ... ok
2026-10-03T15:16:05.6140793Z test_checkpoint_drift_stops_before_next_request_and_preserves_pending (test_openjev_provider.OpenJevProviderTest) ... ok
2026-10-03T15:16:06.1243565Z test_invalid_probability_is_retained_and_counts_zero_without_renormalization (test_openjev_provider.OpenJevProviderTest) ... ok
2026-10-03T15:16:06.1271800Z test_malformed_inputs_and_request_hashes_are_rejected (test_openjev_provider.OpenJevProviderTest) ... ok
2026-10-03T15:16:06.1329774Z test_nonfinite_wire_response_is_retained_without_invalid_json_in_output (test_openjev_provider.OpenJevProviderTest) ... ok
2026-10-03T15:16:07.2663845Z test_real_loopback_more_than_32_workloads_one_attempt_and_existing_quality_scorer (test_openjev_provider.OpenJevProviderTest) ... ok
2026-10-03T15:16:07.2676802Z test_response_invariants_reject_cache_identity_and_inconsistent_scalar (test_openjev_provider.OpenJevProviderTest) ... ok
2026-10-03T15:16:07.8438242Z test_sigkill_leaves_durable_inflight_dispatch_not_unattempted (test_openjev_provider.OpenJevProviderTest) ... ok
2026-10-03T15:16:08.4203375Z test_sigterm_retains_dispatched_request_as_failed_not_pending (test_openjev_provider.OpenJevProviderTest) ... ok
2026-10-03T15:16:08.4260743Z test_timeout_never_retries_or_advances (test_openjev_provider.OpenJevProviderTest) ... ok
2026-10-03T15:16:08.5185253Z test_adaptive_float_scores_and_journal_precede_each_actual_request (test_openjev_trec.OpenJevTrecTest) ... ok
2026-10-03T15:16:24.8921927Z test_all_97_queries_close_in_873_unique_requests_with_stable_ties (test_openjev_trec.OpenJevTrecTest) ... ok
2026-10-03T15:16:25.6118592Z test_all_failed_queries_remain_full_denominator_without_extra_requests (test_openjev_trec.OpenJevTrecTest) ... ok
2026-10-03T15:16:25.6553494Z test_http_server_failure_stops_and_bad_preflight_never_connects (test_openjev_trec.OpenJevTrecTest) ... ok
2026-10-03T15:16:25.7243449Z test_identity_drift_and_timeout_stop_without_advancing (test_openjev_trec.OpenJevTrecTest) ... ok
2026-10-03T15:16:25.8088658Z test_nonfatal_invalid_probability_is_saved_as_failure_then_next_query_runs (test_openjev_trec.OpenJevTrecTest) ... ok
2026-10-03T15:16:25.9657551Z test_out_of_range_scalar_is_failed_before_persisting_success (test_openjev_trec.OpenJevTrecTest) ... ok
2026-10-03T15:16:26.0201083Z test_raw_response_binding_preserves_numeric_types_and_mapping_order (test_openjev_trec.OpenJevTrecTest) ... ok
2026-10-03T15:16:26.6125619Z test_real_loopback_uses_owned_service_and_unrounded_expected_scores (test_openjev_trec.OpenJevTrecTest) ... ok
2026-10-03T15:16:26.6653938Z test_request_and_time_budgets_keep_incomplete_and_unattempted_queries (test_openjev_trec.OpenJevTrecTest) ... ok
2026-10-03T15:16:27.7702190Z test_sigterm_settles_failed_dispatch_but_sigkill_leaves_unknown_outcome (test_openjev_trec.OpenJevTrecTest) ... ok
2026-10-03T15:16:27.9924327Z test_changed_identity_raw_body_ranking_or_adaptive_window_is_rejected (test_openjev_trec_summary.OpenJevTrecSummaryTest) ... ok
2026-10-03T15:16:28.1347987Z test_changed_qrels_or_manifest_are_rejected (test_openjev_trec_summary.OpenJevTrecSummaryTest) ... ok
2026-10-03T15:16:28.2641984Z test_dangling_dispatch_and_extra_journal_tail_cannot_be_scored (test_openjev_trec_summary.OpenJevTrecSummaryTest) ... ok
2026-10-03T15:16:28.4275578Z test_failed_first_query_has_no_fallback_and_next_complete_still_full_denominator (test_openjev_trec_summary.OpenJevTrecSummaryTest) ... ok
2026-10-03T15:16:47.9808983Z test_full_run_replays_expected_scores_and_full_qrels_without_network (test_openjev_trec_summary.OpenJevTrecSummaryTest) ... ok
2026-10-03T15:16:48.2253843Z test_mandatory_fatal_cannot_be_relabelled_to_continue_more_queries (test_openjev_trec_summary.OpenJevTrecSummaryTest) ... ok
2026-10-03T15:16:48.3438892Z test_matching_raw_and_parsed_cache_change_still_fails_identity (test_openjev_trec_summary.OpenJevTrecSummaryTest) ... ok
2026-10-03T15:16:48.5119691Z test_partial_keeps_full43_54_denominators_and_pending_zero (test_openjev_trec_summary.OpenJevTrecSummaryTest) ... ok
2026-10-03T15:16:48.6305910Z test_pending_query_cannot_precede_processed_queries (test_openjev_trec_summary.OpenJevTrecSummaryTest) ... ok
2026-10-03T15:16:48.7762946Z test_raw_boolean_and_probability_order_cannot_hide_behind_python_equality (test_openjev_trec_summary.OpenJevTrecSummaryTest) ... ok
2026-10-03T15:16:48.8981054Z test_reordered_payload_is_rejected_even_when_sorted_digest_unchanged (test_openjev_trec_summary.OpenJevTrecSummaryTest) ... ok
2026-10-03T15:16:48.9005985Z test_all_painting_modes_pass_bounded_server_predictor (test_painting.PaintingTest) ... ok
2026-10-03T15:16:48.9086175Z test_bad_model_outputs_are_rejected (test_painting.PaintingTest) ... ok
2026-10-03T15:16:48.9123610Z test_coordinates_survive_id_removal_and_batching (test_painting.PaintingTest) ... ok
2026-10-03T15:16:49.8366384Z test_data_have_valid_targets_and_scene_splits (test_painting.PaintingTest) ... ok
2026-10-03T15:16:49.8368962Z test_invalid_limits_fail_before_allocation (test_painting.PaintingTest) ... ok
2026-10-03T15:16:49.8416596Z test_probabilities_are_rendered_as_a_mean_not_argmax (test_painting.PaintingTest) ... ok
2026-10-03T15:16:50.1863097Z test_procedural_targets_reconstruct_exact_images_in_all_modes (test_painting.PaintingTest) ... ok
2026-10-03T15:16:50.4922702Z test_ui_keeps_one_endpoint_per_run (test_painting.PaintingTest) ... ok
2026-10-03T15:16:50.4991062Z test_all_failures_and_soft_targets_have_defined_full_denominators (test_parallel_data_eval.ParallelDataEvalTests) ... ok
2026-10-03T15:16:50.5064672Z test_calibration_id_membership_and_checkpoint_content_are_bound (test_parallel_data_eval.ParallelDataEvalTests) ... ok
2026-10-03T15:16:50.5134133Z test_checkpoint_requires_final_completion_and_correct_model (test_parallel_data_eval.ParallelDataEvalTests) ... ok
2026-10-03T15:16:50.5521304Z test_controller_runs_four_shards_then_next_model (test_parallel_data_eval.ParallelDataEvalTests) ... ok
2026-10-03T15:16:50.5660397Z test_controller_worker_crash_stops_only_owned_children_and_fails (test_parallel_data_eval.ParallelDataEvalTests) ... ok
2026-10-03T15:16:50.5724450Z test_dataset_pin_catches_wrong_manifest_and_changed_bytes (test_parallel_data_eval.ParallelDataEvalTests) ... ok
2026-10-03T15:16:50.5837415Z test_error_rows_remain_in_total_and_confidence_coverage (test_parallel_data_eval.ParallelDataEvalTests) ... ok
2026-10-03T15:16:50.7352211Z test_expansion_40281_rows_use_global_order_without_padding_or_drop (test_parallel_data_eval.ParallelDataEvalTests) ... ok
2026-10-03T15:16:51.2990257Z test_expansion_checkpoint_requires_ddp_full_pass_and_saved_calibration (test_parallel_data_eval.ParallelDataEvalTests) ... ok
2026-10-03T15:16:51.7282722Z test_expansion_controller_runs_only_four_27b_workers (test_parallel_data_eval.ParallelDataEvalTests) ... ok
2026-10-03T15:16:51.7396332Z test_expansion_manifest_and_each_split_are_fixed (test_parallel_data_eval.ParallelDataEvalTests) ... ok
2026-10-03T15:16:52.1155471Z test_expansion_merge_binds_profile_data_assignment_and_failure_denominator (test_parallel_data_eval.ParallelDataEvalTests) ... ok
2026-10-03T15:16:52.1220980Z test_invalid_scorer_output_is_an_explicit_failure (test_parallel_data_eval.ParallelDataEvalTests) ... ok
2026-10-03T15:16:52.1657143Z test_missing_duplicate_wrong_split_checkpoint_and_temperature_fail (test_parallel_data_eval.ParallelDataEvalTests) ... ok
2026-10-03T15:16:52.1860066Z test_missing_worker_report_or_wrong_plan_and_counts_fail (test_parallel_data_eval.ParallelDataEvalTests) ... ok
2026-10-03T15:16:52.1919866Z test_model_profile_defaults_and_cross_profile_rejection (test_parallel_data_eval.ParallelDataEvalTests) ... ok
2026-10-03T15:16:52.1990712Z test_only_target_four_gpus_must_be_idle_and_complete (test_parallel_data_eval.ParallelDataEvalTests) ... ok
2026-10-03T15:16:52.2056098Z test_phase_policy_and_fixed_host_required_before_launch (test_parallel_data_eval.ParallelDataEvalTests) ... ok
2026-10-03T15:16:52.2168463Z test_saved_temperature_and_source_group_summaries (test_parallel_data_eval.ParallelDataEvalTests) ... ok
2026-10-03T15:16:52.2228567Z test_shards_cover_every_id_once_in_stable_order (test_parallel_data_eval.ParallelDataEvalTests) ... ok
2026-10-03T15:16:52.2294172Z test_shared_lease_prevents_concurrent_eval_or_training (test_parallel_data_eval.ParallelDataEvalTests) ... ok
2026-10-03T15:16:52.2375786Z test_short_run_or_failed_reload_cannot_masquerade_as_fullpass (test_parallel_data_eval.ParallelDataEvalTests) ... ok
2026-10-03T15:16:52.2587739Z test_sigterm_and_sigint_interruptions_reap_all_owned_workers (test_parallel_data_eval.ParallelDataEvalTests) ... ok
2026-10-03T15:16:52.2680803Z test_temperature_must_be_saved_calibration_not_test_or_bad_value (test_parallel_data_eval.ParallelDataEvalTests) ... ok
2026-10-03T15:16:52.2683028Z test_all_candidates_and_document_variants_keep_family_split (test_phone_extraction_control.PhoneDatasetTest) ... skipped 'requires the optional .[phone] extra'
2026-10-03T15:16:52.2684425Z test_manifest_binds_source_and_artifacts_and_refuses_overwrite (test_phone_extraction_control.PhoneDatasetTest) ... skipped 'requires the optional .[phone] extra'
2026-10-03T15:16:52.2697286Z test_ambiguous_and_unsupported_declarations_require_review (test_phone_extraction_control.PhoneRuntimeTest) ... ok
2026-10-03T15:16:52.2706568Z test_candidate_limit_is_explicit_and_zero_candidates_are_valid_api (test_phone_extraction_control.PhoneRuntimeTest) ... ok
2026-10-03T15:16:52.2710604Z test_candidates_cannot_be_invented_or_shifted (test_phone_extraction_control.PhoneRuntimeTest) ... ok
2026-10-03T15:16:52.2712192Z test_exact_e164_for_national_and_international_reserved_styles (test_phone_extraction_control.PhoneRuntimeTest) ... skipped 'requires the optional .[phone] extra'
2026-10-03T15:16:52.2713540Z test_implicit_trunk_or_idd_digit_repair_is_rejected (test_phone_extraction_control.PhoneRuntimeTest) ... skipped 'requires the optional .[phone] extra'
2026-10-03T15:16:52.2714869Z test_locally_possible_numbers_without_area_code_have_no_e164 (test_phone_extraction_control.PhoneRuntimeTest) ... skipped 'requires the optional .[phone] extra'
2026-10-03T15:16:52.2716222Z test_message_layout_preserves_public_role_and_region_semantics (test_phone_extraction_control.PhoneRuntimeTest) ... skipped 'requires the optional .[phone] extra'
2026-10-03T15:16:52.2744849Z test_missing_country_never_defaults_even_with_international_code (test_phone_extraction_control.PhoneRuntimeTest) ... ok
2026-10-03T15:16:52.2747545Z test_missing_optional_library_has_explicit_install_hint (test_phone_extraction_control.PhoneRuntimeTest) ... ok
2026-10-03T15:16:52.2748877Z test_optional_library_version_is_exact (test_phone_extraction_control.PhoneRuntimeTest) ... skipped 'requires the optional .[phone] extra'
2026-10-03T15:16:52.2752074Z test_outside_field_candidates_are_retained_but_reviewed (test_phone_extraction_control.PhoneRuntimeTest) ... ok
2026-10-03T15:16:52.2761385Z test_partial_extensions_and_parentheses_cannot_be_rescued (test_phone_extraction_control.PhoneRuntimeTest) ... ok
2026-10-03T15:16:52.2766688Z test_policy_tampering_and_unknown_role_are_rejected (test_phone_extraction_control.PhoneRuntimeTest) ... ok
2026-10-03T15:16:52.2768332Z test_possible_valid_and_routable_are_not_equated (test_phone_extraction_control.PhoneRuntimeTest) ... skipped 'requires the optional .[phone] extra'
2026-10-03T15:16:52.2775666Z test_presence_absence_ambiguity_and_miss_are_separate (test_phone_extraction_control.PhoneRuntimeTest) ... ok
2026-10-03T15:16:52.2780084Z test_query_blind_candidates_and_character_offsets (test_phone_extraction_control.PhoneRuntimeTest) ... ok
2026-10-03T15:16:52.2782078Z test_repeated_phone_uses_offsets_and_wrong_selection_is_not_repaired (test_phone_extraction_control.PhoneRuntimeTest) ... skipped 'requires the optional .[phone] extra'
2026-10-03T15:16:52.2788145Z test_request_builders_do_not_require_library (test_phone_extraction_control.PhoneRuntimeTest) ... ok
2026-10-03T15:16:52.2789861Z test_shared_calling_codes_do_not_override_explicit_region_conflicts (test_phone_extraction_control.PhoneRuntimeTest) ... skipped 'requires the optional .[phone] extra'
2026-10-03T15:16:52.2799933Z test_unicode_vanity_and_malformed_format_do_not_reach_library (test_phone_extraction_control.PhoneRuntimeTest) ... ok
2026-10-03T15:16:52.3632078Z test_all_384_targets_independent_replay_and_group_isolation (test_policy_controls_v6.PolicyControlsV6Test) ... ok
2026-10-03T15:16:52.5537482Z test_corrupted_target_incomplete_group_and_frozen_output (test_policy_controls_v6.PolicyControlsV6Test) ... ok
2026-10-03T15:16:52.5568278Z test_latest_signature_scope_revocation_and_one_cent (test_policy_controls_v6.PolicyControlsV6Test) ... ok
2026-10-03T15:16:52.5578791Z test_refund_priority_exhaustive_48_boundary_cases (test_policy_controls_v6.PolicyControlsV6Test) ... ok
2026-10-03T15:16:52.5818639Z test_untrusted_text_invariance_and_signed_policy_withdrawal (test_policy_controls_v6.PolicyControlsV6Test) ... ok
2026-10-03T15:16:52.5914455Z test_audit_gate_requires_complete_matching_unchanged_capture (test_posttraining_evaluation.PosttrainingTests) ... ok
2026-10-03T15:16:52.5920448Z test_busy_lease_does_not_even_query_cards (test_posttraining_evaluation.PosttrainingTests) ... ok
2026-10-03T15:16:52.5924649Z test_changed_gpu_uuid_aborts (test_posttraining_evaluation.PosttrainingTests) ... ok
2026-10-03T15:16:52.5986498Z test_failed_audit_and_wrong_checkpoint_never_open_gate (test_posttraining_evaluation.PosttrainingTests) ... ok
2026-10-03T15:16:52.6004143Z test_failed_or_incomplete_final_training_never_becomes_ready (test_posttraining_evaluation.PosttrainingTests) ... ok
2026-10-03T15:16:52.6010198Z test_finished_status_does_not_override_live_rank (test_posttraining_evaluation.PosttrainingTests) ... ok
2026-10-03T15:16:52.6016941Z test_foreign_gpu_process_blocks_allocation (test_posttraining_evaluation.PosttrainingTests) ... ok
2026-10-03T15:16:52.6119610Z test_full_sequence_uses_audit_barrier_and_preserves_pending (test_posttraining_evaluation.PosttrainingTests) ... ok
2026-10-03T15:16:52.6124781Z test_missing_audit_waits_without_any_measurement (test_posttraining_evaluation.PosttrainingTests) ... ok
2026-10-03T15:16:52.6138077Z test_nonzero_child_exit_stops_sequence (test_posttraining_evaluation.PosttrainingTests) ... ok
2026-10-03T15:16:52.6161220Z test_owned_child_is_reaped_if_status_write_fails (test_posttraining_evaluation.PosttrainingTests) ... ok
2026-10-03T15:16:52.6170895Z test_plan_rejects_retired_supervisor_wrong_cards_and_noop_command (test_posttraining_evaluation.PosttrainingTests) ... ok
2026-10-03T15:16:52.6183629Z test_prepare_only_does_not_query_processes_gpus_or_launch (test_posttraining_evaluation.PosttrainingTests) ... ok
2026-10-03T15:16:52.6187871Z test_real_lease_contention_is_not_bypassed (test_posttraining_evaluation.PosttrainingTests) ... ok
2026-10-03T15:16:52.6195597Z test_reused_pid_aborts_without_signals (test_posttraining_evaluation.PosttrainingTests) ... ok
2026-10-03T15:16:52.6210188Z test_service_requires_fixed_settings_every_measurement_and_cleanup (test_posttraining_evaluation.PosttrainingTests) ... ok
2026-10-03T15:16:52.6216657Z test_successful_training_uses_actual_identity_not_stale_metadata_pid (test_posttraining_evaluation.PosttrainingTests) ... ok
2026-10-03T15:16:52.6225602Z test_zero_exit_does_not_replace_matching_expansion_artifacts (test_posttraining_evaluation.PosttrainingTests) ... ok
2026-10-03T15:16:52.6227431Z test_bfloat16_cache_keeps_kernel_recurrent_state_in_float32 (test_prefix_cache.PrefixCacheTest) ... skipped 'requires optional torch/transformers/peft train runtime'
2026-10-03T15:16:52.6229503Z test_candidate_and_question_permutations_remain_equivariant (test_prefix_cache.PrefixCacheTest) ... skipped 'requires optional torch/transformers/peft train runtime'
2026-10-03T15:16:52.6231916Z test_checkpoint_benchmark_runner_uses_real_cpu_paths_and_checks_parity (test_prefix_cache.PrefixCacheTest) ... skipped 'requires optional torch/transformers/peft train runtime'
2026-10-03T15:16:52.6234040Z test_fixture_detects_losing_each_kind_of_cache_state (test_prefix_cache.PrefixCacheTest) ... skipped 'requires optional torch/transformers/peft train runtime'
2026-10-03T15:16:52.6236092Z test_fork_isolates_every_cache_tensor_and_batched_continuations (test_prefix_cache.PrefixCacheTest) ... skipped 'requires optional torch/transformers/peft train runtime'
2026-10-03T15:16:52.6238131Z test_lora_wrapper_is_active_on_cached_path (test_prefix_cache.PrefixCacheTest) ... skipped 'requires optional torch/transformers/peft train runtime'
2026-10-03T15:16:52.6240140Z test_overlength_and_training_rejected_before_any_cached_forward (test_prefix_cache.PrefixCacheTest) ... skipped 'requires optional torch/transformers/peft train runtime'
2026-10-03T15:16:52.6242738Z test_predictor_choice_noul_score_probabilities_and_usage_match (test_prefix_cache.PrefixCacheTest) ... skipped 'requires optional torch/transformers/peft train runtime'
2026-10-03T15:16:52.6244883Z test_real_hybrid_logits_probabilities_and_observed_token_reuse (test_prefix_cache.PrefixCacheTest) ... skipped 'requires optional torch/transformers/peft train runtime'
2026-10-03T15:16:52.6246995Z test_requests_and_exception_paths_release_cache_and_preserve_inputs (test_prefix_cache.PrefixCacheTest) ... skipped 'requires optional torch/transformers/peft train runtime'
2026-10-03T15:16:52.6249157Z test_training_forward_is_uncached_and_adapter_head_gradients_survive (test_prefix_cache.PrefixCacheTest) ... skipped 'requires optional torch/transformers/peft train runtime'
2026-10-03T15:16:52.6251569Z test_zero_short_and_identical_prefixes_match_independent_scoring (test_prefix_cache.PrefixCacheTest) ... skipped 'requires optional torch/transformers/peft train runtime'
2026-10-03T15:16:52.6253493Z test_ragged_batches_match_uncached_scoring (test_prefix_cache_ragged.RaggedSuffixTest) ... skipped 'requires torch, transformers and peft'
2026-10-03T15:16:52.6255232Z test_ragged_mode_uses_fewer_suffix_calls (test_prefix_cache_ragged.RaggedSuffixTest) ... skipped 'requires torch, transformers and peft'
2026-10-03T15:16:52.6256895Z test_aliases_and_unordered_lists_cannot_launder_a_reserved_state (test_prepare_boundary_training_v7.BoundaryPreparationTest) ... ok
2026-10-03T15:16:52.6274103Z test_candidate_split_changed_after_independent_audit_is_rejected (test_prepare_boundary_training_v7.BoundaryPreparationTest) ... ok
2026-10-03T15:16:52.6280517Z test_existing_output_and_uncommitted_source_fail_before_loading_data (test_prepare_boundary_training_v7.BoundaryPreparationTest) ... ok
2026-10-03T15:16:52.6285069Z test_identifier_renaming_and_options_cannot_launder_old_test (test_prepare_boundary_training_v7.BoundaryPreparationTest) ... ok
2026-10-03T15:16:52.6289406Z test_normalization_keeps_scope_relations_and_one_cent_facts (test_prepare_boundary_training_v7.BoundaryPreparationTest) ... ok
2026-10-03T15:16:52.6301854Z test_original_train_and_all_heldouts_are_reserved_against_new_copies (test_prepare_boundary_training_v7.BoundaryPreparationTest) ... ok
2026-10-03T15:16:52.6306157Z test_same_split_duplicate_or_identifier_alias_is_rejected (test_prepare_boundary_training_v7.BoundaryPreparationTest) ... ok
2026-10-03T15:16:52.6322013Z test_git_show_uses_captured_commit_when_head_changes (test_prepare_frontier_training_v8.CommittedSourceFixtures) ... ok
2026-10-03T15:16:52.6346537Z test_inherited_git_context_cannot_redirect_source_identity (test_prepare_frontier_training_v8.CommittedSourceFixtures) ... ok
2026-10-03T15:16:52.6369248Z test_scope_checks_bound_files_only_and_rejects_dirty_source (test_prepare_frontier_training_v8.CommittedSourceFixtures) ... ok
2026-10-03T15:16:52.6375025Z test_untracked_source_cannot_claim_head_provenance (test_prepare_frontier_training_v8.CommittedSourceFixtures) ... ok
2026-10-03T15:16:52.6383225Z test_wrong_toplevel_stops_before_reading_commit_or_source (test_prepare_frontier_training_v8.CommittedSourceFixtures) ... ok
2026-10-03T15:16:53.2097294Z test_blocked_full_variant_never_reads_reserved_or_creates_output (test_prepare_frontier_training_v8.PackingFixtures) ... ok
2026-10-03T15:16:53.9775728Z test_declared_derivative_preserves_raw_lines_order_metadata_and_reserved_bytes (test_prepare_frontier_training_v8.PackingFixtures) ... ok
2026-10-03T15:16:55.0245731Z test_exclusion_cannot_duplicate_or_name_a_new_parent (test_prepare_frontier_training_v8.PackingFixtures) ... ok
2026-10-03T15:16:55.0251695Z test_existing_output_fails_before_reading_inputs (test_prepare_frontier_training_v8.PackingFixtures) ... ok
2026-10-03T15:16:55.9786850Z test_forged_manifest_and_wrong_new_reserved_hash_stop_before_output (test_prepare_frontier_training_v8.PackingFixtures) ... ok
2026-10-03T15:16:55.9796372Z test_misassigned_split_duplicate_id_parent_and_visible_input_are_rejected (test_prepare_frontier_training_v8.PackingFixtures) ... ok
2026-10-03T15:16:56.6757101Z test_old_pass_receipt_cannot_authorize_different_parent_declaration (test_prepare_frontier_training_v8.PackingFixtures) ... ok
2026-10-03T15:16:57.1478861Z test_passed_derivative_receipt_cannot_silently_filter_full_inputs (test_prepare_frontier_training_v8.PackingFixtures) ... ok
2026-10-03T15:16:57.4300824Z test_renamed_observed_row_cannot_replace_locked_train (test_prepare_frontier_training_v8.PackingFixtures) ... ok
2026-10-03T15:16:57.4419667Z test_changed_bytes_and_wrong_split_are_rejected_before_output_creation (test_prepare_policy_training_v6.PolicyTrainingPreparationTests) ... ok
2026-10-03T15:16:57.4560206Z test_cross_source_train_to_test_group_leak_is_rejected (test_prepare_policy_training_v6.PolicyTrainingPreparationTests) ... ok
2026-10-03T15:16:57.4760435Z test_observed_regression_order_and_original_hashes_are_frozen (test_prepare_policy_training_v6.PolicyTrainingPreparationTests) ... ok
2026-10-03T15:16:57.4899750Z test_observed_selection_hash_mismatch_and_overwrite_are_rejected (test_prepare_policy_training_v6.PolicyTrainingPreparationTests) ... ok
2026-10-03T15:16:57.5097735Z test_only_train_is_mixed_and_existing_loader_consumes_one_full_pass (test_prepare_policy_training_v6.PolicyTrainingPreparationTests) ... ok
2026-10-03T15:16:57.5207598Z test_rewritten_v6_rows_and_manifest_cannot_change_public_frozen_candidate (test_prepare_policy_training_v6.PolicyTrainingPreparationTests) ... ok
2026-10-03T15:16:57.5210657Z test_missing_error_soft_targets_and_probability_rounding_are_separate (test_provider_quality.QualityTest) ... ok
2026-10-03T15:16:57.5216929Z test_gold_and_metadata_excluded_and_all_forms_roundtrip (test_provider_suite.ProviderSuiteTest) ... ok
2026-10-03T15:16:57.5223879Z test_file_split_mismatch_fails_before_writing (test_public_data.MixDataTests) ... ok
2026-10-03T15:16:57.5430783Z test_mixed_counts_and_metadata_validate (test_public_data.MixDataTests) ... ok
2026-10-03T15:16:57.5437062Z test_identical_inputs_with_conflicting_labels_fail (test_public_data.PublicDataTests) ... ok
2026-10-03T15:16:57.5455795Z test_passage_group_isolation_and_import_provenance (test_public_data.PublicDataTests) ... ok
2026-10-03T15:16:57.5475659Z test_all_public_examples_compile_without_generation (test_recipes.RecipesTest) ... ok
2026-10-03T15:16:57.5476759Z test_date_reference_rollover_and_invalid_dates (test_recipes.RecipesTest) ... ok
2026-10-03T15:16:57.5478210Z test_extraction_is_verbatim_and_missing_value_stays_missing (test_recipes.RecipesTest) ... ok
2026-10-03T15:16:57.5479697Z test_markdown_preserves_code_with_fences (test_recipes.RecipesTest) ... ok
2026-10-03T15:16:57.5480682Z test_multiline_quote_and_list_retain_structure (test_recipes.RecipesTest) ... ok
2026-10-03T15:16:57.5481938Z test_speculative_tool_args_are_not_executed_or_mixed (test_recipes.RecipesTest) ... ok
2026-10-03T15:16:57.5483036Z test_tool_key_collisions_and_reserved_candidates_rejected (test_recipes.RecipesTest) ... ok
2026-10-03T15:16:57.5500512Z test_calibration_fit_matches_analytic_binary_maximum_likelihood (test_replay_boundary_comparison_v7.IndependentArithmeticAndAlignmentTests) ... ok
2026-10-03T15:16:57.5512551Z test_empty_partial_duplicate_failed_hash_order_target_and_logit_tampering (test_replay_boundary_comparison_v7.IndependentArithmeticAndAlignmentTests) ... ok
2026-10-03T15:16:57.5514460Z test_inclusive_thresholds_and_adjacent_floats (test_replay_boundary_comparison_v7.IndependentArithmeticAndAlignmentTests) ... ok
2026-10-03T15:16:57.5516306Z test_invalid_probability_inputs_and_structured_evidence_comparison (test_replay_boundary_comparison_v7.IndependentArithmeticAndAlignmentTests) ... ok
2026-10-03T15:16:57.5520407Z test_metrics_have_hand_computed_nll_brier_ece_and_abstention_denominators (test_replay_boundary_comparison_v7.IndependentArithmeticAndAlignmentTests) ... ok
2026-10-03T15:16:57.5522862Z test_wrong_accepted_predicates_at_both_thresholds_are_not_execution (test_replay_boundary_comparison_v7.IndependentArithmeticAndAlignmentTests) ... ok
2026-10-03T15:16:57.5528529Z test_bare_prefixed_case_variants_match_without_changing_raw_evidence (test_replay_boundary_comparison_v7.IndependentGpuRuntimeTests) ... ok
2026-10-03T15:16:57.5530539Z test_full_uuid_accepts_only_optional_exact_prefix_and_hex_case (test_replay_boundary_comparison_v7.IndependentGpuRuntimeTests) ... ok
2026-10-03T15:16:57.5535596Z test_malformed_mig_ordinals_lists_and_nonstrings_are_rejected (test_replay_boundary_comparison_v7.IndependentGpuRuntimeTests) ... ok
2026-10-03T15:16:57.5547597Z test_other_runtime_fields_are_exact_including_tiny_changes_and_types (test_replay_boundary_comparison_v7.IndependentGpuRuntimeTests) ... ok
2026-10-03T15:16:57.5553102Z test_real_different_device_and_invalid_recorded_identifiers_are_rejected (test_replay_boundary_comparison_v7.IndependentGpuRuntimeTests) ... ok
2026-10-03T15:16:57.5557433Z test_visible_devices_stays_exact_original_receipt (test_replay_boundary_comparison_v7.IndependentGpuRuntimeTests) ... ok
2026-10-03T15:16:57.5562327Z test_absolute_interval_endpoints_exception_and_gregorian_centuries (test_replay_boundary_comparison_v7.IndependentOutcomeTests) ... ok
2026-10-03T15:16:57.5574991Z test_dangerous_choice_uses_actual_state_without_a_confidence_cutoff (test_replay_boundary_comparison_v7.IndependentOutcomeTests) ... ok
2026-10-03T15:16:57.5576700Z test_integer_ledgers_negative_formatting_and_cancellation (test_replay_boundary_comparison_v7.IndependentOutcomeTests) ... ok
2026-10-03T15:16:57.5580910Z test_joint_exact_scope_missing_role_and_revoke_precedence (test_replay_boundary_comparison_v7.IndependentOutcomeTests) ... ok
2026-10-03T15:16:57.5586472Z test_joint_regrant_capacity_equality_lowering_and_legacy_outer_scope (test_replay_boundary_comparison_v7.IndependentOutcomeTests) ... ok
2026-10-03T15:16:57.5590380Z test_policy_authority_withdrawal_fraud_and_limit_priority (test_replay_boundary_comparison_v7.IndependentOutcomeTests) ... ok
2026-10-03T15:16:57.5592654Z test_structural_role_labels_separate_missing_scope_from_other_role_noise (test_replay_boundary_comparison_v7.IndependentOutcomeTests) ... ok
2026-10-03T15:16:57.5608859Z test_five_serving_files_have_exact_profile_and_positive_temperature (test_replay_boundary_comparison_v7.IndependentPackageProofTests) ... ok
2026-10-03T15:16:57.5620663Z test_missing_fourth_new_source_replay_is_rejected_before_git (test_replay_boundary_comparison_v7.IndependentPackageProofTests) ... ok
2026-10-03T15:16:57.5668738Z test_optional_peft_readme_preserves_serving_identity_but_changes_full_proof (test_replay_boundary_comparison_v7.IndependentPackageProofTests) ... ok
2026-10-03T15:16:57.5688064Z test_optional_readme_cannot_replace_missing_serving_or_allow_an_extra_file (test_replay_boundary_comparison_v7.IndependentPackageProofTests) ... ok
2026-10-03T15:16:57.5788981Z test_profile_and_temperature_tampering_are_rejected (test_replay_boundary_comparison_v7.IndependentPackageProofTests) ... ok
2026-10-03T15:16:57.5882450Z test_complete_offline_provenance_replays_without_live_processes_or_rewriting_origin (test_replay_boundary_comparison_v7.IndependentSupplementProvenanceTests) ... ok
2026-10-03T15:16:57.5990613Z test_consumed_s1_identity_cannot_be_reused_for_new_supplement (test_replay_boundary_comparison_v7.IndependentSupplementProvenanceTests) ... ok
2026-10-03T15:16:57.6356384Z test_declaration_source_plan_checkpoint_device_and_hash_tampering_are_rejected (test_replay_boundary_comparison_v7.IndependentSupplementProvenanceTests) ... ok
2026-10-03T15:16:57.6634632Z test_failed_origin_code_inventory_or_added_prediction_cannot_be_replaced (test_replay_boundary_comparison_v7.IndependentSupplementProvenanceTests) ... ok
2026-10-03T15:16:57.6846530Z test_final_launch_verification_seals_both_query_time_boundaries_and_timezone (test_replay_boundary_comparison_v7.IndependentSupplementProvenanceTests) ... ok
2026-10-03T15:16:57.6966771Z test_foreign_source_checkout_cannot_replace_exact_nested_evaluation_source (test_replay_boundary_comparison_v7.IndependentSupplementProvenanceTests) ... ok
2026-10-03T15:16:57.8160788Z test_metadata_types_guard_aliases_and_timezone_are_strict_without_live_checks (test_replay_boundary_comparison_v7.IndependentSupplementProvenanceTests) ... ok
2026-10-03T15:16:57.8485653Z test_missing_naive_invalid_future_or_query_expired_final_verification_is_rejected (test_replay_boundary_comparison_v7.IndependentSupplementProvenanceTests) ... ok
2026-10-03T15:16:57.8541589Z test_nested_source_symlink_cannot_escape_to_foreign_checkout (test_replay_boundary_comparison_v7.IndependentSupplementProvenanceTests) ... ok
2026-10-03T15:16:57.9648866Z test_nested_task_still_rejects_both_directions_of_preserved_evidence_overlap (test_replay_boundary_comparison_v7.IndependentSupplementProvenanceTests) ... ok
2026-10-03T15:16:58.0462244Z test_new_attempt_plan_resource_and_preflight_cannot_be_bypassed (test_replay_boundary_comparison_v7.IndependentSupplementProvenanceTests) ... ok
2026-10-03T15:16:58.0508865Z test_optional_cli_and_locked_provenance_cannot_bypass_ordinary_binding (test_replay_boundary_comparison_v7.IndependentSupplementProvenanceTests) ... ok
2026-10-03T15:16:58.0759248Z test_original_receipt_request_bytes_and_output_tampering_are_rejected (test_replay_boundary_comparison_v7.IndependentSupplementProvenanceTests) ... ok
2026-10-03T15:16:58.1186718Z test_original_restoration_requires_full_true_checks_and_all_owned_exits (test_replay_boundary_comparison_v7.IndependentSupplementProvenanceTests) ... ok
2026-10-03T15:16:58.1555594Z test_resource_lock_raw_hash_completion_and_committed_declaration_are_required (test_replay_boundary_comparison_v7.IndependentSupplementProvenanceTests) ... ok
2026-10-03T15:16:58.2492536Z test_reviewed_controller_command_cwd_and_persisted_launch_freshness (test_replay_boundary_comparison_v7.IndependentSupplementProvenanceTests) ... ok
2026-10-03T15:16:58.4123786Z test_all_eight_portable_slices_and_actual_observed_denominators (test_replay_boundary_comparison_v7.IndependentWholeComparisonTests) ... ok
2026-10-03T15:16:58.5742975Z test_family_coverage_31_vs_32_all_abstain_and_single_accepted_error (test_replay_boundary_comparison_v7.IndependentWholeComparisonTests) ... ok
2026-10-03T15:16:58.6835469Z test_observed_conservative_errors_cannot_bypass_safety_checks (test_replay_boundary_comparison_v7.IndependentWholeComparisonTests) ... ok
2026-10-03T15:16:58.6842853Z test_paired_transitions_conserve_rows_and_report_every_regression (test_replay_boundary_comparison_v7.IndependentWholeComparisonTests) ... ok
2026-10-03T15:16:58.6852133Z test_alignment_detects_content_sequence_logits_and_memory (test_replay_frontier_comparison_v8.ReplayTests) ... ok
2026-10-03T15:16:58.6857391Z test_calibration_fit_has_known_optimum_and_split_guard (test_replay_frontier_comparison_v8.ReplayTests) ... ok
2026-10-03T15:16:58.6882277Z test_checkpoint_base_and_adapter_contract (test_replay_frontier_comparison_v8.ReplayTests) ... ok
2026-10-03T15:16:58.7666646Z test_completed_training_and_unicode_calibration_provenance (test_replay_frontier_comparison_v8.ReplayTests) ... ok
2026-10-03T15:16:58.8978339Z test_completed_training_rejects_claimed_error_and_nonmonotonic_steps (test_replay_frontier_comparison_v8.ReplayTests) ... ok
2026-10-03T15:16:58.9031914Z test_failed_exclusive_replay_remains_consumed (test_replay_frontier_comparison_v8.ReplayTests) ... ok
2026-10-03T15:16:58.9033954Z test_inclusive_predicate_and_ties (test_replay_frontier_comparison_v8.ReplayTests) ... ok
2026-10-03T15:16:58.9041397Z test_inventory_rejects_symlink_fifo_and_unexpected_sources (test_replay_frontier_comparison_v8.ReplayTests) ... ok
2026-10-03T15:16:58.9044231Z test_known_brier_nll_ece_and_empty (test_replay_frontier_comparison_v8.ReplayTests) ... ok
2026-10-03T15:16:58.9450390Z test_no_model_or_comparator_import_in_independent_replay (test_replay_frontier_comparison_v8.ReplayTests) ... ok
2026-10-03T15:16:58.9456535Z test_paired_regressions_fixes_and_threshold_changes (test_replay_frontier_comparison_v8.ReplayTests) ... ok
2026-10-03T15:16:58.9471682Z test_plan_rejects_changed_safety_temperature_runtime_and_timing (test_replay_frontier_comparison_v8.ReplayTests) ... ok
2026-10-03T15:16:58.9966721Z test_source_freeze_rejects_dirty_tree_and_scrubs_git_environment (test_replay_frontier_comparison_v8.ReplayTests) ... ok
2026-10-03T15:16:58.9969264Z test_strict_json_nonfinite_and_duplicate_keys (test_replay_frontier_comparison_v8.ReplayTests) ... ok
2026-10-03T15:16:58.9975869Z test_timing_keeps_cold_outlier_and_nearest_rank (test_replay_frontier_comparison_v8.ReplayTests) ... ok
2026-10-03T15:16:59.0005326Z test_consumed_s1_identity_cannot_be_reused_for_new_supplement (test_run_boundary_comparison_supplement_v7.ComparisonSupplementTests) ... ok
2026-10-03T15:16:59.0208285Z test_declaration_and_origin_identity_cannot_be_silently_changed (test_run_boundary_comparison_supplement_v7.ComparisonSupplementTests) ... ok
2026-10-03T15:16:59.0295164Z test_direct_comparator_cannot_skip_preflight_package_or_restoration_guard (test_run_boundary_comparison_supplement_v7.ComparisonSupplementTests) ... ok
2026-10-03T15:16:59.0336716Z test_exclusive_fsynced_lock_cannot_be_overwritten (test_run_boundary_comparison_supplement_v7.ComparisonSupplementTests) ... ok
2026-10-03T15:16:59.0437515Z test_gpu_queries_cannot_expire_resource_or_hide_lost_controller (test_run_boundary_comparison_supplement_v7.ComparisonSupplementTests) ... ok
2026-10-03T15:16:59.0646375Z test_incomplete_restoration_and_live_process_rejected_even_if_rehashed (test_run_boundary_comparison_supplement_v7.ComparisonSupplementTests) ... ok
2026-10-03T15:16:59.0775216Z test_input_hardware_runtime_and_output_overrides_refused (test_run_boundary_comparison_supplement_v7.ComparisonSupplementTests) ... ok
2026-10-03T15:16:59.0864304Z test_launch_requires_current_process_new_session_lock_and_live_resource (test_run_boundary_comparison_supplement_v7.ComparisonSupplementTests) ... ok
2026-10-03T15:16:59.1082320Z test_new_task_disjoint_from_original_task_dataset_and_checkpoint (test_run_boundary_comparison_supplement_v7.ComparisonSupplementTests) ... ok
2026-10-03T15:16:59.1213934Z test_origin_bytes_or_extra_predictions_fail (test_run_boundary_comparison_supplement_v7.ComparisonSupplementTests) ... ok
2026-10-03T15:16:59.1258043Z test_origin_preserved_and_cpu_provenance_complete (test_run_boundary_comparison_supplement_v7.ComparisonSupplementTests) ... ok
2026-10-03T15:16:59.1331964Z test_resource_failure_cannot_be_bypassed (test_run_boundary_comparison_supplement_v7.ComparisonSupplementTests) ... ok
2026-10-03T15:16:59.1358095Z test_restoration_guard_cannot_alias_controller_or_driver (test_run_boundary_comparison_supplement_v7.ComparisonSupplementTests) ... ok
2026-10-03T15:16:59.1424076Z test_source_requires_exact_canonical_nested_layout (test_run_boundary_comparison_supplement_v7.ComparisonSupplementTests) ... ok
2026-10-03T15:16:59.1467207Z test_source_symlink_and_resolved_external_target_rejected (test_run_boundary_comparison_supplement_v7.ComparisonSupplementTests) ... ok
2026-10-03T15:16:59.1471887Z test_attempt_receipt_cannot_be_overwritten (test_run_boundary_training_v7.PathAndAttemptTests) ... ok
2026-10-03T15:16:59.2645908Z test_complete_steps_and_finite_fields_required_without_resume_snapshot (test_run_boundary_training_v7.PathAndAttemptTests) ... ok
2026-10-03T15:16:59.2660777Z test_duplicate_driver_refusal_does_not_relabel_prior_attempt_as_failure (test_run_boundary_training_v7.PathAndAttemptTests) ... ok
2026-10-03T15:16:59.2694578Z test_refuse_existing_output_nested_input_parent_and_placeholder (test_run_boundary_training_v7.PathAndAttemptTests) ... ok
2026-10-03T15:16:59.2714780Z test_translation_changes_only_three_paths_and_preserves_frozen_plan (test_run_boundary_training_v7.PathAndAttemptTests) ... ok
2026-10-03T15:16:59.2758868Z test_stale_proof_guard_birth_compute_process_and_busy_gpu_are_refused (test_run_boundary_training_v7.ResourceProofTests) ... ok
2026-10-03T15:16:59.2762507Z test_data_runtime_stage_and_base_tampering_refused_before_model (test_run_boundary_training_v7.StagingTests) ... skipped 'Frozen local mixture is not shipped in portable CI'
2026-10-03T15:16:59.2764844Z test_edited_or_live_trainer_refused_before_data_checkpoint_and_runtime_staging (test_run_boundary_training_v7.StagingTests) ... skipped 'Frozen local mixture is not shipped in portable CI'
2026-10-03T15:16:59.2767330Z test_old_attempt_cannot_reenter_preflight (test_run_boundary_training_v7.StagingTests) ... skipped 'Frozen local mixture is not shipped in portable CI'
2026-10-03T15:16:59.2769547Z test_real_frozen_data_preflight_without_gpu_acquisition (test_run_boundary_training_v7.StagingTests) ... skipped 'Frozen local mixture is not shipped in portable CI'
2026-10-03T15:16:59.2893506Z test_changed_dirty_or_wrong_source_checkout_is_rejected (test_run_frontier_native_v8.NativeDeclarationTests) ... ok
2026-10-03T15:16:59.2939824Z test_execute_refuses_before_declared_paths_or_optional_imports (test_run_frontier_native_v8.NativeDeclarationTests) ... ok
2026-10-03T15:16:59.3003841Z test_hash_inventory_and_published_installation_references_are_bound (test_run_frontier_native_v8.NativeDeclarationTests) ... ok
2026-10-03T15:16:59.3109262Z test_ready_flags_extra_keys_and_changed_gradient_policy_cannot_unlock (test_run_frontier_native_v8.NativeDeclarationTests) ... ok
2026-10-03T15:16:59.3162354Z test_symlink_escape_and_nonrelative_inventory_are_rejected (test_run_frontier_native_v8.NativeDeclarationTests) ... ok
2026-10-03T15:16:59.3251914Z test_verified_source_retains_unarmed_and_unobserved_result (test_run_frontier_native_v8.NativeDeclarationTests) ... ok
2026-10-03T15:16:59.4076412Z test_attempt_is_consumed_even_when_preflight_fails (test_run_frontier_training_v8.DriverFixtures) ... ok
2026-10-03T15:16:59.8356954Z test_changed_calibration_labels_initial_identity_reload_or_phase_rejected (test_run_frontier_training_v8.DriverFixtures) ... ok
2026-10-03T15:17:00.2402476Z test_changed_data_checkpoint_and_base_rejected (test_run_frontier_training_v8.DriverFixtures) ... ok
2026-10-03T15:17:00.3005191Z test_changed_plan_or_freeze_bytes_rejected (test_run_frontier_training_v8.DriverFixtures) ... ok
2026-10-03T15:17:00.6121036Z test_complete_read_only_preflight_and_exact_deferred_command (test_run_frontier_training_v8.DriverFixtures) ... ok
2026-10-03T15:17:00.6929031Z test_dirty_source_and_different_commit_rejected (test_run_frontier_training_v8.DriverFixtures) ... ok
2026-10-03T15:17:00.9147393Z test_git_environment_cannot_redirect_source (test_run_frontier_training_v8.DriverFixtures) ... ok
2026-10-03T15:17:01.1370690Z test_hf_link_must_remain_inside_declared_cache (test_run_frontier_training_v8.DriverFixtures) ... ok
2026-10-03T15:17:01.5061596Z test_incomplete_final_checkpoint_and_special_journal_rejected (test_run_frontier_training_v8.DriverFixtures) ... ok
2026-10-03T15:17:01.7894135Z test_incomplete_nonfinite_or_nonmonotonic_optimizer_steps_rejected (test_run_frontier_training_v8.DriverFixtures) ... ok
2026-10-03T15:17:01.8483678Z test_old_attempt_protected_node_placeholder_overlap_and_existing_outputs_refused (test_run_frontier_training_v8.DriverFixtures) ... ok
2026-10-03T15:17:02.1367680Z test_real_trainer_journal_shape_without_options_is_supported (test_run_frontier_training_v8.DriverFixtures) ... ok
2026-10-03T15:17:02.4513128Z test_reserved_files_are_never_parsed (test_run_frontier_training_v8.DriverFixtures) ... ok
2026-10-03T15:17:02.6707500Z test_resource_receipt_flag_cannot_unlock_execution (test_run_frontier_training_v8.DriverFixtures) ... ok
2026-10-03T15:17:03.1433747Z test_runtime_lock_platform_or_stage_mutation_rejected (test_run_frontier_training_v8.DriverFixtures) ... ok
2026-10-03T15:17:03.5299496Z test_runtime_version_or_position_shadowing_rejected (test_run_frontier_training_v8.DriverFixtures) ... ok
2026-10-03T15:17:03.6008784Z test_source_inventory_cannot_claim_other_bytes (test_run_frontier_training_v8.DriverFixtures) ... ok
2026-10-03T15:17:03.6789334Z test_special_manifest_or_plan_rejected_before_open (test_run_frontier_training_v8.DriverFixtures) ... ok
2026-10-03T15:17:03.7777838Z test_symlink_and_special_dataset_leaf_rejected (test_run_frontier_training_v8.DriverFixtures) ... ok
2026-10-03T15:17:03.7805493Z test_bad_temperature (test_service_suite.ServiceSuiteTests) ... ok
2026-10-03T15:17:03.7820707Z test_binding_policy_cannot_override_hostname_or_training_card (test_service_suite.ServiceSuiteTests) ... ok
2026-10-03T15:17:03.7927785Z test_browser_only_passes_checkpoint_identity_without_workflow_input (test_service_suite.ServiceSuiteTests) ... ok
2026-10-03T15:17:03.7996317Z test_cli_guard_before_gpu_and_children (test_service_suite.ServiceSuiteTests) ... ok
2026-10-03T15:17:03.8002293Z test_command_workloads (test_service_suite.ServiceSuiteTests) ... ok
2026-10-03T15:17:03.8008785Z test_control_commands_pin_full_identity_and_complete_splits (test_service_suite.ServiceSuiteTests) ... ok
2026-10-03T15:17:03.8108201Z test_control_preflight_failure_precedes_output_gpu_and_subprocesses (test_service_suite.ServiceSuiteTests) ... ok
2026-10-03T15:17:03.8122666Z test_control_preflight_is_opt_in_and_uses_existing_frozen_loaders (test_service_suite.ServiceSuiteTests) ... ok
2026-10-03T15:17:03.8418573Z test_controls_run_serially_retain_failures_and_clean_each_server (test_service_suite.ServiceSuiteTests) ... ok
2026-10-03T15:17:03.8525806Z test_drone_only_pins_identity_and_keeps_gpu_cleanup (test_service_suite.ServiceSuiteTests) ... ok
2026-10-03T15:17:03.8534911Z test_existing_measurement_logs_not_overwritten (test_service_suite.ServiceSuiteTests) ... ok
2026-10-03T15:17:03.8659866Z test_fatal_provider_collection_retains_summary_then_cleans_without_probe (test_service_suite.ServiceSuiteTests) ... ok
2026-10-03T15:17:03.8865481Z test_frontier_only_runs_all_three_checkpoints_without_workflow_input (test_service_suite.ServiceSuiteTests) ... ok
2026-10-03T15:17:03.8877197Z test_gpu_selection_and_busy_rejection (test_service_suite.ServiceSuiteTests) ... ok
2026-10-03T15:17:03.8898130Z test_hash_and_wrong_model (test_service_suite.ServiceSuiteTests) ... ok
2026-10-03T15:17:03.9014189Z test_identity_mismatch_stops_and_cleans_server (test_service_suite.ServiceSuiteTests) ... ok
2026-10-03T15:17:03.9409602Z test_larger_capacity_reaches_every_server_and_identity (test_service_suite.ServiceSuiteTests) ... ok
2026-10-03T15:17:03.9575017Z test_measurement_exit_and_live_pid_record (test_service_suite.ServiceSuiteTests) ... ok
2026-10-03T15:17:03.9589510Z test_measurement_interrupt_recorded_and_reaped (test_service_suite.ServiceSuiteTests) ... ok
2026-10-03T15:17:04.0114344Z test_measurement_timeout_reaps_own_child (test_service_suite.ServiceSuiteTests) ... ok
2026-10-03T15:17:04.0145165Z test_missing_browser_cases_rejected_before_gpu_or_spawn (test_service_suite.ServiceSuiteTests) ... ok
2026-10-03T15:17:04.0174353Z test_missing_drone_cases_rejected_before_gpu_or_spawn (test_service_suite.ServiceSuiteTests) ... ok
2026-10-03T15:17:04.0218178Z test_nan_timeout_rejected_on_authorized_host (test_service_suite.ServiceSuiteTests) ... ok
2026-10-03T15:17:04.0306160Z test_nonpositive_server_capacity_rejected_before_gpu_or_spawn (test_service_suite.ServiceSuiteTests) ... ok
2026-10-03T15:17:04.0347158Z test_probe_rejects_changed_identity_and_invalid_probability (test_service_suite.ServiceSuiteTests) ... ok
2026-10-03T15:17:04.0368171Z test_provider_commands_keep_gold_out_of_inference_and_pin_identity (test_service_suite.ServiceSuiteTests) ... ok
2026-10-03T15:17:04.0407421Z test_provider_preflight_pins_manifests_files_and_gold_alignment (test_service_suite.ServiceSuiteTests) ... ok
2026-10-03T15:17:04.0447139Z test_provider_preflight_rejection_precedes_output_gpu_and_children (test_service_suite.ServiceSuiteTests) ... ok
2026-10-03T15:17:04.0892673Z test_provider_quality_runs_all_five_suites_before_releasing_each_model (test_service_suite.ServiceSuiteTests) ... ok
2026-10-03T15:17:04.0960703Z test_provider_raw_binding_preserves_types_order_and_strict_decoding (test_service_suite.ServiceSuiteTests) ... ok
2026-10-03T15:17:04.1013202Z test_provider_summary_rechecks_raw_identity_and_retains_partial_denominator (test_service_suite.ServiceSuiteTests) ... ok
2026-10-03T15:17:04.1027055Z test_readiness_requires_own_log (test_service_suite.ServiceSuiteTests) ... ok
2026-10-03T15:17:04.1069825Z test_repeated_or_unknown_model_rejected_before_gpu_or_spawn (test_service_suite.ServiceSuiteTests) ... ok
2026-10-03T15:17:04.1182570Z test_selected_checkpoint_does_not_require_other_model_files (test_service_suite.ServiceSuiteTests) ... ok
2026-10-03T15:17:04.1293424Z test_stopped_trec_retains_summary_and_cleans_before_any_next_probe (test_service_suite.ServiceSuiteTests) ... ok
2026-10-03T15:17:04.1715546Z test_three_models_serial_semantic_failure_continues_latency_last (test_service_suite.ServiceSuiteTests) ... ok
2026-10-03T15:17:04.1728939Z test_trec_commands_pin_identity_and_never_pass_qrels (test_service_suite.ServiceSuiteTests) ... ok
2026-10-03T15:17:04.1991479Z test_trec_inputs_and_outputs_cannot_enter_training_tree (test_service_suite.ServiceSuiteTests) ... ok
2026-10-03T15:17:04.2171650Z test_trec_models_are_serial_and_failed_queries_keep_cleanup (test_service_suite.ServiceSuiteTests) ... ok
2026-10-03T15:17:04.2625981Z test_trec_preflight_bad_hashes_precede_output_gpu_and_children (test_service_suite.ServiceSuiteTests) ... ok
2026-10-03T15:17:04.3428555Z test_trec_preflight_is_opt_in_and_binds_full_input_and_qrels (test_service_suite.ServiceSuiteTests) ... ok
2026-10-03T15:17:04.3540112Z test_trec_rejected_audit_cleans_before_any_next_probe (test_service_suite.ServiceSuiteTests) ... ok
2026-10-03T15:17:04.3636607Z test_trec_summary_requires_settled_identity_and_offline_audit (test_service_suite.ServiceSuiteTests) ... ok
2026-10-03T15:17:04.3642026Z test_typed_doom_mode_reaches_game_evaluator (test_service_suite.ServiceSuiteTests) ... ok
2026-10-03T15:17:04.3643573Z test_ambiguous_json_is_rejected (test_serving.ServingTest) ... ok
2026-10-03T15:17:04.3651828Z test_chunked_choice_is_normalized_after_reassembly (test_serving.ServingTest) ... ok
2026-10-03T15:17:04.8750115Z test_http_client_official_route_and_errors (test_serving.ServingTest) ... ok
2026-10-03T15:17:05.3858997Z test_http_inventory_lists_requests_and_keeps_artifacts_fetchable (test_serving.ServingTest) ... ok
2026-10-03T15:17:05.3860421Z test_invalid_backend_cannot_return_fake_answers (test_serving.ServingTest) ... ok
2026-10-03T15:17:05.3861837Z test_limits_and_unknown_models_fail_before_backend (test_serving.ServingTest) ... ok
2026-10-03T15:17:05.4081599Z test_all_variants_derive_labels_from_body_in_every_layout (test_silent_failure_data.SilentFailureBodyTest) ... ok
2026-10-03T15:17:05.4087681Z test_ambiguous_unknown_and_duplicate_grammar_is_rejected (test_silent_failure_data.SilentFailureBodyTest) ... ok
2026-10-03T15:17:05.4089648Z test_current_counts_override_historical_counts (test_silent_failure_data.SilentFailureBodyTest) ... ok
2026-10-03T15:17:05.4096861Z test_current_history_swap_flips_label_but_order_does_not (test_silent_failure_data.SilentFailureBodyTest) ... ok
2026-10-03T15:17:05.4099801Z test_empty_search_and_required_empty_receipt_have_different_meanings (test_silent_failure_data.SilentFailureBodyTest) ... ok
2026-10-03T15:17:05.4205709Z test_json_order_whitespace_and_html_current_document_pairs (test_silent_failure_data.SilentFailureBodyTest) ... ok
2026-10-03T15:17:05.4207444Z test_metadata_and_targets_never_enter_model_prompt (test_silent_failure_data.SilentFailureBodyTest) ... ok
2026-10-03T15:17:05.4209196Z test_numeric_text_boundary_from_visible_requirement (test_silent_failure_data.SilentFailureBodyTest) ... ok
2026-10-03T15:17:05.4212666Z test_partial_permission_alone_changes_result_and_pending_job_is_valid (test_silent_failure_data.SilentFailureBodyTest) ... ok
2026-10-03T15:17:05.4214876Z test_quoted_error_and_archived_debug_text_are_not_current_failure (test_silent_failure_data.SilentFailureBodyTest) ... ok
2026-10-03T15:17:05.4215969Z test_runtime_preserves_original_body_and_single_noul (test_silent_failure_data.SilentFailureBodyTest) ... ok
2026-10-03T15:17:05.5077628Z test_audit_counts_pair_isolation_and_byte_determinism (test_silent_failure_data.SilentFailureCorpusTest) ... ok
2026-10-03T15:17:05.5256378Z test_body_only_runtime_contract_rejects_status_wrapper (test_silent_failure_data.SilentFailureCorpusTest) ... ok
2026-10-03T15:17:05.5403312Z test_counterfactual_cannot_cross_split (test_silent_failure_data.SilentFailureCorpusTest) ... ok
2026-10-03T15:17:05.5417477Z test_existing_output_symlink_and_bad_sizes_rejected (test_silent_failure_data.SilentFailureCorpusTest) ... ok
2026-10-03T15:17:05.5583005Z test_label_tamper_after_rehash_still_fails_semantic_audit (test_silent_failure_data.SilentFailureCorpusTest) ... ok
2026-10-03T15:17:05.5611223Z test_source_and_data_hashes_are_checked (test_silent_failure_data.SilentFailureCorpusTest) ... ok
2026-10-03T15:17:05.5631098Z test_changed_derivative_is_rejected_before_curation (test_site_display_media.ApprovedSiteMediaTests) ... ok
2026-10-03T15:17:05.5679944Z test_curation_retains_phone_derivatives_in_temporary_site (test_site_display_media.ApprovedSiteMediaTests) ... ok
2026-10-03T15:17:05.5688307Z test_derivatives_are_not_kept_when_phone_item_is_not_selected (test_site_display_media.ApprovedSiteMediaTests) ... ok
2026-10-03T15:17:05.5702531Z test_manifest_cannot_approve_an_unexpected_path (test_site_display_media.ApprovedSiteMediaTests) ... ok
2026-10-03T15:17:05.5716446Z test_selected_phone_item_keeps_exact_manifest_backed_derivatives (test_site_display_media.ApprovedSiteMediaTests) ... ok
2026-10-03T15:17:05.5735082Z test_windows_text_line_endings_match_manifest_hashes (test_site_display_media.ApprovedSiteMediaTests) ... ok
2026-10-03T15:17:06.0806088Z test_blank_instructions_and_invalid_categories_never_reach_fixture (test_space_app.SpaceHTTPTest) ... ok
2026-10-03T15:17:06.5846709Z test_busy_rejects_second_request_while_health_works (test_space_app.SpaceHTTPTest) ... ok
2026-10-03T15:17:07.0948800Z test_canonical_page_assets_and_developer_link (test_space_app.SpaceHTTPTest) ... ok
2026-10-03T15:17:07.5974561Z test_errors_do_not_echo_input_or_raw_exception (test_space_app.SpaceHTTPTest) ... ok
2026-10-03T15:17:08.1020766Z test_loading_and_error_do_not_claim_ready_or_infer (test_space_app.SpaceHTTPTest) ... ok
2026-10-03T15:17:08.6054997Z test_plain_category_names_reach_fixture (test_space_app.SpaceHTTPTest) ... ok
2026-10-03T15:17:09.1106272Z test_request_limits_and_origin_guard (test_space_app.SpaceHTTPTest) ... ok
2026-10-03T15:17:09.1135234Z test_financial_evidence_and_ownership_counterexamples (test_sponsor_segments.SponsorSegmentTest) ... ok
2026-10-03T15:17:09.2582943Z test_generated_contract_and_labels (test_sponsor_segments.SponsorSegmentTest) ... ok
2026-10-03T15:17:09.2669691Z test_marker_timestamp_and_neighbour_not_label_oracle (test_sponsor_segments.SponsorSegmentTest) ... ok
2026-10-03T15:17:09.4280768Z test_persisted_audit_and_rehashed_bad_target (test_sponsor_segments.SponsorSegmentTest) ... ok
2026-10-03T15:17:09.7155103Z test_shared_context_brand_identity_and_manifest_count_checks (test_sponsor_segments.SponsorSegmentTest) ... ok
2026-10-03T15:17:09.8293023Z test_counterfactuals_change_exactly_the_visible_requested_metric (test_sql_semantics_v3.SQLSemanticsV3Test) ... ok
2026-10-03T15:17:09.8304589Z test_database_and_structural_families_are_split_disjoint (test_sql_semantics_v3.SQLSemanticsV3Test) ... ok
2026-10-03T15:17:09.8310655Z test_equal_answers_are_not_mislabeled_as_negatives (test_sql_semantics_v3.SQLSemanticsV3Test) ... ok
2026-10-03T15:17:10.0119921Z test_full_layout_smoke_independent_sqlite_replay (test_sql_semantics_v3.SQLSemanticsV3Test) ... ok
2026-10-03T15:17:10.0124735Z test_halfway_rounding_matches_stated_business_rule (test_sql_semantics_v3.SQLSemanticsV3Test) ... ok
2026-10-03T15:17:10.0389605Z test_hand_calculated_fixtures_cover_every_business_operator (test_sql_semantics_v3.SQLSemanticsV3Test) ... ok
2026-10-03T15:17:10.1472701Z test_label_result_and_visible_data_tampering_are_detected (test_sql_semantics_v3.SQLSemanticsV3Test) ... ok
2026-10-03T15:17:10.1528912Z test_metadata_never_determines_answer_and_no_results_in_inputs (test_sql_semantics_v3.SQLSemanticsV3Test) ... ok
2026-10-03T15:17:10.7569626Z test_reproducible_no_input_files_and_non_overwriting_build (test_sql_semantics_v3.SQLSemanticsV3Test) ... ok
2026-10-03T15:17:10.7583121Z test_syntax_errors_writes_and_multiple_statements_are_rejected (test_sql_semantics_v3.SQLSemanticsV3Test) ... ok
2026-10-03T15:17:10.7602412Z test_named_human_can_finish_no_route_without_forcing_a_catalog_label (test_support_routing.SupportRoutingTests) ... ok
2026-10-03T15:17:11.2632459Z test_real_http_schema_probabilities_and_identity_drift (test_support_routing.SupportRoutingTests) ... ok
2026-10-03T15:17:11.2654544Z test_review_queue_keeps_unresolved_rows_and_requires_human_attribution (test_support_routing.SupportRoutingTests) ... ok
2026-10-03T15:17:11.2656475Z test_shortlist_never_reads_gold_and_retrieval_failure_stays_visible (test_support_routing.SupportRoutingTests) ... ok
2026-10-03T15:17:11.2685419Z test_test_gold_and_predictions_follow_calibration_lock_without_retuning (test_support_routing.SupportRoutingTests) ... ok
2026-10-03T15:17:11.2687169Z test_threshold_fit_abstains_when_no_calibration_policy_is_met (test_support_routing.SupportRoutingTests) ... ok
2026-10-03T15:17:11.3051658Z test_complete_frozen_groups_disjoint_splits_and_boundary_offset_coverage (test_temporal_windows_v5.TemporalWindowsV5Test) ... ok
2026-10-03T15:17:11.3052997Z test_epoch_seconds_equivalent_instants_and_strict_timestamp_grammar (test_temporal_windows_v5.TemporalWindowsV5Test) ... ok
2026-10-03T15:17:11.3483689Z test_freeze_hashes_refuses_overwrite_and_detects_changed_split (test_temporal_windows_v5.TemporalWindowsV5Test) ... ok
2026-10-03T15:17:11.3593091Z test_generator_labels_are_checked_by_separate_epoch_implementation (test_temporal_windows_v5.TemporalWindowsV5Test) ... ok
2026-10-03T15:17:11.3595439Z test_hand_calculated_lower_upper_leap_boundaries_and_exception (test_temporal_windows_v5.TemporalWindowsV5Test) ... ok
2026-10-03T15:17:11.3638609Z test_hidden_labels_ids_and_metadata_do_not_enter_model_prompts (test_temporal_windows_v5.TemporalWindowsV5Test) ... ok
2026-10-03T15:17:11.4016387Z test_independent_validator_rejects_corrupted_gold_proposal_and_incomplete_group (test_temporal_windows_v5.TemporalWindowsV5Test) ... ok
2026-10-03T15:17:11.4129910Z test_relabeling_case_ids_cannot_disguise_repeated_temporal_facts (test_temporal_windows_v5.TemporalWindowsV5Test) ... ok
2026-10-03T15:17:11.4927461Z test_frozen_input_hashes_and_separate_calibration (test_train_frontier_controls_v4.ContinuedTrainingTest) ... ok
2026-10-03T15:17:11.5108217Z test_group_sampling_keeps_counterfactuals_and_is_label_independent (test_train_frontier_controls_v4.ContinuedTrainingTest) ... ok
2026-10-03T15:17:11.5217982Z test_identity_binds_head_adapter_and_released_temperature (test_train_frontier_controls_v4.ContinuedTrainingTest) ... ok
2026-10-03T15:17:11.5219202Z test_only_existing_lora_and_head_train (test_train_frontier_controls_v4.ContinuedTrainingTest) ... ok
2026-10-03T15:17:11.5284338Z test_actual_adapter_configuration_and_method_must_agree (test_train_initial_checkpoint.InitialInferenceCheckpointTests) ... ok
2026-10-03T15:17:11.5319471Z test_content_identity_binds_initialization_and_detects_changed_weights (test_train_initial_checkpoint.InitialInferenceCheckpointTests) ... ok
2026-10-03T15:17:11.5330714Z test_default_base_constructor_is_unchanged (test_train_initial_checkpoint.InitialInferenceCheckpointTests) ... ok
2026-10-03T15:17:11.5356297Z test_loads_existing_weights_and_unfreezes_only_lora_and_head (test_train_initial_checkpoint.InitialInferenceCheckpointTests) ... ok
2026-10-03T15:17:11.5378801Z test_missing_serving_files_and_invalid_temperature_are_rejected (test_train_initial_checkpoint.InitialInferenceCheckpointTests) ... ok
2026-10-03T15:17:11.5450499Z test_profile_mismatches_and_resume_reject_before_model_import (test_train_initial_checkpoint.InitialInferenceCheckpointTests) ... ok
2026-10-03T15:17:11.5484822Z test_lease_self_registration_and_controller_closing_preservation (test_train_temporal_windows_v5.TemporalPilotTest) ... ok
2026-10-03T15:17:11.5487604Z test_paired_regression_counts_and_mismatched_evidence_rejection (test_train_temporal_windows_v5.TemporalPilotTest) ... ok
2026-10-03T15:17:11.5495432Z test_temperature_ablation_keeps_argmax_but_changes_noul_threshold_behavior (test_train_temporal_windows_v5.TemporalPilotTest) ... ok
2026-10-03T15:17:11.5527454Z test_cli_defaults_to_legacy_and_exposes_explicit_opt_in (test_training_deferred_heldout.DeferredHeldoutTests) ... ok
2026-10-03T15:17:11.5566305Z test_complete_allowed_splits_are_validated_before_sampling_or_model_construction (test_training_deferred_heldout.DeferredHeldoutTests) ... ok
2026-10-03T15:17:11.6591021Z test_default_keeps_all_split_validation_baselines_and_heldout_evaluation (test_training_deferred_heldout.DeferredHeldoutTests) ... ok
2026-10-03T15:17:12.2608317Z test_deferred_reload_rejects_nonfinite_width_and_value_mismatches_without_summary (test_training_deferred_heldout.DeferredHeldoutTests) ... ok
2026-10-03T15:17:12.2627230Z test_deferred_resume_and_snapshots_rejected_before_runtime_imports (test_training_deferred_heldout.DeferredHeldoutTests) ... ok
2026-10-03T15:17:12.3486825Z test_deferred_run_never_reads_or_forwards_heldout_and_saves_fixed_final (test_training_deferred_heldout.DeferredHeldoutTests) ... ok
2026-10-03T15:17:12.3525460Z test_deferred_run_requires_calibration (test_training_deferred_heldout.DeferredHeldoutTests) ... ok
2026-10-03T15:17:12.3540849Z test_opt_in_changes_identity_without_changing_default_argument_schema (test_training_deferred_heldout.DeferredHeldoutTests) ... ok
2026-10-03T15:17:12.3626453Z test_all_snapshot_artifacts_and_old_log_cursor_are_verified (test_training_initialization.InitializationContractTests) ... ok
2026-10-03T15:17:12.3686130Z test_cli_and_programmatic_run_reject_initialization_plus_resume (test_training_initialization.InitializationContractTests) ... ok
2026-10-03T15:17:12.3752983Z test_model_revision_rank_topology_and_complete_snapshot_are_required (test_training_initialization.InitializationContractTests) ... ok
2026-10-03T15:17:12.3769958Z test_provenance_rejects_missing_extra_malformed_and_reset_fields (test_training_initialization.InitializationContractTests) ... ok
2026-10-03T15:17:12.3799384Z test_weights_initialization_accepts_new_data_but_binds_source_content (test_training_initialization.InitializationContractTests) ... ok
2026-10-03T15:17:12.3801867Z test_changed_preflight_bytes_or_provenance_are_rejected (test_training_initialization.InitializationNumericalTests) ... skipped 'requires optional torch runtime'
2026-10-03T15:17:12.3803544Z test_four_rank_run_measures_initialized_baseline_and_resumes_new_stage_trajectory (test_training_initialization.InitializationNumericalTests) ... skipped 'requires optional torch runtime'
2026-10-03T15:17:12.3805290Z test_future_resume_tensor_binding_rejects_removed_or_rewritten_provenance (test_training_initialization.InitializationNumericalTests) ... skipped 'requires optional torch runtime'
2026-10-03T15:17:12.3806916Z test_invalid_tensor_payload_never_partially_copies_weights (test_training_initialization.InitializationNumericalTests) ... skipped 'requires optional torch runtime'
2026-10-03T15:17:12.3808544Z test_only_trainable_weights_copy_without_optimizer_rng_or_base_mutation (test_training_initialization.InitializationNumericalTests) ... skipped 'requires optional torch runtime'
2026-10-03T15:17:12.5189869Z test_both_installed_cli_help_commands_work_without_model_imports (test_training_provenance.TrainingProvenanceTests) ... ok
2026-10-03T15:17:12.5491275Z test_both_trainers_reject_before_imports_or_argument_access (test_training_provenance.TrainingProvenanceTests) ... ok
2026-10-03T15:17:12.5827290Z test_caller_git_environment_cannot_override_source_checkout (test_training_provenance.TrainingProvenanceTests) ... ok
2026-10-03T15:17:12.6156182Z test_caller_head_is_wrong_but_source_head_is_recorded (test_training_provenance.TrainingProvenanceTests) ... ok
2026-10-03T15:17:12.6503695Z test_dirty_source_checkout_remains_supported (test_training_provenance.TrainingProvenanceTests) ... ok
2026-10-03T15:17:12.6805167Z test_installed_package_cannot_inherit_ancestor_repository (test_training_provenance.TrainingProvenanceTests) ... ok
2026-10-03T15:17:12.7128770Z test_invalid_git_marker_cannot_inherit_ancestor_repository (test_training_provenance.TrainingProvenanceTests) ... ok
2026-10-03T15:17:12.7538730Z test_real_git_worktree_with_git_file_is_supported (test_training_provenance.TrainingProvenanceTests) ... ok
2026-10-03T15:17:12.7876544Z test_source_head_is_recorded_outside_any_repository (test_training_provenance.TrainingProvenanceTests) ... ok
2026-10-03T15:17:12.7921967Z test_artifact_restore_archives_interrupted_log_and_keeps_final_calibration (test_training_resume.ResumeIdentityTests) ... ok
2026-10-03T15:17:12.7960724Z test_identity_binds_training_configuration_dataset_and_order (test_training_resume.ResumeIdentityTests) ... ok
2026-10-03T15:17:12.7962236Z test_original_baseline_ids_targets_and_order_are_required (test_training_resume.ResumeIdentityTests) ... ok
2026-10-03T15:17:12.7986677Z test_snapshot_checksum_and_log_cursor_are_verified_before_tensor_loading (test_training_resume.ResumeIdentityTests) ... ok
2026-10-03T15:17:12.7988035Z test_cpu_dropout_rng_optimizer_and_parameter_trajectory_resume_exactly (test_training_resume.ResumeNumericalTests) ... skipped 'requires optional torch runtime'
2026-10-03T15:17:12.8654035Z test_actual_scores_change_later_windows_and_requests_are_saved_before_calls (test_trec_provider.TrecProviderTest) ... ok
2026-10-03T15:17:12.9206903Z test_declared_mass_only_scalar_analysis_never_becomes_primary_ranking (test_trec_provider.TrecProviderTest) ... ok
2026-10-03T15:17:13.0248557Z test_endpoint_rejections_stop_all_remaining_queries (test_trec_provider.TrecProviderTest) ... ok
2026-10-03T15:17:13.1004409Z test_frozen_input_contract_rejects_gold_metadata_hash_mismatch_and_overwrite (test_trec_provider.TrecProviderTest) ... ok
2026-10-03T15:17:16.1789762Z test_full_run_completes_all_97_queries_in_exactly_873_calls (test_trec_provider.TrecProviderTest) ... ok
2026-10-03T15:17:16.2820238Z test_jev_mass_or_expectation_failure_is_retained_and_next_query_runs (test_trec_provider.TrecProviderTest) ... ok
2026-10-03T15:17:16.3116836Z test_mass_and_expectation_failure_cannot_use_scalar_analysis (test_trec_provider.TrecProviderTest) ... ok
2026-10-03T15:17:16.3410781Z test_nonfinite_parsed_response_keeps_exact_raw_text_and_fails_query (test_trec_provider.TrecProviderTest) ... ok
2026-10-03T15:17:16.3503143Z test_openai_envelope_preserves_integer_scores_without_probabilities (test_trec_provider.TrecProviderTest) ... ok
2026-10-03T15:17:16.4204102Z test_request_time_and_usage_cost_budgets_preserve_partial_and_pending (test_trec_provider.TrecProviderTest) ... ok
2026-10-03T15:17:16.4561515Z test_thrown_attempt_error_is_saved_redacted_and_cost_remains_unknown (test_trec_provider.TrecProviderTest) ... ok
2026-10-03T15:17:20.7369567Z test_finished_collection_with_mass_failure_retains_full_denominator (test_trec_summary.TrecSummaryTest) ... ok
2026-10-03T15:17:25.6047047Z test_full_openai_collection_has_no_fabricated_scalar_probability_analysis (test_trec_summary.TrecSummaryTest) ... ok
2026-10-03T15:17:25.7067020Z test_input_and_qrel_manifest_hashes_are_required (test_trec_summary.TrecSummaryTest) ... ok
2026-10-03T15:17:25.9568322Z test_live_report_prefix_may_have_unscored_newer_raw_records (test_trec_summary.TrecSummaryTest) ... ok
2026-10-03T15:17:26.0790713Z test_mass_only_query_primary_zero_and_supplemental_uses_actual_saved_scalars (test_trec_summary.TrecSummaryTest) ... ok
2026-10-03T15:17:26.1774198Z test_mass_only_then_hard_error_does_not_publish_either_ranking (test_trec_summary.TrecSummaryTest) ... ok
2026-10-03T15:17:26.3077330Z test_partial_run_uses_full_qrels_and_direct_grade_including_outside_candidates (test_trec_summary.TrecSummaryTest) ... ok
2026-10-03T15:17:26.5622809Z test_python310_mass_diagnostics_replay_exactly_without_relaxing_validation (test_trec_summary.TrecSummaryTest) ... ok
2026-10-03T15:17:26.7742206Z test_rejects_permutation_tampering_flags_and_adaptive_window_changes (test_trec_summary.TrecSummaryTest) ... ok
2026-10-03T15:17:26.9727081Z test_rejects_raw_payload_response_model_or_order_tampering (test_trec_summary.TrecSummaryTest) ... ok
2026-10-03T15:17:31.3514342Z test_top_level_running_status_never_becomes_complete_even_after_all_queries (test_trec_summary.TrecSummaryTest) ... ok
2026-10-03T15:17:31.3572688Z test_candidate_permutation_preserves_labels_and_source_groups (test_wanli_data.WanliTests) ... ok
2026-10-03T15:17:31.3573841Z test_conflicts_are_removed_not_arbitrarily_resolved (test_wanli_data.WanliTests) ... ok
2026-10-03T15:17:31.3588920Z test_existing_output_fails_before_source_download_or_modification (test_wanli_data.WanliTests) ... ok
2026-10-03T15:17:31.3590146Z test_malformed_source_fails (test_wanli_data.WanliTests) ... ok
2026-10-03T15:17:31.3594089Z test_test_components_are_reserved_transitively (test_wanli_data.WanliTests) ... ok
2026-10-03T15:17:31.7626906Z test_http_runner_preserves_responses_and_aborts_on_service_change (test_workflows.WorkflowServiceEvaluationTests) ... ok
2026-10-03T15:17:31.7640667Z test_prediction_identity_binds_case_state_questions_and_split (test_workflows.WorkflowServiceEvaluationTests) ... ok
2026-10-03T15:17:32.1117101Z test_selection_is_heldout_balanced_group_distinct_and_label_independent (test_workflows.WorkflowServiceEvaluationTests) ... ok
2026-10-03T15:17:32.2959785Z test_selection_rejects_cross_split_parent_groups_and_duplicate_ids (test_workflows.WorkflowServiceEvaluationTests) ... ok
2026-10-03T15:17:32.2963206Z test_service_identity_rejects_oracle_mismatch_and_tracks_artifact_digest (test_workflows.WorkflowServiceEvaluationTests) ... ok
2026-10-03T15:17:32.2967503Z test_agent_permission_is_evaluated_at_call_time_with_exact_scope (test_workflows.WorkflowTests) ... ok
2026-10-03T15:17:32.2984481Z test_all_workflows_compile_as_target_free_independent_questions (test_workflows.WorkflowTests) ... ok
2026-10-03T15:17:32.2986283Z test_card_and_cancellation_account_facts_gate_mutations (test_workflows.WorkflowTests) ... ok
2026-10-03T15:17:32.2989288Z test_customer_empty_resolved_negation_and_account_claim_conflict (test_workflows.WorkflowTests) ... ok
2026-10-03T15:17:32.2996870Z test_evaluation_rejects_fixture_claims_and_bad_case_alignment (test_workflows.WorkflowTests) ... ok
2026-10-03T15:17:32.3000906Z test_exclusive_workflows_use_one_disposition_while_customer_can_fan_out (test_workflows.WorkflowTests) ... ok
2026-10-03T15:17:34.1107180Z test_generated_groups_stay_together_and_models_cannot_see_references (test_workflows.WorkflowTests) ... ok
2026-10-03T15:17:34.1113289Z test_invoice_financial_boundaries_and_grants (test_workflows.WorkflowTests) ... ok
2026-10-03T15:17:35.0942615Z test_manifest_and_saved_jsonl_are_reproducible (test_workflows.WorkflowTests) ... ok
2026-10-03T15:17:35.0952057Z test_refund_requires_exact_account_object_amount_and_current_consent (test_workflows.WorkflowTests) ... ok
2026-10-03T15:17:35.0954927Z test_security_maintenance_must_match_asset_activity_and_time (test_workflows.WorkflowTests) ... ok
2026-10-03T15:17:35.0957166Z test_security_priority_grant_expiry_and_production_isolation (test_workflows.WorkflowTests) ... ok
2026-10-03T15:17:35.0957995Z 
2026-10-03T15:17:35.0958206Z ======================================================================
2026-10-03T15:17:35.0959321Z FAIL: test_actual_operational_graph_origins_real_functions_and_caller_restore (test_frontier_v8_operational_bridge.OperationalBridgeTests)
2026-10-03T15:17:35.0960566Z ----------------------------------------------------------------------
2026-10-03T15:17:35.0961558Z Traceback (most recent call last):
2026-10-03T15:17:35.0970874Z   File "/home/runner/work/Open-Jev/Open-Jev/tests/test_frontier_v8_operational_bridge.py", line 142, in test_actual_operational_graph_origins_real_functions_and_caller_restore
2026-10-03T15:17:35.0972519Z     self.child(r'''
2026-10-03T15:17:35.0973047Z   File "/home/runner/work/Open-Jev/Open-Jev/tests/test_frontier_v8_operational_bridge.py", line 138, in child
2026-10-03T15:17:35.0973655Z     self.assertEqual(result.returncode, 0, result.stdout + result.stderr)
2026-10-03T15:17:35.0974098Z AssertionError: 1 != 0 : Traceback (most recent call last):
2026-10-03T15:17:35.0974460Z   File "<string>", line 32, in <module>
2026-10-03T15:17:35.0975224Z   File "/opt/hostedtoolcache/Python/3.10.21/x64/lib/python3.10/contextlib.py", line 135, in __enter__
2026-10-03T15:17:35.0975700Z     return next(self.gen)
2026-10-03T15:17:35.0976250Z   File "/tmp/tmpywyvongh/operational/scripts/frontier_v8_operational_bridge.py", line 232, in load_operational_cpu_modules
2026-10-03T15:17:35.0976838Z     module = importlib.import_module('scripts.' + helper)
2026-10-03T15:17:35.0977397Z   File "/opt/hostedtoolcache/Python/3.10.21/x64/lib/python3.10/importlib/__init__.py", line 126, in import_module
2026-10-03T15:17:35.0977952Z     return _bootstrap._gcd_import(name[level:], package, level)
2026-10-03T15:17:35.0978373Z   File "<frozen importlib._bootstrap>", line 1050, in _gcd_import
2026-10-03T15:17:35.0978817Z   File "<frozen importlib._bootstrap>", line 1027, in _find_and_load
2026-10-03T15:17:35.0979304Z   File "<frozen importlib._bootstrap>", line 1006, in _find_and_load_unlocked
2026-10-03T15:17:35.0979764Z   File "<frozen importlib._bootstrap>", line 688, in _load_unlocked
2026-10-03T15:17:35.0980319Z   File "/tmp/tmpywyvongh/operational/scripts/frontier_v8_source_loader.py", line 220, in exec_module
2026-10-03T15:17:35.0980791Z     exec(self.code, module.__dict__)
2026-10-03T15:17:35.0981514Z   File "/tmp/tmpywyvongh/operational/scripts/frontier_v8_owned_process.py", line 14, in <module>
2026-10-03T15:17:35.0982004Z     from dataclasses import asdict, dataclass
2026-10-03T15:17:35.0982652Z   File "/opt/hostedtoolcache/Python/3.10.21/x64/lib/python3.10/dataclasses.py", line 3, in <module>
2026-10-03T15:17:35.0983090Z     import copy
2026-10-03T15:17:35.0983479Z   File "/opt/hostedtoolcache/Python/3.10.21/x64/lib/python3.10/copy.py", line 60, in <module>
2026-10-03T15:17:35.0983932Z     from org.python.core import PyStringMap
2026-10-03T15:17:35.0984315Z   File "<frozen importlib._bootstrap>", line 1027, in _find_and_load
2026-10-03T15:17:35.0984795Z   File "<frozen importlib._bootstrap>", line 1002, in _find_and_load_unlocked
2026-10-03T15:17:35.0985256Z   File "<frozen importlib._bootstrap>", line 945, in _find_spec
2026-10-03T15:17:35.0985802Z   File "/tmp/tmpywyvongh/operational/scripts/frontier_v8_source_loader.py", line 234, in find_spec
2026-10-03T15:17:35.0986327Z     require(fullname.split('.')[0] in sys.stdlib_module_names,
2026-10-03T15:17:35.0986836Z   File "/tmp/tmpywyvongh/operational/scripts/frontier_v8_source_loader.py", line 51, in require
2026-10-03T15:17:35.0987342Z     raise SourceVerificationError(message)
2026-10-03T15:17:35.0987843Z _frontier_v8_bridge_verifier.SourceVerificationError: Undeclared or optional module import rejected: org
2026-10-03T15:17:35.0988259Z 
2026-10-03T15:17:35.0988264Z 
2026-10-03T15:17:35.0988375Z ======================================================================
2026-10-03T15:17:35.0989006Z FAIL: test_body_exception_import_failure_and_assertion_pollution_restore_state (test_frontier_v8_operational_bridge.OperationalBridgeTests)
2026-10-03T15:17:35.0989658Z ----------------------------------------------------------------------
2026-10-03T15:17:35.0989984Z Traceback (most recent call last):
2026-10-03T15:17:35.0990733Z   File "/home/runner/work/Open-Jev/Open-Jev/tests/test_frontier_v8_operational_bridge.py", line 400, in test_body_exception_import_failure_and_assertion_pollution_restore_state
2026-10-03T15:17:35.0991682Z     self.child(r'''
2026-10-03T15:17:35.0992134Z   File "/home/runner/work/Open-Jev/Open-Jev/tests/test_frontier_v8_operational_bridge.py", line 138, in child
2026-10-03T15:17:35.0992729Z     self.assertEqual(result.returncode, 0, result.stdout + result.stderr)
2026-10-03T15:17:35.0993166Z AssertionError: 1 != 0 : Traceback (most recent call last):
2026-10-03T15:17:35.0993516Z   File "<string>", line 33, in <module>
2026-10-03T15:17:35.0993985Z   File "/opt/hostedtoolcache/Python/3.10.21/x64/lib/python3.10/contextlib.py", line 135, in __enter__
2026-10-03T15:17:35.0994437Z     return next(self.gen)
2026-10-03T15:17:35.0994967Z   File "/tmp/tmpgvnqdw0d/operational/scripts/frontier_v8_operational_bridge.py", line 232, in load_operational_cpu_modules
2026-10-03T15:17:35.0995680Z     module = importlib.import_module('scripts.' + helper)
2026-10-03T15:17:35.0996256Z   File "/opt/hostedtoolcache/Python/3.10.21/x64/lib/python3.10/importlib/__init__.py", line 126, in import_module
2026-10-03T15:17:35.0996814Z     return _bootstrap._gcd_import(name[level:], package, level)
2026-10-03T15:17:35.0997240Z   File "<frozen importlib._bootstrap>", line 1050, in _gcd_import
2026-10-03T15:17:35.0997677Z   File "<frozen importlib._bootstrap>", line 1027, in _find_and_load
2026-10-03T15:17:35.0998154Z   File "<frozen importlib._bootstrap>", line 1006, in _find_and_load_unlocked
2026-10-03T15:17:35.0998616Z   File "<frozen importlib._bootstrap>", line 688, in _load_unlocked
2026-10-03T15:17:35.0999160Z   File "/tmp/tmpgvnqdw0d/operational/scripts/frontier_v8_source_loader.py", line 220, in exec_module
2026-10-03T15:17:35.0999633Z     exec(self.code, module.__dict__)
2026-10-03T15:17:35.1000081Z   File "/tmp/tmpgvnqdw0d/operational/scripts/frontier_v8_owned_process.py", line 14, in <module>
2026-10-03T15:17:35.1000554Z     from dataclasses import asdict, dataclass
2026-10-03T15:17:35.1001029Z   File "/opt/hostedtoolcache/Python/3.10.21/x64/lib/python3.10/dataclasses.py", line 3, in <module>
2026-10-03T15:17:35.1001721Z     import copy
2026-10-03T15:17:35.1002155Z   File "/opt/hostedtoolcache/Python/3.10.21/x64/lib/python3.10/copy.py", line 60, in <module>
2026-10-03T15:17:35.1002734Z     from org.python.core import PyStringMap
2026-10-03T15:17:35.1003115Z   File "<frozen importlib._bootstrap>", line 1027, in _find_and_load
2026-10-03T15:17:35.1003583Z   File "<frozen importlib._bootstrap>", line 1002, in _find_and_load_unlocked
2026-10-03T15:17:35.1004037Z   File "<frozen importlib._bootstrap>", line 945, in _find_spec
2026-10-03T15:17:35.1004571Z   File "/tmp/tmpgvnqdw0d/operational/scripts/frontier_v8_source_loader.py", line 234, in find_spec
2026-10-03T15:17:35.1005086Z     require(fullname.split('.')[0] in sys.stdlib_module_names,
2026-10-03T15:17:35.1005606Z   File "/tmp/tmpgvnqdw0d/operational/scripts/frontier_v8_source_loader.py", line 51, in require
2026-10-03T15:17:35.1006093Z     raise SourceVerificationError(message)
2026-10-03T15:17:35.1006589Z _frontier_v8_bridge_verifier.SourceVerificationError: Undeclared or optional module import rejected: org
2026-10-03T15:17:35.1006999Z 
2026-10-03T15:17:35.1007004Z 
2026-10-03T15:17:35.1007167Z ======================================================================
2026-10-03T15:17:35.1007774Z FAIL: test_cli_cpu_import_scope_and_production_refusal_before_context_read (test_frontier_v8_operational_bridge.OperationalBridgeTests)
2026-10-03T15:17:35.1008403Z ----------------------------------------------------------------------
2026-10-03T15:17:35.1008724Z Traceback (most recent call last):
2026-10-03T15:17:35.1009454Z   File "/home/runner/work/Open-Jev/Open-Jev/tests/test_frontier_v8_operational_bridge.py", line 415, in test_cli_cpu_import_scope_and_production_refusal_before_context_read
2026-10-03T15:17:35.1010125Z     self.child(r'''
2026-10-03T15:17:35.1010565Z   File "/home/runner/work/Open-Jev/Open-Jev/tests/test_frontier_v8_operational_bridge.py", line 138, in child
2026-10-03T15:17:35.1011439Z     self.assertEqual(result.returncode, 0, result.stdout + result.stderr)
2026-10-03T15:17:35.1011900Z AssertionError: 1 != 0 : Traceback (most recent call last):
2026-10-03T15:17:35.1012251Z   File "<string>", line 37, in <module>
2026-10-03T15:17:35.1012725Z   File "/tmp/tmph8fws96i/operational/scripts/frontier_v8_operational_bridge.py", line 327, in main
2026-10-03T15:17:35.1013340Z     with load_operational_cpu_modules(context, assert_owned=cpu_assertion_fixture) as scope:
2026-10-03T15:17:35.1013973Z   File "/opt/hostedtoolcache/Python/3.10.21/x64/lib/python3.10/contextlib.py", line 135, in __enter__
2026-10-03T15:17:35.1014424Z     return next(self.gen)
2026-10-03T15:17:35.1014945Z   File "/tmp/tmph8fws96i/operational/scripts/frontier_v8_operational_bridge.py", line 232, in load_operational_cpu_modules
2026-10-03T15:17:35.1015657Z     module = importlib.import_module('scripts.' + helper)
2026-10-03T15:17:35.1016226Z   File "/opt/hostedtoolcache/Python/3.10.21/x64/lib/python3.10/importlib/__init__.py", line 126, in import_module
2026-10-03T15:17:35.1016786Z     return _bootstrap._gcd_import(name[level:], package, level)
2026-10-03T15:17:35.1017206Z   File "<frozen importlib._bootstrap>", line 1050, in _gcd_import
2026-10-03T15:17:35.1017642Z   File "<frozen importlib._bootstrap>", line 1027, in _find_and_load
2026-10-03T15:17:35.1018110Z   File "<frozen importlib._bootstrap>", line 1006, in _find_and_load_unlocked
2026-10-03T15:17:35.1018570Z   File "<frozen importlib._bootstrap>", line 688, in _load_unlocked
2026-10-03T15:17:35.1019108Z   File "/tmp/tmph8fws96i/operational/scripts/frontier_v8_source_loader.py", line 220, in exec_module
2026-10-03T15:17:35.1019581Z     exec(self.code, module.__dict__)
2026-10-03T15:17:35.1020026Z   File "/tmp/tmph8fws96i/operational/scripts/frontier_v8_owned_process.py", line 14, in <module>
2026-10-03T15:17:35.1020498Z     from dataclasses import asdict, dataclass
2026-10-03T15:17:35.1020969Z   File "/opt/hostedtoolcache/Python/3.10.21/x64/lib/python3.10/dataclasses.py", line 3, in <module>
2026-10-03T15:17:35.1021663Z     import copy
2026-10-03T15:17:35.1022039Z   File "/opt/hostedtoolcache/Python/3.10.21/x64/lib/python3.10/copy.py", line 60, in <module>
2026-10-03T15:17:35.1022615Z     from org.python.core import PyStringMap
2026-10-03T15:17:35.1022989Z   File "<frozen importlib._bootstrap>", line 1027, in _find_and_load
2026-10-03T15:17:35.1023451Z   File "<frozen importlib._bootstrap>", line 1002, in _find_and_load_unlocked
2026-10-03T15:17:35.1023899Z   File "<frozen importlib._bootstrap>", line 945, in _find_spec
2026-10-03T15:17:35.1024424Z   File "/tmp/tmph8fws96i/operational/scripts/frontier_v8_source_loader.py", line 234, in find_spec
2026-10-03T15:17:35.1024948Z     require(fullname.split('.')[0] in sys.stdlib_module_names,
2026-10-03T15:17:35.1025461Z   File "/tmp/tmph8fws96i/operational/scripts/frontier_v8_source_loader.py", line 51, in require
2026-10-03T15:17:35.1025943Z     raise SourceVerificationError(message)
2026-10-03T15:17:35.1026441Z _frontier_v8_bridge_verifier.SourceVerificationError: Undeclared or optional module import rejected: org
2026-10-03T15:17:35.1026851Z 
2026-10-03T15:17:35.1026855Z 
2026-10-03T15:17:35.1026960Z ======================================================================
2026-10-03T15:17:35.1027539Z FAIL: test_foreign_path_rejected_and_hostile_cwd_pythonpath_ignored (test_frontier_v8_operational_bridge.OperationalBridgeTests)
2026-10-03T15:17:35.1028144Z ----------------------------------------------------------------------
2026-10-03T15:17:35.1028463Z Traceback (most recent call last):
2026-10-03T15:17:35.1029158Z   File "/home/runner/work/Open-Jev/Open-Jev/tests/test_frontier_v8_operational_bridge.py", line 235, in test_foreign_path_rejected_and_hostile_cwd_pythonpath_ignored
2026-10-03T15:17:35.1029806Z     self.child(r'''
2026-10-03T15:17:35.1030253Z   File "/home/runner/work/Open-Jev/Open-Jev/tests/test_frontier_v8_operational_bridge.py", line 138, in child
2026-10-03T15:17:35.1030845Z     self.assertEqual(result.returncode, 0, result.stdout + result.stderr)
2026-10-03T15:17:35.1031596Z AssertionError: 1 != 0 : Traceback (most recent call last):
2026-10-03T15:17:35.1031960Z   File "<string>", line 32, in <module>
2026-10-03T15:17:35.1032426Z   File "/opt/hostedtoolcache/Python/3.10.21/x64/lib/python3.10/contextlib.py", line 135, in __enter__
2026-10-03T15:17:35.1032877Z     return next(self.gen)
2026-10-03T15:17:35.1043156Z   File "/tmp/tmpu90er2_a/operational/scripts/frontier_v8_operational_bridge.py", line 232, in load_operational_cpu_modules
2026-10-03T15:17:35.1043863Z     module = importlib.import_module('scripts.' + helper)
2026-10-03T15:17:35.1044494Z   File "/opt/hostedtoolcache/Python/3.10.21/x64/lib/python3.10/importlib/__init__.py", line 126, in import_module
2026-10-03T15:17:35.1045078Z     return _bootstrap._gcd_import(name[level:], package, level)
2026-10-03T15:17:35.1045690Z   File "<frozen importlib._bootstrap>", line 1050, in _gcd_import
2026-10-03T15:17:35.1046143Z   File "<frozen importlib._bootstrap>", line 1027, in _find_and_load
2026-10-03T15:17:35.1046622Z   File "<frozen importlib._bootstrap>", line 1006, in _find_and_load_unlocked
2026-10-03T15:17:35.1047122Z   File "<frozen importlib._bootstrap>", line 688, in _load_unlocked
2026-10-03T15:17:35.1047693Z   File "/tmp/tmpu90er2_a/operational/scripts/frontier_v8_source_loader.py", line 220, in exec_module
2026-10-03T15:17:35.1048166Z     exec(self.code, module.__dict__)
2026-10-03T15:17:35.1048615Z   File "/tmp/tmpu90er2_a/operational/scripts/frontier_v8_owned_process.py", line 14, in <module>
2026-10-03T15:17:35.1049082Z     from dataclasses import asdict, dataclass
2026-10-03T15:17:35.1049569Z   File "/opt/hostedtoolcache/Python/3.10.21/x64/lib/python3.10/dataclasses.py", line 3, in <module>
2026-10-03T15:17:35.1050007Z     import copy
2026-10-03T15:17:35.1050413Z   File "/opt/hostedtoolcache/Python/3.10.21/x64/lib/python3.10/copy.py", line 60, in <module>
2026-10-03T15:17:35.1050889Z     from org.python.core import PyStringMap
2026-10-03T15:17:35.1051501Z   File "<frozen importlib._bootstrap>", line 1027, in _find_and_load
2026-10-03T15:17:35.1051999Z   File "<frozen importlib._bootstrap>", line 1002, in _find_and_load_unlocked
2026-10-03T15:17:35.1052469Z   File "<frozen importlib._bootstrap>", line 945, in _find_spec
2026-10-03T15:17:35.1053146Z   File "/tmp/tmpu90er2_a/operational/scripts/frontier_v8_source_loader.py", line 234, in find_spec
2026-10-03T15:17:35.1053667Z     require(fullname.split('.')[0] in sys.stdlib_module_names,
2026-10-03T15:17:35.1054181Z   File "/tmp/tmpu90er2_a/operational/scripts/frontier_v8_source_loader.py", line 51, in require
2026-10-03T15:17:35.1054671Z     raise SourceVerificationError(message)
2026-10-03T15:17:35.1055185Z _frontier_v8_bridge_verifier.SourceVerificationError: Undeclared or optional module import rejected: org
2026-10-03T15:17:35.1055596Z 
2026-10-03T15:17:35.1055601Z 
2026-10-03T15:17:35.1055722Z ======================================================================
2026-10-03T15:17:35.1056332Z FAIL: test_lazy_restoration_and_optional_model_imports_remain_undeclared (test_frontier_v8_operational_bridge.OperationalBridgeTests)
2026-10-03T15:17:35.1056970Z ----------------------------------------------------------------------
2026-10-03T15:17:35.1057307Z Traceback (most recent call last):
2026-10-03T15:17:35.1058072Z   File "/home/runner/work/Open-Jev/Open-Jev/tests/test_frontier_v8_operational_bridge.py", line 390, in test_lazy_restoration_and_optional_model_imports_remain_undeclared
2026-10-03T15:17:35.1058753Z     self.child(r'''
2026-10-03T15:17:35.1059197Z   File "/home/runner/work/Open-Jev/Open-Jev/tests/test_frontier_v8_operational_bridge.py", line 138, in child
2026-10-03T15:17:35.1059793Z     self.assertEqual(result.returncode, 0, result.stdout + result.stderr)
2026-10-03T15:17:35.1060230Z AssertionError: 1 != 0 : Traceback (most recent call last):
2026-10-03T15:17:35.1060589Z   File "<string>", line 32, in <module>
2026-10-03T15:17:35.1061063Z   File "/opt/hostedtoolcache/Python/3.10.21/x64/lib/python3.10/contextlib.py", line 135, in __enter__
2026-10-03T15:17:35.1061769Z     return next(self.gen)
2026-10-03T15:17:35.1062305Z   File "/tmp/tmpbs_25vcu/operational/scripts/frontier_v8_operational_bridge.py", line 232, in load_operational_cpu_modules
2026-10-03T15:17:35.1062894Z     module = importlib.import_module('scripts.' + helper)
2026-10-03T15:17:35.1063446Z   File "/opt/hostedtoolcache/Python/3.10.21/x64/lib/python3.10/importlib/__init__.py", line 126, in import_module
2026-10-03T15:17:35.1064005Z     return _bootstrap._gcd_import(name[level:], package, level)
2026-10-03T15:17:35.1064439Z   File "<frozen importlib._bootstrap>", line 1050, in _gcd_import
2026-10-03T15:17:35.1064871Z   File "<frozen importlib._bootstrap>", line 1027, in _find_and_load
2026-10-03T15:17:35.1065346Z   File "<frozen importlib._bootstrap>", line 1006, in _find_and_load_unlocked
2026-10-03T15:17:35.1065942Z   File "<frozen importlib._bootstrap>", line 688, in _load_unlocked
2026-10-03T15:17:35.1066496Z   File "/tmp/tmpbs_25vcu/operational/scripts/frontier_v8_source_loader.py", line 220, in exec_module
2026-10-03T15:17:35.1066960Z     exec(self.code, module.__dict__)
2026-10-03T15:17:35.1067404Z   File "/tmp/tmpbs_25vcu/operational/scripts/frontier_v8_owned_process.py", line 14, in <module>
2026-10-03T15:17:35.1067877Z     from dataclasses import asdict, dataclass
2026-10-03T15:17:35.1068352Z   File "/opt/hostedtoolcache/Python/3.10.21/x64/lib/python3.10/dataclasses.py", line 3, in <module>
2026-10-03T15:17:35.1068789Z     import copy
2026-10-03T15:17:35.1069169Z   File "/opt/hostedtoolcache/Python/3.10.21/x64/lib/python3.10/copy.py", line 60, in <module>
2026-10-03T15:17:35.1069610Z     from org.python.core import PyStringMap
2026-10-03T15:17:35.1069990Z   File "<frozen importlib._bootstrap>", line 1027, in _find_and_load
2026-10-03T15:17:35.1070465Z   File "<frozen importlib._bootstrap>", line 1002, in _find_and_load_unlocked
2026-10-03T15:17:35.1070918Z   File "<frozen importlib._bootstrap>", line 945, in _find_spec
2026-10-03T15:17:35.1071705Z   File "/tmp/tmpbs_25vcu/operational/scripts/frontier_v8_source_loader.py", line 234, in find_spec
2026-10-03T15:17:35.1072224Z     require(fullname.split('.')[0] in sys.stdlib_module_names,
2026-10-03T15:17:35.1072859Z   File "/tmp/tmpbs_25vcu/operational/scripts/frontier_v8_source_loader.py", line 51, in require
2026-10-03T15:17:35.1073339Z     raise SourceVerificationError(message)
2026-10-03T15:17:35.1073836Z _frontier_v8_bridge_verifier.SourceVerificationError: Undeclared or optional module import rejected: org
2026-10-03T15:17:35.1074252Z 
2026-10-03T15:17:35.1074256Z 
2026-10-03T15:17:35.1074364Z ======================================================================
2026-10-03T15:17:35.1074993Z FAIL: test_ownership_loss_before_during_after_import_and_callback_restores_state (test_frontier_v8_operational_bridge.OperationalBridgeTests)
2026-10-03T15:17:35.1075649Z ----------------------------------------------------------------------
2026-10-03T15:17:35.1075976Z Traceback (most recent call last):
2026-10-03T15:17:35.1076729Z   File "/home/runner/work/Open-Jev/Open-Jev/tests/test_frontier_v8_operational_bridge.py", line 341, in test_ownership_loss_before_during_after_import_and_callback_restores_state
2026-10-03T15:17:35.1077448Z     self.child(r'''
2026-10-03T15:17:35.1077895Z   File "/home/runner/work/Open-Jev/Open-Jev/tests/test_frontier_v8_operational_bridge.py", line 138, in child
2026-10-03T15:17:35.1078506Z     self.assertEqual(result.returncode, 0, result.stdout + result.stderr)
2026-10-03T15:17:35.1078941Z AssertionError: 1 != 0 : Traceback (most recent call last):
2026-10-03T15:17:35.1079295Z   File "<string>", line 40, in <module>
2026-10-03T15:17:35.1079766Z   File "/opt/hostedtoolcache/Python/3.10.21/x64/lib/python3.10/contextlib.py", line 135, in __enter__
2026-10-03T15:17:35.1080220Z     return next(self.gen)
2026-10-03T15:17:35.1080751Z   File "/tmp/tmp3zir5zpt/operational/scripts/frontier_v8_operational_bridge.py", line 232, in load_operational_cpu_modules
2026-10-03T15:17:35.1081535Z     module = importlib.import_module('scripts.' + helper)
2026-10-03T15:17:35.1082099Z   File "/opt/hostedtoolcache/Python/3.10.21/x64/lib/python3.10/importlib/__init__.py", line 126, in import_module
2026-10-03T15:17:35.1082671Z     return _bootstrap._gcd_import(name[level:], package, level)
2026-10-03T15:17:35.1083093Z   File "<frozen importlib._bootstrap>", line 1050, in _gcd_import
2026-10-03T15:17:35.1083525Z   File "<frozen importlib._bootstrap>", line 1027, in _find_and_load
2026-10-03T15:17:35.1084000Z   File "<frozen importlib._bootstrap>", line 1006, in _find_and_load_unlocked
2026-10-03T15:17:35.1084466Z   File "<frozen importlib._bootstrap>", line 688, in _load_unlocked
2026-10-03T15:17:35.1085018Z   File "/tmp/tmp3zir5zpt/operational/scripts/frontier_v8_source_loader.py", line 220, in exec_module
2026-10-03T15:17:35.1085486Z     exec(self.code, module.__dict__)
2026-10-03T15:17:35.1086059Z   File "/tmp/tmp3zir5zpt/operational/scripts/frontier_v8_owned_process.py", line 14, in <module>
2026-10-03T15:17:35.1086539Z     from dataclasses import asdict, dataclass
2026-10-03T15:17:35.1087011Z   File "/opt/hostedtoolcache/Python/3.10.21/x64/lib/python3.10/dataclasses.py", line 3, in <module>
2026-10-03T15:17:35.1087458Z     import copy
2026-10-03T15:17:35.1087828Z   File "/opt/hostedtoolcache/Python/3.10.21/x64/lib/python3.10/copy.py", line 60, in <module>
2026-10-03T15:17:35.1088271Z     from org.python.core import PyStringMap
2026-10-03T15:17:35.1088650Z   File "<frozen importlib._bootstrap>", line 1027, in _find_and_load
2026-10-03T15:17:35.1089118Z   File "<frozen importlib._bootstrap>", line 1002, in _find_and_load_unlocked
2026-10-03T15:17:35.1089577Z   File "<frozen importlib._bootstrap>", line 945, in _find_spec
2026-10-03T15:17:35.1090107Z   File "/tmp/tmp3zir5zpt/operational/scripts/frontier_v8_source_loader.py", line 234, in find_spec
2026-10-03T15:17:35.1090636Z     require(fullname.split('.')[0] in sys.stdlib_module_names,
2026-10-03T15:17:35.1091317Z   File "/tmp/tmp3zir5zpt/operational/scripts/frontier_v8_source_loader.py", line 51, in require
2026-10-03T15:17:35.1091824Z     raise SourceVerificationError(message)
2026-10-03T15:17:35.1092325Z _frontier_v8_bridge_verifier.SourceVerificationError: Undeclared or optional module import rejected: org
2026-10-03T15:17:35.1092875Z 
2026-10-03T15:17:35.1092879Z 
2026-10-03T15:17:35.1092991Z ======================================================================
2026-10-03T15:17:35.1093586Z FAIL: test_private_verifier_substitution_rejected_before_fresh_capture (test_frontier_v8_operational_bridge.OperationalBridgeTests)
2026-10-03T15:17:35.1094209Z ----------------------------------------------------------------------
2026-10-03T15:17:35.1094533Z Traceback (most recent call last):
2026-10-03T15:17:35.1095253Z   File "/home/runner/work/Open-Jev/Open-Jev/tests/test_frontier_v8_operational_bridge.py", line 288, in test_private_verifier_substitution_rejected_before_fresh_capture
2026-10-03T15:17:35.1095925Z     self.child(r'''
2026-10-03T15:17:35.1096374Z   File "/home/runner/work/Open-Jev/Open-Jev/tests/test_frontier_v8_operational_bridge.py", line 138, in child
2026-10-03T15:17:35.1096969Z     self.assertEqual(result.returncode, 0, result.stdout + result.stderr)
2026-10-03T15:17:35.1097407Z AssertionError: 1 != 0 : Traceback (most recent call last):
2026-10-03T15:17:35.1097761Z   File "<string>", line 33, in <module>
2026-10-03T15:17:35.1098226Z   File "/opt/hostedtoolcache/Python/3.10.21/x64/lib/python3.10/contextlib.py", line 135, in __enter__
2026-10-03T15:17:35.1098677Z     return next(self.gen)
2026-10-03T15:17:35.1099208Z   File "/tmp/tmp00isk1mg/operational/scripts/frontier_v8_operational_bridge.py", line 232, in load_operational_cpu_modules
2026-10-03T15:17:35.1099799Z     module = importlib.import_module('scripts.' + helper)
2026-10-03T15:17:35.1100369Z   File "/opt/hostedtoolcache/Python/3.10.21/x64/lib/python3.10/importlib/__init__.py", line 126, in import_module
2026-10-03T15:17:35.1100930Z     return _bootstrap._gcd_import(name[level:], package, level)
2026-10-03T15:17:35.1101545Z   File "<frozen importlib._bootstrap>", line 1050, in _gcd_import
2026-10-03T15:17:35.1101993Z   File "<frozen importlib._bootstrap>", line 1027, in _find_and_load
2026-10-03T15:17:35.1102475Z   File "<frozen importlib._bootstrap>", line 1006, in _find_and_load_unlocked
2026-10-03T15:17:35.1102939Z   File "<frozen importlib._bootstrap>", line 688, in _load_unlocked
2026-10-03T15:17:35.1103487Z   File "/tmp/tmp00isk1mg/operational/scripts/frontier_v8_source_loader.py", line 220, in exec_module
2026-10-03T15:17:35.1103957Z     exec(self.code, module.__dict__)
2026-10-03T15:17:35.1104411Z   File "/tmp/tmp00isk1mg/operational/scripts/frontier_v8_owned_process.py", line 14, in <module>
2026-10-03T15:17:35.1104880Z     from dataclasses import asdict, dataclass
2026-10-03T15:17:35.1105473Z   File "/opt/hostedtoolcache/Python/3.10.21/x64/lib/python3.10/dataclasses.py", line 3, in <module>
2026-10-03T15:17:35.1105914Z     import copy
2026-10-03T15:17:35.1106287Z   File "/opt/hostedtoolcache/Python/3.10.21/x64/lib/python3.10/copy.py", line 60, in <module>
2026-10-03T15:17:35.1106738Z     from org.python.core import PyStringMap
2026-10-03T15:17:35.1107114Z   File "<frozen importlib._bootstrap>", line 1027, in _find_and_load
2026-10-03T15:17:35.1107588Z   File "<frozen importlib._bootstrap>", line 1002, in _find_and_load_unlocked
2026-10-03T15:17:35.1108042Z   File "<frozen importlib._bootstrap>", line 945, in _find_spec
2026-10-03T15:17:35.1108577Z   File "/tmp/tmp00isk1mg/operational/scripts/frontier_v8_source_loader.py", line 234, in find_spec
2026-10-03T15:17:35.1109106Z     require(fullname.split('.')[0] in sys.stdlib_module_names,
2026-10-03T15:17:35.1109627Z   File "/tmp/tmp00isk1mg/operational/scripts/frontier_v8_source_loader.py", line 51, in require
2026-10-03T15:17:35.1110116Z     raise SourceVerificationError(message)
2026-10-03T15:17:35.1110620Z _frontier_v8_bridge_verifier.SourceVerificationError: Undeclared or optional module import rejected: org
2026-10-03T15:17:35.1111030Z 
2026-10-03T15:17:35.1111034Z 
2026-10-03T15:17:35.1111344Z ======================================================================
2026-10-03T15:17:35.1111992Z FAIL: test_scope_container_cache_and_captured_loader_mutations_rejected (test_frontier_v8_operational_bridge.OperationalBridgeTests)
2026-10-03T15:17:35.1112765Z ----------------------------------------------------------------------
2026-10-03T15:17:35.1113088Z Traceback (most recent call last):
2026-10-03T15:17:35.1113812Z   File "/home/runner/work/Open-Jev/Open-Jev/tests/test_frontier_v8_operational_bridge.py", line 301, in test_scope_container_cache_and_captured_loader_mutations_rejected
2026-10-03T15:17:35.1114486Z     self.child(r'''
2026-10-03T15:17:35.1114926Z   File "/home/runner/work/Open-Jev/Open-Jev/tests/test_frontier_v8_operational_bridge.py", line 138, in child
2026-10-03T15:17:35.1115517Z     self.assertEqual(result.returncode, 0, result.stdout + result.stderr)
2026-10-03T15:17:35.1115955Z AssertionError: 1 != 0 : Traceback (most recent call last):
2026-10-03T15:17:35.1116302Z   File "<string>", line 34, in <module>
2026-10-03T15:17:35.1116767Z   File "/opt/hostedtoolcache/Python/3.10.21/x64/lib/python3.10/contextlib.py", line 135, in __enter__
2026-10-03T15:17:35.1117224Z     return next(self.gen)
2026-10-03T15:17:35.1117749Z   File "/tmp/tmplfn0x8ae/operational/scripts/frontier_v8_operational_bridge.py", line 232, in load_operational_cpu_modules
2026-10-03T15:17:35.1118336Z     module = importlib.import_module('scripts.' + helper)
2026-10-03T15:17:35.1118892Z   File "/opt/hostedtoolcache/Python/3.10.21/x64/lib/python3.10/importlib/__init__.py", line 126, in import_module
2026-10-03T15:17:35.1119448Z     return _bootstrap._gcd_import(name[level:], package, level)
2026-10-03T15:17:35.1119866Z   File "<frozen importlib._bootstrap>", line 1050, in _gcd_import
2026-10-03T15:17:35.1120300Z   File "<frozen importlib._bootstrap>", line 1027, in _find_and_load
2026-10-03T15:17:35.1120777Z   File "<frozen importlib._bootstrap>", line 1006, in _find_and_load_unlocked
2026-10-03T15:17:35.1121459Z   File "<frozen importlib._bootstrap>", line 688, in _load_unlocked
2026-10-03T15:17:35.1122041Z   File "/tmp/tmplfn0x8ae/operational/scripts/frontier_v8_source_loader.py", line 220, in exec_module
2026-10-03T15:17:35.1122522Z     exec(self.code, module.__dict__)
2026-10-03T15:17:35.1122974Z   File "/tmp/tmplfn0x8ae/operational/scripts/frontier_v8_owned_process.py", line 14, in <module>
2026-10-03T15:17:35.1123448Z     from dataclasses import asdict, dataclass
2026-10-03T15:17:35.1123930Z   File "/opt/hostedtoolcache/Python/3.10.21/x64/lib/python3.10/dataclasses.py", line 3, in <module>
2026-10-03T15:17:35.1124372Z     import copy
2026-10-03T15:17:35.1124744Z   File "/opt/hostedtoolcache/Python/3.10.21/x64/lib/python3.10/copy.py", line 60, in <module>
2026-10-03T15:17:35.1125191Z     from org.python.core import PyStringMap
2026-10-03T15:17:35.1125702Z   File "<frozen importlib._bootstrap>", line 1027, in _find_and_load
2026-10-03T15:17:35.1126183Z   File "<frozen importlib._bootstrap>", line 1002, in _find_and_load_unlocked
2026-10-03T15:17:35.1126635Z   File "<frozen importlib._bootstrap>", line 945, in _find_spec
2026-10-03T15:17:35.1127170Z   File "/tmp/tmplfn0x8ae/operational/scripts/frontier_v8_source_loader.py", line 234, in find_spec
2026-10-03T15:17:35.1127696Z     require(fullname.split('.')[0] in sys.stdlib_module_names,
2026-10-03T15:17:35.1128206Z   File "/tmp/tmplfn0x8ae/operational/scripts/frontier_v8_source_loader.py", line 51, in require
2026-10-03T15:17:35.1128696Z     raise SourceVerificationError(message)
2026-10-03T15:17:35.1129196Z _frontier_v8_bridge_verifier.SourceVerificationError: Undeclared or optional module import rejected: org
2026-10-03T15:17:35.1129602Z 
2026-10-03T15:17:35.1129607Z 
2026-10-03T15:17:35.1129718Z ======================================================================
2026-10-03T15:17:35.1130308Z FAIL: test_scope_rejects_module_function_and_class_method_replacement (test_frontier_v8_operational_bridge.OperationalBridgeTests)
2026-10-03T15:17:35.1130924Z ----------------------------------------------------------------------
2026-10-03T15:17:35.1131492Z Traceback (most recent call last):
2026-10-03T15:17:35.1132221Z   File "/home/runner/work/Open-Jev/Open-Jev/tests/test_frontier_v8_operational_bridge.py", line 267, in test_scope_rejects_module_function_and_class_method_replacement
2026-10-03T15:17:35.1133018Z     self.child(r'''
2026-10-03T15:17:35.1133455Z   File "/home/runner/work/Open-Jev/Open-Jev/tests/test_frontier_v8_operational_bridge.py", line 138, in child
2026-10-03T15:17:35.1134047Z     self.assertEqual(result.returncode, 0, result.stdout + result.stderr)
2026-10-03T15:17:35.1134477Z AssertionError: 1 != 0 : Traceback (most recent call last):
2026-10-03T15:17:35.1134826Z   File "<string>", line 34, in <module>
2026-10-03T15:17:35.1135299Z   File "/opt/hostedtoolcache/Python/3.10.21/x64/lib/python3.10/contextlib.py", line 135, in __enter__
2026-10-03T15:17:35.1135750Z     return next(self.gen)
2026-10-03T15:17:35.1136277Z   File "/tmp/tmpm336vuvs/operational/scripts/frontier_v8_operational_bridge.py", line 232, in load_operational_cpu_modules
2026-10-03T15:17:35.1136862Z     module = importlib.import_module('scripts.' + helper)
2026-10-03T15:17:35.1137428Z   File "/opt/hostedtoolcache/Python/3.10.21/x64/lib/python3.10/importlib/__init__.py", line 126, in import_module
2026-10-03T15:17:35.1137994Z     return _bootstrap._gcd_import(name[level:], package, level)
2026-10-03T15:17:35.1138428Z   File "<frozen importlib._bootstrap>", line 1050, in _gcd_import
2026-10-03T15:17:35.1138868Z   File "<frozen importlib._bootstrap>", line 1027, in _find_and_load
2026-10-03T15:17:35.1139348Z   File "<frozen importlib._bootstrap>", line 1006, in _find_and_load_unlocked
2026-10-03T15:17:35.1139824Z   File "<frozen importlib._bootstrap>", line 688, in _load_unlocked
2026-10-03T15:17:35.1140385Z   File "/tmp/tmpm336vuvs/operational/scripts/frontier_v8_source_loader.py", line 220, in exec_module
2026-10-03T15:17:35.1140857Z     exec(self.code, module.__dict__)
2026-10-03T15:17:35.1141505Z   File "/tmp/tmpm336vuvs/operational/scripts/frontier_v8_owned_process.py", line 14, in <module>
2026-10-03T15:17:35.1141987Z     from dataclasses import asdict, dataclass
2026-10-03T15:17:35.1142468Z   File "/opt/hostedtoolcache/Python/3.10.21/x64/lib/python3.10/dataclasses.py", line 3, in <module>
2026-10-03T15:17:35.1142913Z     import copy
2026-10-03T15:17:35.1143287Z   File "/opt/hostedtoolcache/Python/3.10.21/x64/lib/python3.10/copy.py", line 60, in <module>
2026-10-03T15:17:35.1143736Z     from org.python.core import PyStringMap
2026-10-03T15:17:35.1144109Z   File "<frozen importlib._bootstrap>", line 1027, in _find_and_load
2026-10-03T15:17:35.1144577Z   File "<frozen importlib._bootstrap>", line 1002, in _find_and_load_unlocked
2026-10-03T15:17:35.1145052Z   File "<frozen importlib._bootstrap>", line 945, in _find_spec
2026-10-03T15:17:35.1145724Z   File "/tmp/tmpm336vuvs/operational/scripts/frontier_v8_source_loader.py", line 234, in find_spec
2026-10-03T15:17:35.1146253Z     require(fullname.split('.')[0] in sys.stdlib_module_names,
2026-10-03T15:17:35.1146766Z   File "/tmp/tmpm336vuvs/operational/scripts/frontier_v8_source_loader.py", line 51, in require
2026-10-03T15:17:35.1147257Z     raise SourceVerificationError(message)
2026-10-03T15:17:35.1147759Z _frontier_v8_bridge_verifier.SourceVerificationError: Undeclared or optional module import rejected: org
2026-10-03T15:17:35.1148173Z 
2026-10-03T15:17:35.1148177Z 
2026-10-03T15:17:35.1148292Z ======================================================================
2026-10-03T15:17:35.1148869Z FAIL: test_sources_changed_inside_scope_and_during_import_rejected (test_frontier_v8_operational_bridge.OperationalBridgeTests)
2026-10-03T15:17:35.1149474Z ----------------------------------------------------------------------
2026-10-03T15:17:35.1149802Z Traceback (most recent call last):
2026-10-03T15:17:35.1150504Z   File "/home/runner/work/Open-Jev/Open-Jev/tests/test_frontier_v8_operational_bridge.py", line 320, in test_sources_changed_inside_scope_and_during_import_rejected
2026-10-03T15:17:35.1151313Z     self.child(r'''
2026-10-03T15:17:35.1151832Z   File "/home/runner/work/Open-Jev/Open-Jev/tests/test_frontier_v8_operational_bridge.py", line 138, in child
2026-10-03T15:17:35.1152559Z     self.assertEqual(result.returncode, 0, result.stdout + result.stderr)
2026-10-03T15:17:35.1152994Z AssertionError: 1 != 0 : Traceback (most recent call last):
2026-10-03T15:17:35.1153346Z   File "<string>", line 41, in <module>
2026-10-03T15:17:35.1153812Z   File "/opt/hostedtoolcache/Python/3.10.21/x64/lib/python3.10/contextlib.py", line 135, in __enter__
2026-10-03T15:17:35.1154264Z     return next(self.gen)
2026-10-03T15:17:35.1154794Z   File "/tmp/tmp05i0h27l/operational/scripts/frontier_v8_operational_bridge.py", line 232, in load_operational_cpu_modules
2026-10-03T15:17:35.1155383Z     module = importlib.import_module('scripts.' + helper)
2026-10-03T15:17:35.1155939Z   File "/opt/hostedtoolcache/Python/3.10.21/x64/lib/python3.10/importlib/__init__.py", line 126, in import_module
2026-10-03T15:17:35.1156502Z     return _bootstrap._gcd_import(name[level:], package, level)
2026-10-03T15:17:35.1156925Z   File "<frozen importlib._bootstrap>", line 1050, in _gcd_import
2026-10-03T15:17:35.1157401Z   File "<frozen importlib._bootstrap>", line 1027, in _find_and_load
2026-10-03T15:17:35.1157877Z   File "<frozen importlib._bootstrap>", line 1006, in _find_and_load_unlocked
2026-10-03T15:17:35.1158339Z   File "<frozen importlib._bootstrap>", line 688, in _load_unlocked
2026-10-03T15:17:35.1158881Z   File "/tmp/tmp05i0h27l/operational/scripts/frontier_v8_source_loader.py", line 220, in exec_module
2026-10-03T15:17:35.1159347Z     exec(self.code, module.__dict__)
2026-10-03T15:17:35.1159800Z   File "/tmp/tmp05i0h27l/operational/scripts/frontier_v8_owned_process.py", line 14, in <module>
2026-10-03T15:17:35.1160274Z     from dataclasses import asdict, dataclass
2026-10-03T15:17:35.1160749Z   File "/opt/hostedtoolcache/Python/3.10.21/x64/lib/python3.10/dataclasses.py", line 3, in <module>
2026-10-03T15:17:35.1161309Z     import copy
2026-10-03T15:17:35.1161687Z   File "/opt/hostedtoolcache/Python/3.10.21/x64/lib/python3.10/copy.py", line 60, in <module>
2026-10-03T15:17:35.1162140Z     from org.python.core import PyStringMap
2026-10-03T15:17:35.1162518Z   File "<frozen importlib._bootstrap>", line 1027, in _find_and_load
2026-10-03T15:17:35.1162987Z   File "<frozen importlib._bootstrap>", line 1002, in _find_and_load_unlocked
2026-10-03T15:17:35.1163444Z   File "<frozen importlib._bootstrap>", line 945, in _find_spec
2026-10-03T15:17:35.1163973Z   File "/tmp/tmp05i0h27l/operational/scripts/frontier_v8_source_loader.py", line 234, in find_spec
2026-10-03T15:17:35.1164499Z     require(fullname.split('.')[0] in sys.stdlib_module_names,
2026-10-03T15:17:35.1165128Z   File "/tmp/tmp05i0h27l/operational/scripts/frontier_v8_source_loader.py", line 51, in require
2026-10-03T15:17:35.1165625Z     raise SourceVerificationError(message)
2026-10-03T15:17:35.1166127Z _frontier_v8_bridge_verifier.SourceVerificationError: Undeclared or optional module import rejected: org
2026-10-03T15:17:35.1166540Z 
2026-10-03T15:17:35.1166721Z During handling of the above exception, another exception occurred:
2026-10-03T15:17:35.1166992Z 
2026-10-03T15:17:35.1167086Z Traceback (most recent call last):
2026-10-03T15:17:35.1167371Z   File "<string>", line 44, in <module>
2026-10-03T15:17:35.1167717Z AssertionError: Undeclared or optional module import rejected: org
2026-10-03T15:17:35.1167979Z 
2026-10-03T15:17:35.1167983Z 
2026-10-03T15:17:35.1168125Z ----------------------------------------------------------------------
2026-10-03T15:17:35.1168443Z Ran 1385 tests in 218.363s
2026-10-03T15:17:35.1168589Z 
2026-10-03T15:17:35.1168684Z FAILED (failures=10, skipped=90)
2026-10-03T15:17:35.1168934Z {
2026-10-03T15:17:35.1169145Z   "trace": "/tmp/tmpsh3m9tu_/typed.json",
2026-10-03T15:17:35.1169426Z   "policy": "random_baseline",
2026-10-03T15:17:35.1169655Z   "is_model": false,
2026-10-03T15:17:35.1169854Z   "episodes": 1,
2026-10-03T15:17:35.1170042Z   "metrics": [
2026-10-03T15:17:35.1170218Z     {
2026-10-03T15:17:35.1170389Z       "steps": 2,
2026-10-03T15:17:35.1170589Z       "stop_reason": "terminal",
2026-10-03T15:17:35.1170941Z       "total_reward": 2.0,
2026-10-03T15:17:35.1171303Z       "mean_decision_latency_ms": 0.09045499999160711,
2026-10-03T15:17:35.1171599Z       "engine_total_reward": 2.0,
2026-10-03T15:17:35.1171835Z       "elapsed_tics": 8
2026-10-03T15:17:35.1172038Z     }
2026-10-03T15:17:35.1172198Z   ]
2026-10-03T15:17:35.1172356Z }
2026-10-03T15:17:35.4133907Z ##[error]Process completed with exit code 1.
2026-10-03T15:17:35.4285229Z Post job cleanup.
2026-10-03T15:17:35.5173327Z [command]/usr/bin/git version
2026-10-03T15:17:35.5218696Z git version 2.55.0
2026-10-03T15:17:35.5256124Z Temporarily overriding HOME='/home/runner/work/_temp/38bbe6f1-e6be-43e5-b217-987008129bcd' before making global git config changes
2026-10-03T15:17:35.5257535Z Adding repository directory to the temporary git global config as a safe directory
2026-10-03T15:17:35.5261026Z [command]/usr/bin/git config --global --add safe.directory /home/runner/work/Open-Jev/Open-Jev
2026-10-03T15:17:35.5316450Z [command]/usr/bin/git config --local --name-only --get-regexp core\.sshCommand
2026-10-03T15:17:35.5355610Z [command]/usr/bin/git submodule foreach --recursive sh -c "git config --local --name-only --get-regexp 'core\.sshCommand' && git config --local --unset-all 'core.sshCommand' || :"
2026-10-03T15:17:35.5612849Z [command]/usr/bin/git config --local --name-only --get-regexp http\.https\:\/\/github\.com\/\.extraheader
2026-10-03T15:17:35.5640048Z http.https://github.com/.extraheader
2026-10-03T15:17:35.5657651Z [command]/usr/bin/git config --local --unset-all http.https://github.com/.extraheader
2026-10-03T15:17:35.5711884Z [command]/usr/bin/git submodule foreach --recursive sh -c "git config --local --name-only --get-regexp 'http\.https\:\/\/github\.com\/\.extraheader' && git config --local --unset-all 'http.https://github.com/.extraheader' || :"
2026-10-03T15:17:35.5991598Z [command]/usr/bin/git config --local --name-only --get-regexp ^includeIf\.gitdir:
2026-10-03T15:17:35.6031670Z [command]/usr/bin/git submodule foreach --recursive git config --local --show-origin --name-only --get-regexp remote.origin.url
2026-10-03T15:17:35.6442733Z Cleaning up orphan processes
2026-10-03T15:17:35.6736806Z ##[warning]Node.js 20 is deprecated. The following actions target Node.js 20 but are being forced to run on Node.js 24: actions/checkout@v4, actions/setup-python@v5. For more information see: https://github.blog/changelog/2025-09-19-deprecation-of-node-20-on-github-actions-runners/
