2026-10-03T15:38:13.9472749Z Current runner version: '2.337.0'
2026-10-03T15:38:13.9507765Z ##[group]Runner Image Provisioner
2026-10-03T15:38:13.9509453Z Hosted Compute Agent
2026-10-03T15:38:13.9510757Z Version: 20260901.588
2026-10-03T15:38:13.9511964Z Commit: f88ec8081b781fac6c440065ac7ff9e710ce3d0b
2026-10-03T15:38:13.9513469Z Build Date: 2026-09-01T19:56:44Z
2026-10-03T15:38:13.9514729Z Worker ID: {56926d17-90de-4774-b0cf-f89399c921ba}
2026-10-03T15:38:13.9516132Z Azure Region: eastus
2026-10-03T15:38:13.9517159Z ##[endgroup]
2026-10-03T15:38:13.9520993Z ##[group]Operating System
2026-10-03T15:38:13.9522135Z Ubuntu
2026-10-03T15:38:13.9523131Z 24.04.5
2026-10-03T15:38:13.9524031Z LTS
2026-10-03T15:38:13.9524957Z ##[endgroup]
2026-10-03T15:38:13.9526078Z ##[group]Runner Image
2026-10-03T15:38:13.9527134Z Image: ubuntu-24.04
2026-10-03T15:38:13.9528138Z Version: 20260927.320.1
2026-10-03T15:38:13.9530515Z Included Software: https://github.com/actions/runner-images/blob/ubuntu24/20260927.320/images/ubuntu/Ubuntu2404-Readme.md
2026-10-03T15:38:13.9533317Z Image Release: https://github.com/actions/runner-images/releases/tag/ubuntu24%2F20260927.320
2026-10-03T15:38:13.9534969Z ##[endgroup]
2026-10-03T15:38:13.9537076Z ##[group]GITHUB_TOKEN Permissions
2026-10-03T15:38:13.9540445Z Contents: read
2026-10-03T15:38:13.9541468Z Metadata: read
2026-10-03T15:38:13.9542482Z Packages: read
2026-10-03T15:38:13.9543653Z ##[endgroup]
2026-10-03T15:38:13.9546706Z Secret source: Actions
2026-10-03T15:38:13.9548721Z Cache mode: write
2026-10-03T15:38:13.9550263Z Prepare workflow directory
2026-10-03T15:38:14.0038192Z Prepare all required actions
2026-10-03T15:38:14.0109392Z Getting action download info
2026-10-03T15:38:14.1684458Z Download action repository 'actions/checkout@v4' (SHA:11d5960a326750d5838078e36cf38b85af677262)
2026-10-03T15:38:14.2519135Z Download action repository 'actions/setup-python@v5' (SHA:a26af69be951a213d495a4c3e4e4022e16d87065)
2026-10-03T15:38:14.4240447Z Complete job name: portable (3.10)
2026-10-03T15:38:14.5000738Z ##[group]Run actions/checkout@v4
2026-10-03T15:38:14.5001642Z with:
2026-10-03T15:38:14.5002133Z   repository: Zefan-Cai/Open-Jev
2026-10-03T15:38:14.5006013Z   token: ***
2026-10-03T15:38:14.5006452Z   ssh-strict: true
2026-10-03T15:38:14.5006897Z   ssh-user: git
2026-10-03T15:38:14.5007352Z   persist-credentials: true
2026-10-03T15:38:14.5007849Z   clean: true
2026-10-03T15:38:14.5008300Z   sparse-checkout-cone-mode: true
2026-10-03T15:38:14.5009054Z   fetch-depth: 1
2026-10-03T15:38:14.5009488Z   fetch-tags: false
2026-10-03T15:38:14.5009943Z   show-progress: true
2026-10-03T15:38:14.5010396Z   lfs: false
2026-10-03T15:38:14.5010812Z   submodules: false
2026-10-03T15:38:14.5011269Z   set-safe-directory: true
2026-10-03T15:38:14.5011783Z   allow-unsafe-pr-checkout: false
2026-10-03T15:38:14.5012570Z ##[endgroup]
2026-10-03T15:38:14.6007469Z Syncing repository: Zefan-Cai/Open-Jev
2026-10-03T15:38:14.6010386Z ##[group]Getting Git version info
2026-10-03T15:38:14.6011601Z Working directory is '/home/runner/work/Open-Jev/Open-Jev'
2026-10-03T15:38:14.6013442Z [command]/usr/bin/git version
2026-10-03T15:38:14.6076140Z git version 2.55.0
2026-10-03T15:38:14.6098224Z ##[endgroup]
2026-10-03T15:38:14.6111534Z Temporarily overriding HOME='/home/runner/work/_temp/3105caff-9b83-4991-beb8-a2009fdbdcfb' before making global git config changes
2026-10-03T15:38:14.6114016Z Adding repository directory to the temporary git global config as a safe directory
2026-10-03T15:38:14.6117492Z [command]/usr/bin/git config --global --add safe.directory /home/runner/work/Open-Jev/Open-Jev
2026-10-03T15:38:14.6178878Z Deleting the contents of '/home/runner/work/Open-Jev/Open-Jev'
2026-10-03T15:38:14.6184491Z ##[group]Initializing the repository
2026-10-03T15:38:14.6188268Z [command]/usr/bin/git init /home/runner/work/Open-Jev/Open-Jev
2026-10-03T15:38:14.6288643Z hint: Using 'master' as the name for the initial branch. This default branch name
2026-10-03T15:38:14.6290627Z hint: will change to "main" in Git 3.0. To configure the initial branch name
2026-10-03T15:38:14.6292740Z hint: to use in all of your new repositories, which will suppress this warning,
2026-10-03T15:38:14.6294573Z hint: call:
2026-10-03T15:38:14.6295496Z hint:
2026-10-03T15:38:14.6296465Z hint: 	git config --global init.defaultBranch <name>
2026-10-03T15:38:14.6297663Z hint:
2026-10-03T15:38:14.6298998Z hint: Names commonly chosen instead of 'master' are 'main', 'trunk' and
2026-10-03T15:38:14.6300818Z hint: 'development'. The just-created branch can be renamed via this command:
2026-10-03T15:38:14.6303065Z hint:
2026-10-03T15:38:14.6304187Z hint: 	git branch -m <name>
2026-10-03T15:38:14.6305261Z hint:
2026-10-03T15:38:14.6306594Z hint: Disable this message with "git config set advice.defaultBranchName false"
2026-10-03T15:38:14.6308125Z Initialized empty Git repository in /home/runner/work/Open-Jev/Open-Jev/.git/
2026-10-03T15:38:14.6311186Z [command]/usr/bin/git remote add origin https://github.com/Zefan-Cai/Open-Jev
2026-10-03T15:38:14.6355589Z ##[endgroup]
2026-10-03T15:38:14.6356391Z ##[group]Disabling automatic garbage collection
2026-10-03T15:38:14.6361041Z [command]/usr/bin/git config --local gc.auto 0
2026-10-03T15:38:14.6401940Z ##[endgroup]
2026-10-03T15:38:14.6403302Z ##[group]Setting up auth
2026-10-03T15:38:14.6410599Z [command]/usr/bin/git config --local --name-only --get-regexp core\.sshCommand
2026-10-03T15:38:14.6444408Z [command]/usr/bin/git submodule foreach --recursive sh -c "git config --local --name-only --get-regexp 'core\.sshCommand' && git config --local --unset-all 'core.sshCommand' || :"
2026-10-03T15:38:14.6825641Z [command]/usr/bin/git config --local --name-only --get-regexp http\.https\:\/\/github\.com\/\.extraheader
2026-10-03T15:38:14.6865100Z [command]/usr/bin/git submodule foreach --recursive sh -c "git config --local --name-only --get-regexp 'http\.https\:\/\/github\.com\/\.extraheader' && git config --local --unset-all 'http.https://github.com/.extraheader' || :"
2026-10-03T15:38:14.7096533Z [command]/usr/bin/git config --local --name-only --get-regexp ^includeIf\.gitdir:
2026-10-03T15:38:14.7132637Z [command]/usr/bin/git submodule foreach --recursive git config --local --show-origin --name-only --get-regexp remote.origin.url
2026-10-03T15:38:14.7353064Z [command]/usr/bin/git config --local http.https://github.com/.extraheader AUTHORIZATION: basic ***
2026-10-03T15:38:14.7394354Z ##[endgroup]
2026-10-03T15:38:14.7395254Z ##[group]Fetching the repository
2026-10-03T15:38:14.7405402Z [command]/usr/bin/git -c protocol.version=2 fetch --no-tags --prune --no-recurse-submodules --depth=1 origin +0a8bc5adb06a7b0a0618b46d7bb908bb7c170e19:refs/remotes/origin/codex/open-jev-v8-operational-bridge-20261003
2026-10-03T15:38:16.0312344Z From https://github.com/Zefan-Cai/Open-Jev
2026-10-03T15:38:16.0315276Z  * [new ref]         0a8bc5adb06a7b0a0618b46d7bb908bb7c170e19 -> origin/codex/open-jev-v8-operational-bridge-20261003
2026-10-03T15:38:16.0322416Z ##[endgroup]
2026-10-03T15:38:16.0324895Z ##[group]Determining the checkout info
2026-10-03T15:38:16.0327613Z ##[endgroup]
2026-10-03T15:38:16.0329523Z [command]/usr/bin/git sparse-checkout disable
2026-10-03T15:38:16.0384735Z [command]/usr/bin/git config --local --unset-all extensions.worktreeConfig
2026-10-03T15:38:16.0418865Z ##[group]Checking out the ref
2026-10-03T15:38:16.0425890Z [command]/usr/bin/git checkout --progress --force -B codex/open-jev-v8-operational-bridge-20261003 refs/remotes/origin/codex/open-jev-v8-operational-bridge-20261003
2026-10-03T15:38:16.4588126Z Switched to a new branch 'codex/open-jev-v8-operational-bridge-20261003'
2026-10-03T15:38:16.4593101Z branch 'codex/open-jev-v8-operational-bridge-20261003' set up to track 'origin/codex/open-jev-v8-operational-bridge-20261003'.
2026-10-03T15:38:16.4625719Z ##[endgroup]
2026-10-03T15:38:16.4672618Z [command]/usr/bin/git log -1 --format=%H
2026-10-03T15:38:16.4698690Z 0a8bc5adb06a7b0a0618b46d7bb908bb7c170e19
2026-10-03T15:38:16.4972726Z ##[group]Run actions/setup-python@v5
2026-10-03T15:38:16.4973124Z with:
2026-10-03T15:38:16.4973392Z   python-version: 3.10
2026-10-03T15:38:16.4973873Z   check-latest: false
2026-10-03T15:38:16.4976434Z   token: ***
2026-10-03T15:38:16.4976715Z   update-environment: true
2026-10-03T15:38:16.4977030Z   allow-prereleases: false
2026-10-03T15:38:16.4977335Z   freethreaded: false
2026-10-03T15:38:16.4977613Z ##[endgroup]
2026-10-03T15:38:16.6267412Z ##[group]Installed versions
2026-10-03T15:38:16.6351883Z (node:2273) [DEP0040] DeprecationWarning: The `punycode` module is deprecated. Please use a userland alternative instead.
2026-10-03T15:38:16.6353009Z (Use `node --trace-deprecation ...` to show where the warning was created)
2026-10-03T15:38:16.6353844Z Successfully set up CPython (3.10.21)
2026-10-03T15:38:16.6354784Z ##[endgroup]
2026-10-03T15:38:16.6617185Z ##[group]Run python -m pip install build
2026-10-03T15:38:16.6618192Z [36;1mpython -m pip install build[0m
2026-10-03T15:38:16.7022352Z shell: /usr/bin/bash -e {0}
2026-10-03T15:38:16.7022800Z env:
2026-10-03T15:38:16.7023200Z   pythonLocation: /opt/hostedtoolcache/Python/3.10.21/x64
2026-10-03T15:38:16.7023865Z   PKG_CONFIG_PATH: /opt/hostedtoolcache/Python/3.10.21/x64/lib/pkgconfig
2026-10-03T15:38:16.7024484Z   Python_ROOT_DIR: /opt/hostedtoolcache/Python/3.10.21/x64
2026-10-03T15:38:16.7025028Z   Python2_ROOT_DIR: /opt/hostedtoolcache/Python/3.10.21/x64
2026-10-03T15:38:16.7025572Z   Python3_ROOT_DIR: /opt/hostedtoolcache/Python/3.10.21/x64
2026-10-03T15:38:16.7026092Z   LD_LIBRARY_PATH: /opt/hostedtoolcache/Python/3.10.21/x64/lib
2026-10-03T15:38:16.7026498Z ##[endgroup]
2026-10-03T15:38:19.7973617Z Collecting build
2026-10-03T15:38:19.8483988Z   Downloading build-1.6.1-py3-none-any.whl.metadata (5.6 kB)
2026-10-03T15:38:19.8697616Z Collecting packaging>=24.0 (from build)
2026-10-03T15:38:19.8828308Z   Downloading packaging-26.3-py3-none-any.whl.metadata (3.5 kB)
2026-10-03T15:38:19.8944531Z Collecting pyproject_hooks (from build)
2026-10-03T15:38:19.8984027Z   Downloading pyproject_hooks-1.3.3-py3-none-any.whl.metadata (1.3 kB)
2026-10-03T15:38:19.9350658Z Collecting tomli>=1.1.0 (from build)
2026-10-03T15:38:19.9415436Z   Downloading tomli-2.4.1-py3-none-any.whl.metadata (10 kB)
2026-10-03T15:38:19.9485614Z Downloading build-1.6.1-py3-none-any.whl (31 kB)
2026-10-03T15:38:19.9571228Z Downloading packaging-26.3-py3-none-any.whl (129 kB)
2026-10-03T15:38:19.9693180Z Downloading tomli-2.4.1-py3-none-any.whl (14 kB)
2026-10-03T15:38:19.9750635Z Downloading pyproject_hooks-1.3.3-py3-none-any.whl (10 kB)
2026-10-03T15:38:20.1145555Z Installing collected packages: tomli, pyproject_hooks, packaging, build
2026-10-03T15:38:20.2268252Z 
2026-10-03T15:38:20.2281574Z Successfully installed build-1.6.1 packaging-26.3 pyproject_hooks-1.3.3 tomli-2.4.1
2026-10-03T15:38:20.2722794Z ##[group]Run python -m unittest discover -s tests -v
2026-10-03T15:38:20.2723226Z [36;1mpython -m unittest discover -s tests -v[0m
2026-10-03T15:38:20.2788329Z shell: /usr/bin/bash -e {0}
2026-10-03T15:38:20.2788894Z env:
2026-10-03T15:38:20.2789305Z   pythonLocation: /opt/hostedtoolcache/Python/3.10.21/x64
2026-10-03T15:38:20.2789821Z   PKG_CONFIG_PATH: /opt/hostedtoolcache/Python/3.10.21/x64/lib/pkgconfig
2026-10-03T15:38:20.2790276Z   Python_ROOT_DIR: /opt/hostedtoolcache/Python/3.10.21/x64
2026-10-03T15:38:20.2790666Z   Python2_ROOT_DIR: /opt/hostedtoolcache/Python/3.10.21/x64
2026-10-03T15:38:20.2791056Z   Python3_ROOT_DIR: /opt/hostedtoolcache/Python/3.10.21/x64
2026-10-03T15:38:20.2791441Z   LD_LIBRARY_PATH: /opt/hostedtoolcache/Python/3.10.21/x64/lib
2026-10-03T15:38:20.2791782Z ##[endgroup]
2026-10-03T15:38:22.0491680Z test_case_family_split_and_all_candidate_coverage_are_checked (test_amount_extraction_control.AmountCorpusAuditTest) ... ok
2026-10-03T15:38:22.0526405Z test_generator_refuses_existing_dataset (test_amount_extraction_control.AmountCorpusAuditTest) ... ok
2026-10-03T15:38:22.1682089Z test_hidden_labels_and_metadata_do_not_enter_candidate_prompts (test_amount_extraction_control.AmountCorpusAuditTest) ... ok
2026-10-03T15:38:22.3340691Z test_joint_selection_reference_and_target_mutation_is_rejected (test_amount_extraction_control.AmountCorpusAuditTest) ... ok
2026-10-03T15:38:22.7231753Z test_original_dataset_counts_recall_and_all_candidate_attributes (test_amount_extraction_control.AmountCorpusAuditTest) ... ok
2026-10-03T15:38:23.1285957Z test_output_exclusive_creation_preserves_concurrent_file (test_amount_extraction_control.AmountCorpusAuditTest) ... ok
2026-10-03T15:38:23.1384406Z test_output_rejects_dataset_paths_aliases_existing_files_and_symlinks (test_amount_extraction_control.AmountCorpusAuditTest) ... ok
2026-10-03T15:38:23.1537942Z test_source_hash_binding_and_unsealed_bytes_fail (test_amount_extraction_control.AmountCorpusAuditTest) ... ok
2026-10-03T15:38:23.5483294Z test_undefined_is_credit_cannot_gain_a_false_supervised_target (test_amount_extraction_control.AmountCorpusAuditTest) ... ok
2026-10-03T15:38:24.1350531Z test_visible_flow_mutation_and_wrong_normalization_are_independently_detected (test_amount_extraction_control.AmountCorpusAuditTest) ... ok
2026-10-03T15:38:24.1372545Z test_absent_unsupported_and_unrecalled_populated_fields_remain_distinct (test_amount_extraction_control.AmountRuntimeTest) ... ok
2026-10-03T15:38:24.1405908Z test_ascii_numeric_grammar_rejects_mixed_unicode_malformed_grouping_and_signs (test_amount_extraction_control.AmountRuntimeTest) ... ok
2026-10-03T15:38:24.1447145Z test_candidate_limit_no_candidates_and_actual_candidate_binding (test_amount_extraction_control.AmountRuntimeTest) ... ok
2026-10-03T15:38:24.1457312Z test_candidates_are_query_blind_and_preserve_original_character_offsets (test_amount_extraction_control.AmountRuntimeTest) ... ok
2026-10-03T15:38:24.1471079Z test_exact_long_decimal_credit_and_zero_ignore_decimal_context (test_amount_extraction_control.AmountRuntimeTest) ... ok
2026-10-03T15:38:24.1499853Z test_independent_candidate_scanner_matches_prefix_suffix_and_boundary_cases (test_amount_extraction_control.AmountRuntimeTest) ... ok
2026-10-03T15:38:24.1502420Z test_locale_headers_are_required_unique_and_consistent (test_amount_extraction_control.AmountRuntimeTest) ... ok
2026-10-03T15:38:24.1515829Z test_partial_candidates_cannot_be_rescued_by_counterfeit_predictions (test_amount_extraction_control.AmountRuntimeTest) ... ok
2026-10-03T15:38:24.1523469Z test_same_value_different_offsets_and_duplicate_target_roles (test_amount_extraction_control.AmountRuntimeTest) ... ok
2026-10-03T15:38:24.1552029Z test_unsigned_signed_conflicting_and_unknown_directions (test_amount_extraction_control.AmountRuntimeTest) ... ok
2026-10-03T15:38:24.1604627Z test_visible_currency_markers_declarations_and_unsupported_currency (test_amount_extraction_control.AmountRuntimeTest) ... ok
2026-10-03T15:38:24.1835388Z test_changed_artifact_manifest_and_producer_fail_before_dispatch (test_amount_service.AmountDriverFixtures) ... ok
2026-10-03T15:38:24.1949134Z test_driver_preserves_actual_wire_and_labels_fixture_evidence (test_amount_service.AmountDriverFixtures) ... ok
2026-10-03T15:38:24.2017084Z test_failed_default_http_path_never_marks_model_quality_evidence (test_amount_service.AmountDriverFixtures) ... ok
2026-10-03T15:38:24.2089148Z test_interruption_during_b_retains_a_and_all_fixed_denominators (test_amount_service.AmountDriverFixtures) ... ok
2026-10-03T15:38:24.2095593Z test_invalid_identity_split_and_transport_flags_fail_before_dispatch (test_amount_service.AmountDriverFixtures) ... ok
2026-10-03T15:38:24.2154837Z test_loader_never_decodes_nonheldout_or_typed_targets (test_amount_service.AmountDriverFixtures) ... ok
2026-10-03T15:38:24.2203926Z test_outputs_cannot_overwrite_data_or_follow_output_symlink (test_amount_service.AmountDriverFixtures) ... ok
2026-10-03T15:38:24.2297245Z test_postrun_artifact_change_invalidates_evidence (test_amount_service.AmountDriverFixtures) ... ok
2026-10-03T15:38:24.2319916Z test_absent_and_ambiguous_refusals_have_no_unique_target_denominator (test_amount_service.AmountPipelineFixtures) ... ok
2026-10-03T15:38:24.2362404Z test_b_http_schema_and_identity_failure_preserve_a (test_amount_service.AmountPipelineFixtures) ... ok
2026-10-03T15:38:24.2384668Z test_b_uses_actual_wrong_role_even_when_presence_is_false (test_amount_service.AmountPipelineFixtures) ... ok
2026-10-03T15:38:24.2406508Z test_equal_amount_at_other_offset_is_not_extraction_success (test_amount_service.AmountPipelineFixtures) ... ok
2026-10-03T15:38:24.2418067Z test_forced_single_none_still_requires_a_valid_response (test_amount_service.AmountPipelineFixtures) ... ok
2026-10-03T15:38:24.2434892Z test_metadata_locks_before_invalid_a_answers (test_amount_service.AmountPipelineFixtures) ... ok
2026-10-03T15:38:24.2445897Z test_miss_none_is_span_correct_but_never_extracted (test_amount_service.AmountPipelineFixtures) ... ok
2026-10-03T15:38:24.2471557Z test_partial_selection_cannot_be_repaired_by_predicted_known (test_amount_service.AmountPipelineFixtures) ... ok
2026-10-03T15:38:24.2493174Z test_predicted_known_cannot_make_unknown_reference_normalizable (test_amount_service.AmountPipelineFixtures) ... ok
2026-10-03T15:38:24.2511658Z test_presence_false_keeps_value_score_but_fails_complete_output (test_amount_service.AmountPipelineFixtures) ... ok
2026-10-03T15:38:24.2531249Z test_reference_currency_review_keeps_known_credit_denominator (test_amount_service.AmountPipelineFixtures) ... ok
2026-10-03T15:38:24.2569242Z test_reference_known_credit_scored_even_when_predicted_unknown (test_amount_service.AmountPipelineFixtures) ... ok
2026-10-03T15:38:24.2639471Z test_supported_currencies_signs_and_long_decimal_remain_exact (test_amount_service.AmountPipelineFixtures) ... ok
2026-10-03T15:38:24.2693977Z test_undefined_credit_still_requires_protocol_valid_probability (test_amount_service.AmountPipelineFixtures) ... ok
2026-10-03T15:38:24.2747448Z test_undefined_credit_valid_probabilities_do_not_change_defined_score (test_amount_service.AmountPipelineFixtures) ... ok
2026-10-03T15:38:24.2800233Z test_wrong_b_heads_collapsing_to_review_do_not_succeed (test_amount_service.AmountPipelineFixtures) ... ok
2026-10-03T15:38:24.2802393Z test_all_primitives_have_exact_typed_outputs (test_api.TypedAPITest) ... ok
2026-10-03T15:38:24.3033978Z test_api_cold_import_has_no_torch_dependency (test_api.TypedAPITest) ... ok
2026-10-03T15:38:24.3039269Z test_cardinality_and_primitive_validation (test_api.TypedAPITest) ... ok
2026-10-03T15:38:24.3040848Z test_input_mutation_does_not_modify_compiled_state (test_api.TypedAPITest) ... ok
2026-10-03T15:38:24.3043352Z test_invalid_model_probabilities_are_never_formatted_as_answers (test_api.TypedAPITest) ... ok
2026-10-03T15:38:24.3044901Z test_noul_accepts_optional_true_and_false_criteria (test_api.TypedAPITest) ... ok
2026-10-03T15:38:24.3047596Z test_question_ids_labels_targets_and_siblings_are_isolated (test_api.TypedAPITest) ... ok
2026-10-03T15:38:24.3048822Z test_score_sees_own_description_without_neighbor_or_number (test_api.TypedAPITest) ... ok
2026-10-03T15:38:24.3049811Z test_structured_descriptions_and_null_choice_descriptions (test_api.TypedAPITest) ... ok
2026-10-03T15:38:24.3783997Z test_cli_writes_fresh_receipt_and_sparse_stdout (test_audit_boundary_controls_v7.IndependentDirectoryTests) ... ok
2026-10-03T15:38:24.4169601Z test_complete_hand_authored_groups_and_structural_limits (test_audit_boundary_controls_v7.IndependentDirectoryTests) ... ok
2026-10-03T15:38:24.5101218Z test_condition_target_and_incomplete_group_rejected (test_audit_boundary_controls_v7.IndependentDirectoryTests) ... ok
2026-10-03T15:38:24.5840467Z test_directory_receipt_hashes_and_changed_bytes (test_audit_boundary_controls_v7.IndependentDirectoryTests) ... ok
2026-10-03T15:38:24.6338004Z test_kind_truth_coupled_structure_rejected (test_audit_boundary_controls_v7.IndependentDirectoryTests) ... ok
2026-10-03T15:38:24.6977151Z test_rehashed_wrong_rule_still_fails_independent_replay (test_audit_boundary_controls_v7.IndependentDirectoryTests) ... ok
2026-10-03T15:38:24.6981851Z test_gregorian_offset_manual_epoch_fixtures (test_audit_boundary_controls_v7.IndependentGoldTests) ... ok
2026-10-03T15:38:24.6990186Z test_integer_ledger_cancellation_negative_and_one_cent_without_float (test_audit_boundary_controls_v7.IndependentGoldTests) ... ok
2026-10-03T15:38:24.6992475Z test_joint_latest_valid_scope_and_minimum_capacity (test_audit_boundary_controls_v7.IndependentGoldTests) ... ok
2026-10-03T15:38:24.6994273Z test_policy_withdrawal_and_absence_precede_fraud_no_fallback (test_audit_boundary_controls_v7.IndependentGoldTests) ... ok
2026-10-03T15:38:24.6995235Z test_revocation_precedes_missing_consent (test_audit_boundary_controls_v7.IndependentGoldTests) ... ok
2026-10-03T15:38:24.6996115Z test_temporal_closed_endpoints_and_exception_precedence (test_audit_boundary_controls_v7.IndependentGoldTests) ... ok
2026-10-03T15:38:24.6997051Z test_visible_question_and_contract_mutations_rejected (test_audit_boundary_controls_v7.IndependentGoldTests) ... ok
2026-10-03T15:38:24.6997884Z test_exact_integer_and_boolean_types (test_audit_frontier_controls_v8.PrimitiveOracleTests) ... ok
2026-10-03T15:38:24.6998920Z test_money_format_is_exact_for_negative_and_large_cents (test_audit_frontier_controls_v8.PrimitiveOracleTests) ... ok
2026-10-03T15:38:24.6999859Z test_time_uses_absolute_instants_across_offsets_and_leap_day (test_audit_frontier_controls_v8.PrimitiveOracleTests) ... ok
2026-10-03T15:38:24.7000804Z test_account_closed_paused_unknown_active_priority_and_latest_status (test_audit_frontier_controls_v8.StateOracleTests) ... ok
2026-10-03T15:38:24.7001942Z test_canonical_balance_candidates_and_visible_proposition (test_audit_frontier_controls_v8.StateOracleTests) ... ok
2026-10-03T15:38:24.7005044Z test_composed_signed_ledgers_and_no_boolean_or_neutral_operands (test_audit_frontier_controls_v8.StateOracleTests) ... ok
2026-10-03T15:38:24.7007617Z test_department_fraud_before_missing_or_withdrawn_policy (test_audit_frontier_controls_v8.StateOracleTests) ... ok
2026-10-03T15:38:24.7011957Z test_department_normalization_preserves_unequal_components_under_reversal (test_audit_frontier_controls_v8.StateOracleTests) ... ok
2026-10-03T15:38:24.7013985Z test_foreign_reference_equality_is_preserved_even_when_gold_ignores_it (test_audit_frontier_controls_v8.StateOracleTests) ... ok
2026-10-03T15:38:24.7016276Z test_full_matcher_accepts_consistent_renaming_and_rejects_identity_merge (test_audit_frontier_controls_v8.StateOracleTests) ... ok
2026-10-03T15:38:24.7019197Z test_full_typed_presentation_matcher_preserves_all_ids_and_values (test_audit_frontier_controls_v8.StateOracleTests) ... ok
2026-10-03T15:38:24.7021804Z test_joint_exact_capacity_scope_and_revoke_before_missing_or_amount (test_audit_frontier_controls_v8.StateOracleTests) ... ok
2026-10-03T15:38:24.7023662Z test_joint_regrant_and_tied_authority (test_audit_frontier_controls_v8.StateOracleTests) ... ok
2026-10-03T15:38:24.7034990Z test_old_directory_and_symlink_are_rejected_before_any_row_read (test_audit_frontier_controls_v8.StateOracleTests) ... ok
2026-10-03T15:38:24.7037319Z test_policy_identity_normalization_ignores_mapping_key_order (test_audit_frontier_controls_v8.StateOracleTests) ... ok
2026-10-03T15:38:24.7048806Z test_provisional_split_hash_rejected_before_row_json_parse (test_audit_frontier_controls_v8.StateOracleTests) ... ok
2026-10-03T15:38:24.7052717Z test_refund_canonical_first_last_annotations_survive_verified_reversal (test_audit_frontier_controls_v8.StateOracleTests) ... ok
2026-10-03T15:38:24.7054268Z test_refund_recall_before_document_ineligibility_and_total_capacity (test_audit_frontier_controls_v8.StateOracleTests) ... ok
2026-10-03T15:38:24.7056789Z test_temporal_advance_and_duplicate_applicable_sequences (test_audit_frontier_controls_v8.StateOracleTests) ... ok
2026-10-03T15:38:24.7058967Z test_temporal_corrected_anchor_inclusive_endpoints_exception_and_invalid_records (test_audit_frontier_controls_v8.StateOracleTests) ... ok
2026-10-03T15:38:24.7061560Z test_topic_scope_exactness_and_duplicate_valid_revision (test_audit_frontier_controls_v8.StateOracleTests) ... ok
2026-10-03T15:38:24.7063944Z test_topics_resolve_all_authority_before_fraud_and_ignore_invalid_high_revision (test_audit_frontier_controls_v8.StateOracleTests) ... ok
2026-10-03T15:38:24.7066024Z test_visible_policy_and_proposition_gold_ignore_metadata_conditions (test_audit_frontier_controls_v8.StateOracleTests) ... ok
2026-10-03T15:38:24.7091885Z test_every_git_variable_scrubbed_and_exact_commit_used (test_audit_frontier_training_v8.CommittedSourceTests) ... ok
2026-10-03T15:38:24.7120627Z test_wrong_repository_root_or_source_bytes_rejected (test_audit_frontier_training_v8.CommittedSourceTests) ... ok
2026-10-03T15:38:24.7199172Z test_full_numeric_menu_origin_changes_block_but_shared_atom_alone_does_not (test_audit_frontier_training_v8.InputIsolationTests) ... ok
2026-10-03T15:38:24.7213706Z test_inherited_typed_query_clone_blocks_and_exports_no_old_body (test_audit_frontier_training_v8.InputIsolationTests) ... ok
2026-10-03T15:38:24.7218941Z test_noul_query_outcome_and_negation_cannot_be_ignored (test_audit_frontier_training_v8.InputIsolationTests) ... ok
2026-10-03T15:38:24.7224600Z test_option_rotation_and_invisible_metadata_do_not_disguise_compiled_copy (test_audit_frontier_training_v8.InputIsolationTests) ... ok
2026-10-03T15:38:24.7252784Z test_parent_closure_excludes_unmatched_siblings_without_label_selection (test_audit_frontier_training_v8.InputIsolationTests) ... ok
2026-10-03T15:38:24.7258578Z test_parent_identifier_cannot_cross_splits_with_different_facts (test_audit_frontier_training_v8.InputIsolationTests) ... ok
2026-10-03T15:38:24.7346203Z test_preserved_full_receipt_to_exact_declared_derivative_passes (test_audit_frontier_training_v8.InputIsolationTests) ... ok
2026-10-03T15:38:24.7354802Z test_reserved_to_reserved_collision_is_checked (test_audit_frontier_training_v8.InputIsolationTests) ... ok
2026-10-03T15:38:24.7362237Z test_subject_edges_are_preserved_independently (test_audit_frontier_training_v8.InputIsolationTests) ... ok
2026-10-03T15:38:24.7380533Z test_unreviewed_question_does_not_claim_proven_semantic_clone (test_audit_frontier_training_v8.InputIsolationTests) ... ok
2026-10-03T15:38:24.7411838Z test_actual_bytes_and_order_pass (test_audit_frontier_training_v8.StageIsolationTests) ... ok
2026-10-03T15:38:24.7413630Z test_blocked_preflight_fails_before_directory_read (test_audit_frontier_training_v8.StageIsolationTests) ... ok
2026-10-03T15:38:24.7440094Z test_changed_input_receipt_binding_rejected (test_audit_frontier_training_v8.StageIsolationTests) ... ok
2026-10-03T15:38:24.7560312Z test_declared_blocks_counts_and_membership_cannot_be_forged (test_audit_frontier_training_v8.StageIsolationTests) ... ok
2026-10-03T15:38:24.7618041Z test_missing_retained_or_changed_bytes_rejected (test_audit_frontier_training_v8.StageIsolationTests) ... ok
2026-10-03T15:38:24.7806051Z test_promotion_model_calls_or_executable_argv_is_rejected (test_audit_frontier_training_v8.StageIsolationTests) ... ok
2026-10-03T15:38:24.7947834Z test_reordered_or_mutated_row_is_rejected_even_if_manifest_self_consistent (test_audit_frontier_training_v8.StageIsolationTests) ... ok
2026-10-03T15:38:24.8052464Z test_unexpected_nonjsonl_jsonl_symlink_and_fifo_rejected_before_read (test_audit_frontier_training_v8.StageIsolationTests) ... ok
2026-10-03T15:38:24.8062352Z test_bad_probabilities_and_derived_fields_are_schema_failures (test_benchmark_generation.GenerationBenchmarkTest) ... ok
2026-10-03T15:38:24.8089372Z test_cli_rejects_unknown_contract_and_existing_outputs_before_model_loading (test_benchmark_generation.GenerationBenchmarkTest) ... ok
2026-10-03T15:38:24.8093531Z test_complete_typed_response_and_json_validate (test_benchmark_generation.GenerationBenchmarkTest) ... ok
2026-10-03T15:38:24.8096946Z test_contracts_are_explicit_and_never_inferred_from_output (test_benchmark_generation.GenerationBenchmarkTest) ... ok
2026-10-03T15:38:24.8100007Z test_generation_prompt_contains_same_state_all_questions_and_full_output (test_benchmark_generation.GenerationBenchmarkTest) ... ok
2026-10-03T15:38:24.8108648Z test_missing_questions_candidates_and_fields_are_coverage_failures (test_benchmark_generation.GenerationBenchmarkTest) ... ok
2026-10-03T15:38:24.8110724Z test_no_ratio_when_even_one_output_is_invalid (test_benchmark_generation.GenerationBenchmarkTest) ... ok
2026-10-03T15:38:24.8113477Z test_parse_failure_is_not_repaired (test_benchmark_generation.GenerationBenchmarkTest) ... ok
2026-10-03T15:38:24.8116525Z test_probability_json_rejects_fences_duplicate_keys_and_nonfinite_literals (test_benchmark_generation.GenerationBenchmarkTest) ... ok
2026-10-03T15:38:24.8121873Z test_probability_mapping_requires_exact_question_and_candidate_coverage (test_benchmark_generation.GenerationBenchmarkTest) ... ok
2026-10-03T15:38:24.8126188Z test_probability_mapping_uses_identical_typed_formatter_without_mutation (test_benchmark_generation.GenerationBenchmarkTest) ... ok
2026-10-03T15:38:24.8129461Z test_probability_prompt_retains_request_and_omits_derived_output_fields (test_benchmark_generation.GenerationBenchmarkTest) ... ok
2026-10-03T15:38:24.8135723Z test_probability_simplex_is_strict_and_invalid_numbers_are_not_repaired (test_benchmark_generation.GenerationBenchmarkTest) ... ok
2026-10-03T15:38:24.8149696Z test_timed_probability_trials_retain_raw_text_on_success_and_failure (test_benchmark_generation.GenerationBenchmarkTest) ... ok
2026-10-03T15:38:25.1018737Z test_complete_schema_split_counts_independent_replay_and_determinism (test_boundary_controls_v7.BoundaryControlsV7Tests) ... ok
2026-10-03T15:38:25.1226589Z test_condition_kind_truth_correct_position_and_action_coverage (test_boundary_controls_v7.BoundaryControlsV7Tests) ... ok
2026-10-03T15:38:25.5890936Z test_corrupt_target_proposal_incomplete_group_and_same_split_duplicate (test_boundary_controls_v7.BoundaryControlsV7Tests) ... ok
2026-10-03T15:38:25.9569866Z test_frozen_output_hashes_and_hidden_metadata_are_absent_from_prompts (test_boundary_controls_v7.BoundaryControlsV7Tests) ... ok
2026-10-03T15:38:25.9578828Z test_independent_replay_rejects_malformed_authority_facts (test_boundary_controls_v7.BoundaryControlsV7Tests) ... ok
2026-10-03T15:38:25.9586880Z test_joint_scope_sequence_revocation_missing_and_one_cent_mutations (test_boundary_controls_v7.BoundaryControlsV7Tests) ... ok
2026-10-03T15:38:25.9591614Z test_latest_authority_missing_withdrawal_and_fraud_priority_mutations (test_boundary_controls_v7.BoundaryControlsV7Tests) ... ok
2026-10-03T15:38:25.9670492Z test_numeric_signed_zero_cancelled_integer_money_and_nonmedian_gold (test_boundary_controls_v7.BoundaryControlsV7Tests) ... ok
2026-10-03T15:38:26.6805588Z test_separate_audit_rejects_changed_rules_conditions_and_labels (test_boundary_controls_v7.BoundaryControlsV7Tests) ... ok
2026-10-03T15:38:26.6872700Z test_structural_alternatives_cross_kind_and_noul_truth (test_boundary_controls_v7.BoundaryControlsV7Tests) ... ok
2026-10-03T15:38:26.6921962Z test_temporal_inclusive_offsets_exception_and_equivalent_negative (test_boundary_controls_v7.BoundaryControlsV7Tests) ... ok
2026-10-03T15:38:26.6923548Z test_exact_frozen_train_and_only_train_row_file_read (test_boundary_train_coverage.TrainCoverageTests) ... skipped 'Frozen Train artifact is not part of a clean checkout'
2026-10-03T15:38:26.6933089Z test_exact_state_margins_and_authority_blocked_exclusion (test_boundary_train_coverage.TrainCoverageTests) ... ok
2026-10-03T15:38:26.6939219Z test_missing_choice_action_and_no_input_mutation (test_boundary_train_coverage.TrainCoverageTests) ... ok
2026-10-03T15:38:26.6941777Z test_non_train_rows_rejected (test_boundary_train_coverage.TrainCoverageTests) ... ok
2026-10-03T15:38:26.6950769Z test_symlink_to_heldout_filename_rejected_before_read (test_boundary_train_coverage.TrainCoverageTests) ... ok
2026-10-03T15:38:26.6961949Z test_unsafe_heldout_filename_rejected_before_read (test_boundary_train_coverage.TrainCoverageTests) ... ok
2026-10-03T15:38:26.6966984Z test_wrong_hash_rejected_before_json_parsing (test_boundary_train_coverage.TrainCoverageTests) ... ok
2026-10-03T15:38:27.5176492Z test_disclosed_done_wait_blocked_precedence (test_browser_data.BrowserDataTest) ... ok
2026-10-03T15:38:28.5082146Z test_disk_roundtrip_preserves_runtime_indices_and_refuses_overwrite (test_browser_data.BrowserDataTest) ... ok
2026-10-03T15:38:28.5109740Z test_exact_scope_ignores_completed_or_busy_distractors (test_browser_data.BrowserDataTest) ... ok
2026-10-03T15:38:28.5611298Z test_forced_active_heads_are_counted_and_never_invent_candidates (test_browser_data.BrowserDataTest) ... ok
2026-10-03T15:38:29.0341841Z test_group_and_ood_isolation_and_determinism (test_browser_data.BrowserDataTest) ... ok
2026-10-03T15:38:29.1076632Z test_id_and_order_permutation_preserves_semantic_proposal (test_browser_data.BrowserDataTest) ... ok
2026-10-03T15:38:29.1096181Z test_injection_cannot_change_any_active_answer (test_browser_data.BrowserDataTest) ... ok
2026-10-03T15:38:29.1199479Z test_metadata_cannot_leak_into_model_prompts (test_browser_data.BrowserDataTest) ... ok
2026-10-03T15:38:29.1223694Z test_rejects_changed_runtime_questions_and_saved_answers (test_browser_data.BrowserDataTest) ... ok
2026-10-03T15:38:29.5130992Z test_rows_are_exact_runtime_inputs_with_only_active_labels (test_browser_data.BrowserDataTest) ... ok
2026-10-03T15:38:29.5680437Z test_same_snapshot_value_counterfactuals_require_the_goal (test_browser_data.BrowserDataTest) ... ok
2026-10-03T15:38:29.5708107Z test_unavailable_or_nonunique_values_are_blocked (test_browser_data.BrowserDataTest) ... ok
2026-10-03T15:38:29.7349983Z test_active_heads_are_scored_even_for_wrong_operation_and_forced_heads_are_separate (test_browser_service_eval.BrowserServiceEvaluationTests) ... ok
2026-10-03T15:38:29.7455953Z test_confidence_is_required_and_consistent_even_on_inactive_heads (test_browser_service_eval.BrowserServiceEvaluationTests) ... ok
2026-10-03T15:38:30.3017199Z test_identity_drift_and_missing_checkpoint_are_failures (test_browser_service_eval.BrowserServiceEvaluationTests) ... ok
2026-10-03T15:38:30.8587230Z test_real_http_failures_remain_in_denominators_and_wire_bytes_are_retained (test_browser_service_eval.BrowserServiceEvaluationTests) ... ok
2026-10-03T15:38:30.9067950Z test_selection_is_label_independent_grouped_balanced_and_order_invariant (test_browser_service_eval.BrowserServiceEvaluationTests) ... ok
2026-10-03T15:38:30.9069741Z test_largest_fanout_is_not_necessarily_longest_sequence (test_candidate_length_audit.CandidateLengthStatsTests) ... ok
2026-10-03T15:38:30.9071207Z test_limits_count_rows_and_sequences_with_strict_exceeds_semantics (test_candidate_length_audit.CandidateLengthStatsTests) ... ok
2026-10-03T15:38:30.9674857Z test_cosmetic_reproduction_does_not_describe_broken_functionality (test_case_customer.CustomerCaseTests) ... ok
2026-10-03T15:38:30.9678328Z test_hidden_worlds_with_identical_observations_have_identical_targets (test_case_customer.CustomerCaseTests) ... ok
2026-10-03T15:38:30.9679966Z test_latent_marginal_is_defined_not_a_guessed_confidence (test_case_customer.CustomerCaseTests) ... ok
2026-10-03T15:38:31.0082355Z test_ood_full_utterances_and_templates_are_reserved (test_case_customer.CustomerCaseTests) ... ok
2026-10-03T15:38:31.1007865Z test_saved_workflow_choice_order_roundtrip (test_case_customer.CustomerCaseTests) ... ok
2026-10-03T15:38:31.1009466Z test_source_question_forms_and_independent_score_descriptions (test_case_customer.CustomerCaseTests) ... ok
2026-10-03T15:38:31.2269143Z test_workflows_compile_to_the_training_inputs_and_targets (test_case_customer.CustomerCaseTests) ... ok
2026-10-03T15:38:31.2270653Z test_bearing_coordinate_convention_and_wrap (test_case_doom.DoomDecisionTests) ... ok
2026-10-03T15:38:31.2305610Z test_episode_splits_and_ood_seed_ranges (test_case_doom.DoomDecisionTests) ... ok
2026-10-03T15:38:31.2306570Z test_movement_momentum_and_action_button_order (test_case_doom.DoomDecisionTests) ... ok
2026-10-03T15:38:31.2307433Z test_shot_grade_boundaries_and_attack (test_case_doom.DoomDecisionTests) ... ok
2026-10-03T15:38:31.2313263Z test_three_tasks_share_episode_group_and_keep_labels_out_of_input (test_case_doom.DoomDecisionTests) ... ok
2026-10-03T15:38:31.2314767Z test_real_rollout_replay_and_tamper_detection (test_case_doom.DoomEngineTests) ... skipped 'optional vizdoom environment unavailable'
2026-10-03T15:38:31.2316819Z test_small_engine_dataset_validates_and_replays_id_and_ood (test_case_doom.DoomEngineTests) ... skipped 'optional vizdoom environment unavailable'
2026-10-03T15:38:31.2318651Z test_arithmetic_uses_exact_integer_floor_and_remainder (test_case_reasoning.ReasoningControlTest) ... ok
2026-10-03T15:38:31.2320041Z test_code_interpreter_matches_hand_calculated_branches (test_case_reasoning.ReasoningControlTest) ... ok
2026-10-03T15:38:31.2321492Z test_directed_reachability_handles_cycles_and_disconnected_nodes (test_case_reasoning.ReasoningControlTest) ... ok
2026-10-03T15:38:31.2322950Z test_evidence_filters_aliases_retractions_and_tied_conflicts (test_case_reasoning.ReasoningControlTest) ... ok
2026-10-03T15:38:31.2324175Z test_filter_sort_and_missing_rank (test_case_reasoning.ReasoningControlTest) ... ok
2026-10-03T15:38:31.2919028Z test_generated_records_have_domain_coverage_and_grouped_splits (test_case_reasoning.ReasoningControlTest) ... ok
2026-10-03T15:38:31.2920505Z test_logic_truth_tables (test_case_reasoning.ReasoningControlTest) ... ok
2026-10-03T15:38:31.2925296Z test_oracles_labels_and_ids_do_not_leak_into_candidate_prompts (test_case_reasoning.ReasoningControlTest) ... ok
2026-10-03T15:38:31.2926403Z test_temporal_order_compares_instants_not_local_dates (test_case_reasoning.ReasoningControlTest) ... ok
2026-10-03T15:38:31.2929188Z test_all_unreachable_candidates_are_filtered_without_gold_insertion (test_case_wikiracing.WikiCaseTest) ... ok
2026-10-03T15:38:31.2930643Z test_browser_back_replays_navigation_stack (test_case_wikiracing.WikiCaseTest) ... ok
2026-10-03T15:38:31.2936275Z test_candidates_do_not_change_with_hidden_distances_or_human_trace (test_case_wikiracing.WikiCaseTest) ... ok
2026-10-03T15:38:31.2937462Z test_invalid_limits_are_rejected (test_case_wikiracing.WikiCaseTest) ... ok
2026-10-03T15:38:31.2940776Z test_path_separators_are_split_before_title_decoding (test_case_wikiracing.WikiCaseTest) ... ok
2026-10-03T15:38:31.2943865Z test_policy_ties_are_uniform_over_best_candidates (test_case_wikiracing.WikiCaseTest) ... ok
2026-10-03T15:38:31.2944944Z test_reverse_bfs_is_directed_and_leaves_unreachable_absent (test_case_wikiracing.WikiCaseTest) ... ok
2026-10-03T15:38:31.3280817Z test_target_isolation_determinism_and_workflow_paths (test_case_wikiracing.WikiCaseTest) ... ok
2026-10-03T15:38:31.3284008Z test_unreachable_option_is_zero_and_distance_stays_metadata (test_case_wikiracing.WikiCaseTest) ... ok
2026-10-03T15:38:31.4284934Z test_calibration_split_count_ids_temperature_and_targets_are_bound (test_checkpoint_package.CheckpointPackageTests) ... ok
2026-10-03T15:38:31.5213127Z test_completed_single_2b_9b_and_ddp_27b_package_without_source_data (test_checkpoint_package.CheckpointPackageTests) ... ok
2026-10-03T15:38:31.5498679Z test_data_relocation_keeps_hashes_and_changes_are_rejected (test_checkpoint_package.CheckpointPackageTests) ... ok
2026-10-03T15:38:31.5500470Z test_duplicate_json_keys_are_rejected (test_checkpoint_package.CheckpointPackageTests) ... ok
2026-10-03T15:38:31.6048174Z test_incomplete_resume_only_and_noncontiguous_training_are_rejected (test_checkpoint_package.CheckpointPackageTests) ... ok
2026-10-03T15:38:31.6464487Z test_missing_extra_symlinked_and_ambiguous_checkpoint_files_are_rejected (test_checkpoint_package.CheckpointPackageTests) ... ok
2026-10-03T15:38:31.7517667Z test_model_revision_adapter_and_ddp_identity_are_bound (test_checkpoint_package.CheckpointPackageTests) ... ok
2026-10-03T15:38:31.7798332Z test_output_no_overwrite_and_source_race_leaves_no_published_partial (test_checkpoint_package.CheckpointPackageTests) ... ok
2026-10-03T15:38:31.8345595Z test_pinned_upstream_license_and_metric_scope_are_required (test_checkpoint_package.CheckpointPackageTests) ... ok
2026-10-03T15:38:31.9057257Z test_reload_requires_finite_equal_shape_real_saved_evidence (test_checkpoint_package.CheckpointPackageTests) ... ok
2026-10-03T15:38:31.9974498Z test_stale_metrics_calibration_and_prediction_grouping_are_rejected (test_checkpoint_package.CheckpointPackageTests) ... ok
2026-10-03T15:38:32.2459588Z test_absent_quote_cannot_acquire_confidence_or_a_semantic_record (test_citation_control.CitationCorpusAuditTest) ... ok
2026-10-03T15:38:32.3290349Z test_auxiliary_spec_is_not_the_semantic_oracle (test_citation_control.CitationCorpusAuditTest) ... ok
2026-10-03T15:38:32.3310393Z test_build_refuses_to_overwrite_existing_corpus (test_citation_control.CitationCorpusAuditTest) ... ok
2026-10-03T15:38:32.3653889Z test_entire_source_document_and_claims_remain_in_one_split (test_citation_control.CitationCorpusAuditTest) ... ok
2026-10-03T15:38:32.4057608Z test_final_rendered_fact_change_is_detected_despite_unchanged_auxiliary_spec (test_citation_control.CitationCorpusAuditTest) ... ok
2026-10-03T15:38:32.4412012Z test_gate_offsets_and_typography_modes_are_checked (test_citation_control.CitationCorpusAuditTest) ... ok
2026-10-03T15:38:32.4511162Z test_labels_ids_provenance_and_specs_are_absent_from_model_inputs (test_citation_control.CitationCorpusAuditTest) ... ok
2026-10-03T15:38:32.4914276Z test_matching_wrong_reference_and_target_are_rejected (test_citation_control.CitationCorpusAuditTest) ... ok
2026-10-03T15:38:32.6461610Z test_original_corpus_audits_and_generation_is_deterministic (test_citation_control.CitationCorpusAuditTest) ... ok
2026-10-03T15:38:32.8104089Z test_report_can_only_create_a_new_file_and_uses_exclusive_open (test_citation_control.CitationCorpusAuditTest) ... ok
2026-10-03T15:38:32.8166261Z test_report_cannot_write_inside_input_data_or_through_directory_alias (test_citation_control.CitationCorpusAuditTest) ... ok
2026-10-03T15:38:32.8206905Z test_report_refuses_existing_files_and_normal_or_dangling_symlinks (test_citation_control.CitationCorpusAuditTest) ... ok
2026-10-03T15:38:32.8237360Z test_unsealed_bytes_fail_before_semantic_audit (test_citation_control.CitationCorpusAuditTest) ... ok
2026-10-03T15:38:32.8246927Z test_delivery_negation_and_irrelevant_numbers (test_citation_control.CitationSemanticsTest) ... ok
2026-10-03T15:38:32.8255566Z test_inclusive_amount_and_leap_date_boundaries_in_both_grammars (test_citation_control.CitationSemanticsTest) ... ok
2026-10-03T15:38:32.8257731Z test_quote_gate_only_normalizes_typography_and_whitespace (test_citation_control.CitationSemanticsTest) ... ok
2026-10-03T15:38:32.8270661Z test_unknown_completions_and_dominating_known_failure (test_citation_control.CitationSemanticsTest) ... ok
2026-10-03T15:38:32.8274211Z test_unsupported_rules_ambiguous_registers_and_claims_fail_closed (test_citation_control.CitationSemanticsTest) ... ok
2026-10-03T15:38:32.8299171Z test_browser_does_not_offer_arbitrary_text_generation (test_community.CommunityTest) ... ok
2026-10-03T15:38:32.8321777Z test_browser_rejects_missing_and_duplicate_observations (test_community.CommunityTest) ... ok
2026-10-03T15:38:32.8344394Z test_browser_rejects_stale_revision_before_postprocessing (test_community.CommunityTest) ... ok
2026-10-03T15:38:32.8368218Z test_browser_resolves_only_supplied_text_and_observed_target (test_community.CommunityTest) ... ok
2026-10-03T15:38:32.8394282Z test_browser_select_options_and_click_ids_remain_observed (test_community.CommunityTest) ... ok
2026-10-03T15:38:32.8415367Z test_builders_reject_empty_observations (test_community.CommunityTest) ... ok
2026-10-03T15:38:32.8439617Z test_drone_requires_verified_climb_clearance_and_never_motor_commands (test_community.CommunityTest) ... ok
2026-10-03T15:38:32.8475267Z test_every_example_compiles_and_declared_field_scales_are_exact (test_community.CommunityTest) ... ok
2026-10-03T15:38:32.8499214Z test_heist_uses_one_guards_local_observation_and_allows_no_target (test_community.CommunityTest) ... ok
2026-10-03T15:38:32.8526695Z test_malformed_responses_cannot_become_proposals (test_community.CommunityTest) ... ok
2026-10-03T15:38:32.8551765Z test_pokemon_faint_forecast_is_conditioned_on_selected_move (test_community.CommunityTest) ... ok
2026-10-03T15:38:32.8574612Z test_runescape_keeps_catalog_and_poll_intervals_closed (test_community.CommunityTest) ... ok
2026-10-03T15:38:33.1982486Z test_candidate_permutation_and_metadata_do_not_determine_the_label (test_community_diversity_v2.CommunityDiversityV2Test) ... ok
2026-10-03T15:38:33.3883597Z test_eighty_authored_families_and_all_schema_kinds (test_community_diversity_v2.CommunityDiversityV2Test) ... ok
2026-10-03T15:38:34.7995181Z test_family_and_source_instance_are_disjoint (test_community_diversity_v2.CommunityDiversityV2Test) ... ok
2026-10-03T15:38:36.3793826Z test_generation_has_no_input_file_reads_and_is_reproducible (test_community_diversity_v2.CommunityDiversityV2Test) ... ok
2026-10-03T15:38:36.4390248Z test_minimal_counterfactuals_change_winner_and_only_one_visible_fact (test_community_diversity_v2.CommunityDiversityV2Test) ... ok
2026-10-03T15:38:36.5271107Z test_target_tampering_and_visible_policy_tampering_fail (test_community_diversity_v2.CommunityDiversityV2Test) ... ok
2026-10-03T15:38:36.5272585Z test_three_valued_negation_exception_and_arithmetic (test_community_diversity_v2.CommunityDiversityV2Test) ... ok
2026-10-03T15:38:36.5275832Z test_boolean_truth_tables_and_unknown_comparisons (test_community_diversity_v2_audit.IndependentVisibleRulesTest) ... ok
2026-10-03T15:38:36.5285592Z test_independent_end_to_end_choice_probe_and_target_corruption (test_community_diversity_v2_audit.IndependentVisibleRulesTest) ... ok
2026-10-03T15:38:36.5288318Z test_nested_arithmetic_sets_and_quoted_literals (test_community_diversity_v2_audit.IndependentVisibleRulesTest) ... ok
2026-10-03T15:38:36.5291866Z test_benchmark_labels_are_excluded_and_candidate_order_ignored (test_community_hard_mix.HardMixtureTests) ... ok
2026-10-03T15:38:36.5293474Z test_empty_benchmark_cannot_pass_screen (test_community_hard_mix.HardMixtureTests) ... ok
2026-10-03T15:38:36.5328935Z test_mixture_allows_empty_output_but_never_overwrites_existing_data (test_community_hard_mix.HardMixtureTests) ... ok
2026-10-03T15:38:36.5401673Z test_mixture_checks_both_manifest_schemas_and_caps_across_replay_folders (test_community_hard_mix.HardMixtureTests) ... ok
2026-10-03T15:38:36.5428849Z test_mixture_rejects_stale_or_missing_source_hashes (test_community_hard_mix.HardMixtureTests) ... ok
2026-10-03T15:38:36.5477978Z test_quarantine_removes_whole_training_group (test_community_hard_mix.HardMixtureTests) ... ok
2026-10-03T15:38:36.5481378Z test_replay_spreads_across_groups_and_never_duplicates (test_community_hard_mix.HardMixtureTests) ... ok
2026-10-03T15:38:36.5483019Z test_request_index_reads_only_visible_fields (test_community_hard_mix.HardMixtureTests) ... ok
2026-10-03T15:38:36.5516841Z test_screen_never_exports_benchmark_text_or_uses_gold (test_community_hard_mix.HardMixtureTests) ... ok
2026-10-03T15:38:36.5533931Z test_candidate_microbatches_preserve_all_logits_without_gold (test_community_pair.CommunityPairTest) ... ok
2026-10-03T15:38:36.5607910Z test_completed_checkpoint_identity_and_changed_content (test_community_pair.CommunityPairTest) ... ok
2026-10-03T15:38:36.5676508Z test_cpu_panel_validation_precedes_gpu_environment_check (test_community_pair.CommunityPairTest) ... ok
2026-10-03T15:38:36.5703345Z test_errors_and_soft_targets_keep_complete_denominators (test_community_pair.CommunityPairTest) ... ok
2026-10-03T15:38:36.5798242Z test_frozen_panel_and_all_five_source_hashes_are_checked (test_community_pair.CommunityPairTest) ... ok
2026-10-03T15:38:36.5848167Z test_group_and_input_leakage_rejected_even_under_new_ids (test_community_pair.CommunityPairTest) ... ok
2026-10-03T15:38:36.5876897Z test_group_macro_equal_weights_keep_errors_missing_and_soft_only_groups (test_community_pair.CommunityPairTest) ... ok
2026-10-03T15:38:36.5893071Z test_identical_checkpoint_content_is_a_valid_negative_result (test_community_pair.CommunityPairTest) ... ok
2026-10-03T15:38:36.5984000Z test_incomplete_wrong_revision_reload_and_calibration_fail_closed (test_community_pair.CommunityPairTest) ... ok
2026-10-03T15:38:36.6001630Z test_nonfinite_logits_and_deadline_record_no_fake_probabilities (test_community_pair.CommunityPairTest) ... ok
2026-10-03T15:38:36.6037502Z test_noul_imbalance_and_failures_have_class_conditional_denominators (test_community_pair.CommunityPairTest) ... ok
2026-10-03T15:38:36.6100474Z test_panel_is_reproducible_group_round_robin_with_honest_counts (test_community_pair.CommunityPairTest) ... ok
2026-10-03T15:38:36.6183920Z test_three_new_versions_and_multiple_sources_are_bound (test_community_pair.CommunityPairTest) ... ok
2026-10-03T15:38:36.6593635Z test_catalog_specific_shared_labels_keep_one_global_split_and_explicit_catalog (test_community_routing_v3.RoutingV3Tests) ... ok
2026-10-03T15:38:36.7637177Z test_choice_target_and_abstain_positions_and_noul_labels_are_balanced (test_community_routing_v3.RoutingV3Tests) ... ok
2026-10-03T15:38:36.8151906Z test_full_catalog_protocol_uses_only_official_test_and_is_not_training_rows (test_community_routing_v3.RoutingV3Tests) ... ok
2026-10-03T15:38:36.8161499Z test_global_official_holdouts_are_reserved_before_duplicate_and_conflict_filtering (test_community_routing_v3.RoutingV3Tests) ... ok
2026-10-03T15:38:36.8778445Z test_gold_present_omitted_and_noul_contracts_are_exact_and_bounded (test_community_routing_v3.RoutingV3Tests) ... ok
2026-10-03T15:38:36.9289566Z test_order_independence_and_duplicate_conflicts (test_community_routing_v3.RoutingV3Tests) ... ok
2026-10-03T15:38:36.9304082Z test_pinned_source_mutation_and_existing_output_fail_without_overwrite (test_community_routing_v3.RoutingV3Tests) ... ok
2026-10-03T15:38:36.9730673Z test_approval_manual_counterevidence_absence_and_conflict (test_community_workflow_v3.WorkflowV3Tests) ... ok
2026-10-03T15:38:37.2021002Z test_builder_preserves_existing_outputs_and_reproduces_hashes (test_community_workflow_v3.WorkflowV3Tests) ... ok
2026-10-03T15:38:37.2023722Z test_claimed_authorization_and_negated_requests_do_not_execute (test_community_workflow_v3.WorkflowV3Tests) ... ok
2026-10-03T15:38:37.2024892Z test_cms_is_multilabel_and_not_tag_name_matching (test_community_workflow_v3.WorkflowV3Tests) ... ok
2026-10-03T15:38:37.2026065Z test_cms_quotes_archives_hypotheses_withdrawal_and_contradiction (test_community_workflow_v3.WorkflowV3Tests) ... ok
2026-10-03T15:38:37.3005084Z test_cosmetic_duplicate_scenarios_are_rejected (test_community_workflow_v3.WorkflowV3Tests) ... ok
2026-10-03T15:38:38.8233251Z test_eighteen_semantic_scenarios_survive_prefix_and_order_normalization (test_community_workflow_v3.WorkflowV3Tests) ... ok
2026-10-03T15:38:38.8237508Z test_exception_has_a_visible_scope_and_cannot_waive_everything (test_community_workflow_v3.WorkflowV3Tests) ... ok
2026-10-03T15:38:38.8649133Z test_generation_is_deterministic_and_reads_no_examples (test_community_workflow_v3.WorkflowV3Tests) ... ok
2026-10-03T15:38:38.9889444Z test_schema_prose_only_counts_and_whole_family_splits (test_community_workflow_v3.WorkflowV3Tests) ... ok
2026-10-03T15:38:38.9891380Z test_secondary_tag_unknown_and_conflict_are_distinct_evidence (test_community_workflow_v3.WorkflowV3Tests) ... ok
2026-10-03T15:38:39.0537055Z test_target_corruption_and_prose_contract_tampering_fail (test_community_workflow_v3.WorkflowV3Tests) ... ok
2026-10-03T15:38:39.3050823Z test_visible_input_alone_reconstructs_targets_and_tracks_candidate_order (test_community_workflow_v3.WorkflowV3Tests) ... ok
2026-10-03T15:38:39.7361640Z test_all_abstain_31_and_32_accepted_and_single_accepted_error (test_compare_boundary_training_v7.BoundaryComparisonMetricsTests) ... ok
2026-10-03T15:38:39.7947880Z test_committed_source_allows_new_driver_but_refuses_frozen_changes (test_compare_boundary_training_v7.BoundaryComparisonMetricsTests) ... ok
2026-10-03T15:38:40.1136864Z test_exception_scope_fraud_and_capacity_unsafe_actions_are_caught (test_compare_boundary_training_v7.BoundaryComparisonMetricsTests) ... ok
2026-10-03T15:38:40.9655093Z test_four_cells_fixed_calibrated_gate_and_all_paired_regressions (test_compare_boundary_training_v7.BoundaryComparisonMetricsTests) ... ok
2026-10-03T15:38:40.9663550Z test_gpu_uuid_requires_complete_physical_identifier (test_compare_boundary_training_v7.BoundaryComparisonMetricsTests) ... ok
2026-10-03T15:38:40.9669091Z test_inclusive_thresholds_and_nearest_floats (test_compare_boundary_training_v7.BoundaryComparisonMetricsTests) ... ok
2026-10-03T15:38:41.1091953Z test_missing_slices_or_family_and_partial_predictions_are_rejected (test_compare_boundary_training_v7.BoundaryComparisonMetricsTests) ... ok
2026-10-03T15:38:41.2684458Z test_old_state_derived_safety_denominators_and_failures (test_compare_boundary_training_v7.BoundaryComparisonMetricsTests) ... ok
2026-10-03T15:38:41.2707828Z test_state_derived_roles_and_scope_field_cross_groups (test_compare_boundary_training_v7.BoundaryComparisonMetricsTests) ... ok
2026-10-03T15:38:44.5638286Z test_calibration_reorder_test_fit_and_partial_evidence_rejected (test_compare_boundary_training_v7.BoundaryComparisonPreflightTests) ... ok
2026-10-03T15:38:46.0788382Z test_complete_artifact_stub_all_14_retained_and_904_rows (test_compare_boundary_training_v7.BoundaryComparisonPreflightTests) ... ok
2026-10-03T15:38:48.7825364Z test_execution_request_stage_and_base_content_tampering_rejected (test_compare_boundary_training_v7.BoundaryComparisonPreflightTests) ... ok
2026-10-03T15:38:50.8774459Z test_initialization_and_gradient_proof_tampering_or_false_status_rejected (test_compare_boundary_training_v7.BoundaryComparisonPreflightTests) ... ok
2026-10-03T15:38:57.5666108Z test_non_uuid_runtime_changes_fail_before_adapted_predictions (test_compare_boundary_training_v7.BoundaryComparisonPreflightTests) ... ok
2026-10-03T15:39:01.1004542Z test_partial_nonfinite_unordered_journal_and_wrong_run_identity_rejected (test_compare_boundary_training_v7.BoundaryComparisonPreflightTests) ... ok
2026-10-03T15:39:02.4692932Z test_raw_plan_main_retained_and_checkpoint_tampering_rejected (test_compare_boundary_training_v7.BoundaryComparisonPreflightTests) ... ok
2026-10-03T15:39:03.3247178Z test_retained_missing_reorder_and_provenance_rejected_independently (test_compare_boundary_training_v7.BoundaryComparisonPreflightTests) ... ok
2026-10-03T15:39:13.3230588Z test_runtime_requires_bf16_base_fp32_head_and_single_assigned_uuid (test_compare_boundary_training_v7.BoundaryComparisonPreflightTests) ... ok
2026-10-03T15:39:16.0127756Z test_sequential_raw_logits_and_failed_quality_gate_without_gpu (test_compare_boundary_training_v7.BoundaryComparisonPreflightTests) ... ok
2026-10-03T15:39:18.7444930Z test_settings_resume_missing_completion_and_output_overlap_rejected (test_compare_boundary_training_v7.BoundaryComparisonPreflightTests) ... ok
2026-10-03T15:39:20.4470767Z test_bundle_all_calibration_precedes_heldout_with_four_loads (test_compare_frontier_training_v8.FrontierArithmeticTests) ... ok
2026-10-03T15:39:20.4481818Z test_cli_execute_fails_before_any_input_read (test_compare_frontier_training_v8.FrontierArithmeticTests) ... ok
2026-10-03T15:39:20.5730779Z test_core_rejects_changed_runtime_and_denominators (test_compare_frontier_training_v8.FrontierArithmeticTests) ... ok
2026-10-03T15:39:20.5733186Z test_inclusive_thresholds_and_floor (test_compare_frontier_training_v8.FrontierArithmeticTests) ... ok
2026-10-03T15:39:20.5782904Z test_missing_runtime_fields_and_checkpoint_binding_fail_before_journal (test_compare_frontier_training_v8.FrontierArithmeticTests) ... ok
2026-10-03T15:39:20.8185605Z test_noul_errors_coverage_and_observed_denominators (test_compare_frontier_training_v8.FrontierArithmeticTests) ... ok
2026-10-03T15:39:20.8191694Z test_paired_threshold_changes_and_all_timing_outliers (test_compare_frontier_training_v8.FrontierArithmeticTests) ... ok
2026-10-03T15:39:20.8201737Z test_prediction_bindings_reject_each_mutation (test_compare_frontier_training_v8.FrontierArithmeticTests) ... ok
2026-10-03T15:39:20.8372641Z test_preflight_recomputes_completion_without_parsing_heldout (test_compare_frontier_training_v8.FrontierArithmeticTests) ... ok
2026-10-03T15:39:20.9313976Z test_preflight_rejects_changed_sources_data_completion_runtime_and_overlap (test_compare_frontier_training_v8.FrontierArithmeticTests) ... ok
2026-10-03T15:39:21.5530499Z test_safety_all_six_permissive_actions_and_numeric_reporting (test_compare_frontier_training_v8.FrontierArithmeticTests) ... ok
2026-10-03T15:39:21.5533818Z test_four_temperature_cells_preserve_argmax_and_change_probability_metrics (test_compare_policy_training_v6.ComparisonMetricsTests) ... ok
2026-10-03T15:39:21.5562091Z test_frozen_source_and_committed_evaluation_bytes (test_compare_policy_training_v6.ComparisonMetricsTests) ... ok
2026-10-03T15:39:21.5804264Z test_injection_options_align_by_text_and_consistent_wrong_is_separate (test_compare_policy_training_v6.ComparisonMetricsTests) ... ok
2026-10-03T15:39:21.5809986Z test_noul_inclusive_thresholds_nextafter_and_zero_accepted (test_compare_policy_training_v6.ComparisonMetricsTests) ... ok
2026-10-03T15:39:21.5817206Z test_prediction_binding_and_paired_transitions (test_compare_policy_training_v6.ComparisonMetricsTests) ... ok
2026-10-03T15:39:21.6442893Z test_semantic_temporal_and_joint_authority_subgroups (test_compare_policy_training_v6.ComparisonMetricsTests) ... ok
2026-10-03T15:39:21.7220071Z test_calibration_order_temperature_and_split_cannot_be_changed (test_compare_policy_training_v6.ComparisonPreflightTests) ... ok
2026-10-03T15:39:21.7712896Z test_first_cuda_synchronize_failure_is_journaled (test_compare_policy_training_v6.ComparisonPreflightTests) ... ok
2026-10-03T15:39:21.8204763Z test_nonfinite_inference_writes_failed_record_and_raises (test_compare_policy_training_v6.ComparisonPreflightTests) ... ok
2026-10-03T15:39:21.8712098Z test_plan_and_data_byte_tampering_rejected (test_compare_policy_training_v6.ComparisonPreflightTests) ... ok
2026-10-03T15:39:21.9233856Z test_regression_order_and_output_containment_rejected (test_compare_policy_training_v6.ComparisonPreflightTests) ... ok
2026-10-03T15:39:22.1952817Z test_sequential_model_lifecycle_lock_and_four_cell_output_without_gpu (test_compare_policy_training_v6.ComparisonPreflightTests) ... ok
2026-10-03T15:39:22.2668644Z test_source_settings_completion_and_reload_error_rejected (test_compare_policy_training_v6.ComparisonPreflightTests) ... ok
2026-10-03T15:39:22.3301497Z test_swapped_final_weights_or_modified_completion_receipt_rejected (test_compare_policy_training_v6.ComparisonPreflightTests) ... ok
2026-10-03T15:39:22.3884728Z test_valid_preflight_locks_complete_receipt_and_all_six_sets (test_compare_policy_training_v6.ComparisonPreflightTests) ... ok
2026-10-03T15:39:22.3887094Z test_allow_offload_never_allows_unloaded_parameters (test_consumer_gpu_loading.ConsumerGpuLoadingTest) ... skipped 'requires torch, transformers and peft'
2026-10-03T15:39:22.3890053Z test_backbone_dtype_defaults_to_released_bfloat16_and_is_selectable (test_consumer_gpu_loading.ConsumerGpuLoadingTest) ... skipped 'requires torch, transformers and peft'
2026-10-03T15:39:22.3892432Z test_cpu_embedding_is_reused_by_uncached_and_cached_scoring (test_consumer_gpu_loading.ConsumerGpuLoadingTest) ... skipped 'requires torch, transformers and peft'
2026-10-03T15:39:22.3893601Z test_explicit_transformer_cpu_offload_is_rejected (test_consumer_gpu_loading.ConsumerGpuLoadingTest) ... skipped 'requires torch, transformers and peft'
2026-10-03T15:39:22.3894736Z test_hub_id_meta_head_uses_pinned_shard_and_original_subtraction_dtype (test_consumer_gpu_loading.ConsumerGpuLoadingTest) ... skipped 'requires torch, transformers and peft'
2026-10-03T15:39:22.3895818Z test_load_revalidates_adapter_parameters (test_consumer_gpu_loading.ConsumerGpuLoadingTest) ... skipped 'requires torch, transformers and peft'
2026-10-03T15:39:22.3896765Z test_local_snapshot_resolution (test_consumer_gpu_loading.ConsumerGpuLoadingTest) ... skipped 'requires torch, transformers and peft'
2026-10-03T15:39:22.3897804Z test_provenance_records_loaded_rather_than_requested_backbone_dtypes (test_consumer_gpu_loading.ConsumerGpuLoadingTest) ... skipped 'requires torch, transformers and peft'
2026-10-03T15:39:22.3899110Z test_quantized_loading_is_refused_on_apple_mps_before_loading (test_consumer_gpu_loading.ConsumerGpuLoadingTest) ... skipped 'requires torch, transformers and peft'
2026-10-03T15:39:22.3900205Z test_similar_embedding_module_name_does_not_bypass_guard (test_consumer_gpu_loading.ConsumerGpuLoadingTest) ... skipped 'requires torch, transformers and peft'
2026-10-03T15:39:22.3901417Z test_unknown_backbone_dtype_is_rejected_before_loading (test_consumer_gpu_loading.ConsumerGpuLoadingTest) ... skipped 'requires torch, transformers and peft'
2026-10-03T15:39:22.3902411Z test_unsharded_snapshot_resolution (test_consumer_gpu_loading.ConsumerGpuLoadingTest) ... skipped 'requires torch, transformers and peft'
2026-10-03T15:39:22.3925088Z test_changed_manifest_artifact_and_source_are_rejected (test_contact_service.ContactDriverFixtures) ... ok
2026-10-03T15:39:22.3930079Z test_expected_identity_and_split_flags_fail_before_any_transport (test_contact_service.ContactDriverFixtures) ... ok
2026-10-03T15:39:22.4015349Z test_failed_default_http_path_never_marks_model_quality_evidence (test_contact_service.ContactDriverFixtures) ... ok
2026-10-03T15:39:22.4075060Z test_fixture_driver_preserves_original_requests_and_raw_responses (test_contact_service.ContactDriverFixtures) ... ok
2026-10-03T15:39:22.4125134Z test_interruption_retains_unattempted_documents_in_denominators (test_contact_service.ContactDriverFixtures) ... ok
2026-10-03T15:39:22.4153529Z test_loader_hashes_training_bytes_without_parsing_targets (test_contact_service.ContactDriverFixtures) ... ok
2026-10-03T15:39:22.4175725Z test_outputs_cannot_overwrite_inputs_or_follow_output_symlink (test_contact_service.ContactDriverFixtures) ... ok
2026-10-03T15:39:22.4189366Z test_absent_and_ambiguous_refusals_do_not_enter_unique_target_metric (test_contact_service.ContactPipelineFixtures) ... ok
2026-10-03T15:39:22.4191187Z test_b_failure_retains_a_score_and_b_fixed_denominator (test_contact_service.ContactPipelineFixtures) ... skipped 'requires optional .[phone] extra'
2026-10-03T15:39:22.4197674Z test_choice_tie_preserves_actual_service_choice (test_contact_service.ContactPipelineFixtures) ... ok
2026-10-03T15:39:22.4205769Z test_email_wrong_role_copy_is_not_requested_target_success (test_contact_service.ContactPipelineFixtures) ... ok
2026-10-03T15:39:22.4213535Z test_equal_email_at_other_offset_still_fails (test_contact_service.ContactPipelineFixtures) ... ok
2026-10-03T15:39:22.4222566Z test_forced_no_candidate_still_requires_valid_response (test_contact_service.ContactPipelineFixtures) ... ok
2026-10-03T15:39:22.4227726Z test_http_error_preserves_wire_bytes_and_all_case_denominators (test_contact_service.ContactPipelineFixtures) ... ok
2026-10-03T15:39:22.4229718Z test_identity_change_between_a_b_and_across_corpora_is_rejected (test_contact_service.ContactPipelineFixtures) ... skipped 'requires optional .[phone] extra'
2026-10-03T15:39:22.4256578Z test_json_probability_candidate_and_sequence_errors_cannot_succeed (test_contact_service.ContactPipelineFixtures) ... ok
2026-10-03T15:39:22.4267755Z test_metadata_identity_locks_even_when_first_answers_are_invalid (test_contact_service.ContactPipelineFixtures) ... ok
2026-10-03T15:39:22.4274378Z test_miss_none_is_span_correct_but_extraction_failure (test_contact_service.ContactPipelineFixtures) ... ok
2026-10-03T15:39:22.4276310Z test_partial_actual_candidate_gets_b_without_gold_repair (test_contact_service.ContactPipelineFixtures) ... skipped 'requires optional .[phone] extra'
2026-10-03T15:39:22.4278582Z test_phone_b_uses_actual_wrong_role_even_when_presence_is_false (test_contact_service.ContactPipelineFixtures) ... skipped 'requires optional .[phone] extra'
2026-10-03T15:39:22.4286624Z test_phone_none_with_presence_true_does_not_send_b (test_contact_service.ContactPipelineFixtures) ... ok
2026-10-03T15:39:22.4288289Z test_possible_but_invalid_gb_can_succeed_with_exact_e164 (test_contact_service.ContactPipelineFixtures) ... skipped 'requires optional .[phone] extra'
2026-10-03T15:39:22.4290530Z test_unknown_region_none_output_is_not_extraction_success (test_contact_service.ContactPipelineFixtures) ... skipped 'requires optional .[phone] extra'
2026-10-03T15:39:22.4950635Z test_build_and_report_never_overwrite_existing_inputs (test_context_retention_data.RetentionDataTests) ... ok
2026-10-03T15:39:22.5770528Z test_generated_ood_has_unseen_shared_dependency_structure (test_context_retention_data.RetentionDataTests) ... ok
2026-10-03T15:39:22.7036327Z test_hidden_spec_and_same_length_output_contents_do_not_determine_labels (test_context_retention_data.RetentionDataTests) ... ok
2026-10-03T15:39:22.7838835Z test_inputs_exclude_metadata_targets_and_full_outputs (test_context_retention_data.RetentionDataTests) ... ok
2026-10-03T15:39:22.9570094Z test_matching_wrong_reference_and_target_cannot_pass (test_context_retention_data.RetentionDataTests) ... ok
2026-10-03T15:39:23.0876344Z test_mutated_visible_goal_is_checked_without_consulting_spec (test_context_retention_data.RetentionDataTests) ... ok
2026-10-03T15:39:23.2052659Z test_pinned_and_unpaired_gates_never_acquire_probabilities (test_context_retention_data.RetentionDataTests) ... ok
2026-10-03T15:39:23.2762856Z test_policy_tampering_and_extra_rule_are_rejected (test_context_retention_data.RetentionDataTests) ... ok
2026-10-03T15:39:23.4686239Z test_small_corpus_is_deterministic_and_independently_verified (test_context_retention_data.RetentionDataTests) ... ok
2026-10-03T15:39:23.5854025Z test_source_result_pairing_and_omission_are_checked (test_context_retention_data.RetentionDataTests) ... ok
2026-10-03T15:39:23.6517241Z test_unsealed_data_mutation_fails_before_semantic_checks (test_context_retention_data.RetentionDataTests) ... ok
2026-10-03T15:39:23.6525298Z test_group_spanning_source_train_and_test_is_rejected (test_data.ImportDataTests) ... ok
2026-10-03T15:39:23.6541336Z test_noul_maps_labels_and_preserves_official_test (test_data.ImportDataTests) ... ok
2026-10-03T15:39:23.6646565Z test_source_train_never_becomes_test_and_duplicates_share_group (test_data.ImportDataTests) ... ok
2026-10-03T15:39:23.6653027Z test_unknown_label_is_not_silently_remapped (test_data.ImportDataTests) ... ok
2026-10-03T15:39:23.6844420Z test_build_roundtrip (test_data.SyntheticDataTests) ... ok
2026-10-03T15:39:23.7213416Z test_deterministic_and_every_target_matches_explicit_oracle (test_data.SyntheticDataTests) ... ok
2026-10-03T15:39:23.7305275Z test_directory_validation_ignores_auxiliary_workflow_jsonl (test_data.SyntheticDataTests) ... ok
2026-10-03T15:39:23.7308928Z test_duplicate_input_cannot_evade_detection_by_shuffling (test_data.SyntheticDataTests) ... ok
2026-10-03T15:39:23.7310686Z test_evidence_absence_is_unknown (test_data.SyntheticDataTests) ... ok
2026-10-03T15:39:23.7312020Z test_policy_boundaries_and_rule_precedence (test_data.SyntheticDataTests) ... ok
2026-10-03T15:39:23.7313861Z test_rejects_bad_probabilities_and_provenance (test_data.SyntheticDataTests) ... ok
2026-10-03T15:39:23.7315456Z test_routing_priorities_and_threshold (test_data.SyntheticDataTests) ... ok
2026-10-03T15:39:23.7318380Z test_same_context_with_changed_candidates_cannot_cross_splits (test_data.SyntheticDataTests) ... ok
2026-10-03T15:39:23.7322916Z test_same_split_allows_changed_candidates_and_question_variants (test_data.SyntheticDataTests) ... ok
2026-10-03T15:39:23.7328481Z test_split_directory_rejects_row_in_wrong_split_file (test_data.SyntheticDataTests) ... ok
2026-10-03T15:39:23.7702579Z test_split_grouping_and_ood_isolation (test_data.SyntheticDataTests) ... ok
2026-10-03T15:39:23.8013196Z test_full_pass_has_no_padding_skips_or_reordering (test_distributed_training.DistributedContractTests) ... ok
2026-10-03T15:39:23.8015364Z test_reload_rejects_nonfinite_length_mismatch_and_large_error (test_distributed_training.DistributedContractTests) ... ok
2026-10-03T15:39:23.8017301Z test_resource_policy_requires_exact_host_and_physical_uuids (test_distributed_training.DistributedContractTests) ... ok
2026-10-03T15:39:23.8041133Z test_resume_rejects_changed_data_order_schedule_runtime_topology_and_code (test_distributed_training.DistributedContractTests) ... ok
2026-10-03T15:39:23.8059799Z test_snapshot_checksums_and_optimizer_cursor_are_checked_before_tensors (test_distributed_training.DistributedContractTests) ... ok
2026-10-03T15:39:23.8061767Z test_cpu_final_evaluation_fits_calibration_and_preserves_original_baselines (test_distributed_training.DistributedNumericalTests) ... skipped 'requires optional torch runtime'
2026-10-03T15:39:23.8064101Z test_four_rank_dropout_python_torch_rng_and_optimizer_resume (test_distributed_training.DistributedNumericalTests) ... skipped 'requires optional torch runtime'
2026-10-03T15:39:23.8065306Z test_four_rank_global_batch_matches_serial_parameters_optimizer_and_losses (test_distributed_training.DistributedNumericalTests) ... skipped 'requires optional torch runtime'
2026-10-03T15:39:23.8066569Z test_restore_rejects_missing_optimizer_moment_and_reordered_parameter_groups (test_distributed_training.DistributedNumericalTests) ... skipped 'requires optional torch runtime'
2026-10-03T15:39:23.8165210Z test_defaults_cache_opt_in_and_command_override (test_docker_deployment.DockerEntrypointTest) ... ok
2026-10-03T15:39:23.8203635Z test_empty_manifest_is_rejected (test_docker_deployment.DockerFetchTest) ... ok
2026-10-03T15:39:23.8236917Z test_missing_manifest_is_rejected (test_docker_deployment.DockerFetchTest) ... ok
2026-10-03T15:39:23.8274742Z test_tampered_package_is_rejected (test_docker_deployment.DockerFetchTest) ... ok
2026-10-03T15:39:23.8313330Z test_valid_package_records_verified_files (test_docker_deployment.DockerFetchTest) ... ok
2026-10-03T15:39:23.8346530Z test_wrong_base_revision_is_rejected (test_docker_deployment.DockerFetchTest) ... ok
2026-10-03T15:39:23.8348170Z test_all_frozen_training_rows_match_runtime_prompts (test_doom_control.DoomControlTest) ... skipped 'frozen local Doom corpus is unavailable'
2026-10-03T15:39:23.8419507Z test_attack_threshold_and_alignment_never_override_model_action (test_doom_control.DoomControlTest) ... ok
2026-10-03T15:39:24.3530375Z test_audited_http_suite_records_typed_errors_without_fallback (test_doom_control.DoomControlTest) ... ok
2026-10-03T15:39:24.3551111Z test_http_typed_loop_keeps_raw_heads_and_never_calls_teacher (test_doom_control.DoomControlTest) ... ok
2026-10-03T15:39:24.3618101Z test_legacy_mode_is_default_and_typed_cli_replay_is_explicit (test_doom_control.DoomControlTest) ... ok
2026-10-03T15:39:24.3666118Z test_malformed_heads_probabilities_confidence_and_legend_fail (test_doom_control.DoomControlTest) ... ok
2026-10-03T15:39:24.3667850Z test_real_typed_engine_rollout_and_replay (test_doom_control.DoomControlTest) ... skipped 'optional local ViZDoom is unavailable'
2026-10-03T15:39:24.3672071Z test_service_identity_counts_noul_as_one_sequence (test_doom_control.DoomControlTest) ... ok
2026-10-03T15:39:24.3675196Z test_training_and_runtime_candidate_prompts_are_identical (test_doom_control.DoomControlTest) ... ok
2026-10-03T15:39:25.5873669Z test_all_actions_kinds_and_parent_ood_splits_are_present (test_drone_data.DroneDataTest) ... ok
2026-10-03T15:39:25.5898733Z test_corrupt_questions_answers_or_derivation_are_rejected (test_drone_data.DroneDataTest) ... ok
2026-10-03T15:39:26.2282403Z test_disk_roundtrip_and_overwrite_protection (test_drone_data.DroneDataTest) ... ok
2026-10-03T15:39:26.6675466Z test_exact_runtime_prompts_targets_and_typed_proposals (test_drone_data.DroneDataTest) ... ok
2026-10-03T15:39:26.7071151Z test_ids_order_and_metadata_do_not_decide_references (test_drone_data.DroneDataTest) ... ok
2026-10-03T15:39:26.7103049Z test_same_sensor_facts_different_side_goals (test_drone_data.DroneDataTest) ... ok
2026-10-03T15:39:26.7293184Z test_single_candidate_omission_and_no_inactive_heads (test_drone_data.DroneDataTest) ... ok
2026-10-03T15:39:26.7308874Z test_climb_requires_permission_verified_clearance_and_geometry (test_drone_data.DroneRuleTest) ... ok
2026-10-03T15:39:26.7323201Z test_gap_width_tie_goal_and_all_barriers (test_drone_data.DroneRuleTest) ... ok
2026-10-03T15:39:26.7332373Z test_goal_changes_reacquisition_but_not_evidence_or_risk (test_drone_data.DroneRuleTest) ... ok
2026-10-03T15:39:26.7351753Z test_missing_disclosure_or_invalid_measurements_do_not_get_labels (test_drone_data.DroneRuleTest) ... ok
2026-10-03T15:39:26.7368471Z test_relative_motion_and_off_course_obstacles (test_drone_data.DroneRuleTest) ... ok
2026-10-03T15:39:26.7395221Z test_stopping_distance_ttc_and_clearance_boundaries (test_drone_data.DroneRuleTest) ... ok
2026-10-03T15:39:26.7421703Z test_target_loss_needs_independent_unoccluded_evidence (test_drone_data.DroneRuleTest) ... ok
2026-10-03T15:39:26.8771123Z test_exact_requests_teacher_and_derivation_are_required (test_drone_service_eval.DroneServiceEvaluationTests) ... ok
2026-10-03T15:39:26.8791240Z test_forced_maneuver_is_separate_and_all_failures_stay_in_denominators (test_drone_service_eval.DroneServiceEvaluationTests) ... ok
2026-10-03T15:39:26.9343986Z test_interrupted_run_preserves_all_denominators_and_frozen_requests (test_drone_service_eval.DroneServiceEvaluationTests) ... ok
2026-10-03T15:39:26.9361842Z test_modal_ties_scalar_error_and_noul_threshold (test_drone_service_eval.DroneServiceEvaluationTests) ... ok
2026-10-03T15:39:26.9386676Z test_noul_has_one_scoring_sequence_and_artifact_identity_is_exact (test_drone_service_eval.DroneServiceEvaluationTests) ... ok
2026-10-03T15:39:27.0268185Z test_offline_transport_failures_identity_and_wire_evidence (test_drone_service_eval.DroneServiceEvaluationTests) ... ok
2026-10-03T15:39:27.0860509Z test_selection_is_label_independent_order_invariant_and_grouped (test_drone_service_eval.DroneServiceEvaluationTests) ... ok
2026-10-03T15:39:27.0960114Z test_strict_all_head_contracts_reject_malformed_fields (test_drone_service_eval.DroneServiceEvaluationTests) ... ok
2026-10-03T15:39:27.0966122Z test_independent_suite_is_deterministic_and_compiles_mixed_types (test_efficiency_metrics.EfficiencyMetricsTest) ... ok
2026-10-03T15:39:27.0968238Z test_interpolated_percentiles_and_throughput (test_efficiency_metrics.EfficiencyMetricsTest) ... ok
2026-10-03T15:39:27.6006016Z test_loopback_http_audits_real_transport_and_separates_scope (test_efficiency_metrics.EfficiencyMetricsTest) ... ok
2026-10-03T15:39:27.6011311Z test_missing_reordered_and_nonfinite_probabilities_fail (test_efficiency_metrics.EfficiencyMetricsTest) ... ok
2026-10-03T15:39:27.6012640Z test_noul_equal_boundary_uses_true_at_half (test_efficiency_metrics.EfficiencyMetricsTest) ... ok
2026-10-03T15:39:27.6014177Z test_official_noul_thresholds_point_two_and_point_eight_are_audited (test_efficiency_metrics.EfficiencyMetricsTest) ... ok
2026-10-03T15:39:27.6015735Z test_small_error_without_crossing_passes (test_efficiency_metrics.EfficiencyMetricsTest) ... ok
2026-10-03T15:39:27.6017066Z test_tiny_coverage_boundary_flip_is_reported (test_efficiency_metrics.EfficiencyMetricsTest) ... ok
2026-10-03T15:39:27.6018766Z test_tiny_probability_error_still_fails_decision_boundary (test_efficiency_metrics.EfficiencyMetricsTest) ... ok
2026-10-03T15:39:27.6020081Z test_usage_mismatch_fails_parity (test_efficiency_metrics.EfficiencyMetricsTest) ... ok
2026-10-03T15:39:27.6486930Z test_build_does_not_overwrite_existing_corpus (test_email_selection_control.EmailCorpusAuditTest) ... ok
2026-10-03T15:39:27.6692069Z test_candidate_copy_cannot_silently_lowercase_addresses (test_email_selection_control.EmailCorpusAuditTest) ... ok
2026-10-03T15:39:27.7816790Z test_groups_and_contact_identity_are_isolated (test_email_selection_control.EmailCorpusAuditTest) ... ok
2026-10-03T15:39:27.8091580Z test_hidden_reference_and_ids_do_not_enter_prompts (test_email_selection_control.EmailCorpusAuditTest) ... ok
2026-10-03T15:39:27.8318734Z test_joint_reference_and_target_mutation_rejected (test_email_selection_control.EmailCorpusAuditTest) ... ok
2026-10-03T15:39:27.9257011Z test_original_counts_recall_omissions_and_deterministic_generation (test_email_selection_control.EmailCorpusAuditTest) ... ok
2026-10-03T15:39:28.0006675Z test_output_exclusive_creation_preserves_concurrent_file (test_email_selection_control.EmailCorpusAuditTest) ... ok
2026-10-03T15:39:28.0067316Z test_output_rejects_input_paths_aliases_existing_files_and_symlinks (test_email_selection_control.EmailCorpusAuditTest) ... ok
2026-10-03T15:39:28.0104762Z test_source_hash_binding_and_unsealed_bytes_are_checked (test_email_selection_control.EmailCorpusAuditTest) ... ok
2026-10-03T15:39:28.0350061Z test_visible_current_status_mutation_is_rejected_without_trusting_reference (test_email_selection_control.EmailCorpusAuditTest) ... ok
2026-10-03T15:39:28.0357455Z test_card_offsets_and_unicode_prefix_use_original_characters (test_email_selection_control.EmailRuntimeTest) ... ok
2026-10-03T15:39:28.0363546Z test_copy_preserves_case_and_can_copy_wrong_role_or_superseded_contacts (test_email_selection_control.EmailRuntimeTest) ... ok
2026-10-03T15:39:28.0371532Z test_current_superseded_order_and_query_blind_candidates (test_email_selection_control.EmailRuntimeTest) ... ok
2026-10-03T15:39:28.0375403Z test_duplicate_current_addresses_are_ambiguous_but_other_roles_are_not (test_email_selection_control.EmailRuntimeTest) ... ok
2026-10-03T15:39:28.0379471Z test_new_original_example_recompiles_and_keeps_copy_separate (test_email_selection_control.EmailRuntimeTest) ... ok
2026-10-03T15:39:28.0423356Z test_no_candidates_maximum_candidates_and_corrupted_cache (test_email_selection_control.EmailRuntimeTest) ... ok
2026-10-03T15:39:28.0429937Z test_quoted_unicode_local_and_unicode_domain_remain_present_but_unrecalled (test_email_selection_control.EmailRuntimeTest) ... ok
2026-10-03T15:39:28.0435114Z test_superseded_only_missing_and_unrecorded_do_not_establish_current_presence (test_email_selection_control.EmailRuntimeTest) ... ok
2026-10-03T15:39:28.0442079Z test_unknown_recognized_status_rejected_in_both_layouts (test_email_selection_control.EmailRuntimeTest) ... ok
2026-10-03T15:39:28.2383195Z test_aliases_cannot_leak_between_families (test_entity_alignment_control.EntityCorpusAuditTest) ... ok
2026-10-03T15:39:28.2647232Z test_auxiliary_labels_and_ids_are_not_model_inputs (test_entity_alignment_control.EntityCorpusAuditTest) ... ok
2026-10-03T15:39:28.2672676Z test_build_refuses_to_overwrite_existing_data (test_entity_alignment_control.EntityCorpusAuditTest) ... ok
2026-10-03T15:39:28.3742284Z test_family_spec_is_auxiliary_and_not_an_oracle (test_entity_alignment_control.EntityCorpusAuditTest) ... ok
2026-10-03T15:39:28.5397700Z test_identifiers_cannot_leak_between_families (test_entity_alignment_control.EntityCorpusAuditTest) ... ok
2026-10-03T15:39:28.6282162Z test_joint_wrong_reference_and_target_mutation_is_rejected (test_entity_alignment_control.EntityCorpusAuditTest) ... ok
2026-10-03T15:39:28.8273782Z test_original_dataset_audits_and_generation_is_deterministic (test_entity_alignment_control.EntityCorpusAuditTest) ... ok
2026-10-03T15:39:28.8338844Z test_output_cannot_target_input_manifest_jsonl_or_directory_symlink (test_entity_alignment_control.EntityCorpusAuditTest) ... ok
2026-10-03T15:39:29.0989525Z test_output_exclusive_creation_preserves_a_concurrently_arriving_file (test_entity_alignment_control.EntityCorpusAuditTest) ... ok
2026-10-03T15:39:29.1035045Z test_output_refuses_existing_files_and_normal_or_dangling_symlinks (test_entity_alignment_control.EntityCorpusAuditTest) ... ok
2026-10-03T15:39:29.1828706Z test_pairs_and_all_heads_remain_in_the_family_split (test_entity_alignment_control.EntityCorpusAuditTest) ... ok
2026-10-03T15:39:29.1908420Z test_runtime_source_hash_binding_and_unsealed_bytes_are_checked (test_entity_alignment_control.EntityCorpusAuditTest) ... ok
2026-10-03T15:39:29.2792406Z test_visible_input_change_is_detected_with_unchanged_family_spec (test_entity_alignment_control.EntityCorpusAuditTest) ... ok
2026-10-03T15:39:29.2841095Z test_all_fields_agreement_conflict_and_missing_under_both_wordings (test_entity_alignment_control.EntityVisibleSemanticsTest) ... ok
2026-10-03T15:39:29.2847809Z test_equal_unlisted_text_does_not_establish_agreement (test_entity_alignment_control.EntityVisibleSemanticsTest) ... ok
2026-10-03T15:39:29.2860239Z test_exact_units_long_decimals_and_visible_custom_factors (test_entity_alignment_control.EntityVisibleSemanticsTest) ... ok
2026-10-03T15:39:29.2870634Z test_forged_capacity_evidence_unsupported_policy_and_ambiguous_alias_fail (test_entity_alignment_control.EntityVisibleSemanticsTest) ... ok
2026-10-03T15:39:29.2885855Z test_identifier_precedence_and_different_namespaces (test_entity_alignment_control.EntityVisibleSemanticsTest) ... ok
2026-10-03T15:39:29.2901101Z test_identifiers_trim_outer_whitespace_but_preserve_case_and_internal_text (test_entity_alignment_control.EntityVisibleSemanticsTest) ... ok
2026-10-03T15:39:29.2928278Z test_invalid_capacity_is_unknown_instead_of_equal_or_conflicting (test_entity_alignment_control.EntityVisibleSemanticsTest) ... ok
2026-10-03T15:39:29.2945280Z test_mixed_unicode_digits_are_unknown_capacity_even_with_matching_identifiers (test_entity_alignment_control.EntityVisibleSemanticsTest) ... ok
2026-10-03T15:39:29.2948791Z test_new_original_example_recompiles_to_four_heads (test_entity_alignment_control.EntityVisibleSemanticsTest) ... ok
2026-10-03T15:39:29.2958367Z test_same_identifier_permits_same_with_missing_fields (test_entity_alignment_control.EntityVisibleSemanticsTest) ... ok
2026-10-03T15:39:29.2959981Z test_all_300_published_request_hashes_and_reference_statistics_reproduce (test_eval_frontier.FrontierFrozenSourceTests) ... skipped 'requires external pinned JF100 checkout'
2026-10-03T15:39:29.2990844Z test_audit_requires_all_trials_correct_rotated_gold_and_request_identity (test_eval_frontier.FrontierProtocolTests) ... ok
2026-10-03T15:39:29.3002138Z test_checksum_or_source_commit_change_is_rejected_before_loading_items (test_eval_frontier.FrontierProtocolTests) ... ok
2026-10-03T15:39:29.3005407Z test_native_choice_rotation_preserves_meaning_and_remaps_gold (test_eval_frontier.FrontierProtocolTests) ... ok
2026-10-03T15:39:29.3007533Z test_native_probability_validation_catches_invalid_answers_without_retry (test_eval_frontier.FrontierProtocolTests) ... ok
2026-10-03T15:39:29.3009842Z test_request_builder_never_reads_gold_rationale_or_other_hidden_metadata (test_eval_frontier.FrontierProtocolTests) ... ok
2026-10-03T15:39:29.3011513Z test_request_hash_matches_upstream_json_normalization (test_eval_frontier.FrontierProtocolTests) ... ok
2026-10-03T15:39:29.3081144Z test_statistics_keep_template_pairs_and_score_service_failures_zero (test_eval_frontier.FrontierProtocolTests) ... ok
2026-10-03T15:39:29.3128582Z test_audit_checks_bytes_and_counts_for_each_manifest_layout (test_eval_separation.EvaluationSeparationTests) ... ok
2026-10-03T15:39:29.3130657Z test_exact_match_ignores_option_rotation_and_standard_list_labels (test_eval_separation.EvaluationSeparationTests) ... ok
2026-10-03T15:39:29.3132725Z test_manifest_layouts_preserve_identical_frozen_hashes_and_counts (test_eval_separation.EvaluationSeparationTests) ... ok
2026-10-03T15:39:29.3136624Z test_manifest_rejects_missing_and_contradictory_definitions (test_eval_separation.EvaluationSeparationTests) ... ok
2026-10-03T15:39:29.3138981Z test_matcher_uses_only_visible_fields_and_catches_embedded_state (test_eval_separation.EvaluationSeparationTests) ... ok
2026-10-03T15:39:29.3140582Z test_semantic_or_partial_option_prefixes_are_not_stripped (test_eval_separation.EvaluationSeparationTests) ... ok
2026-10-03T15:39:29.3142041Z test_short_state_is_excluded_only_from_substrings_and_boundaries_hold (test_eval_separation.EvaluationSeparationTests) ... ok
2026-10-03T15:39:29.3143550Z test_structured_state_keys_normalize_without_erasing_values_or_case (test_eval_separation.EvaluationSeparationTests) ... ok
2026-10-03T15:39:29.3161988Z test_absent_evidence_writes_failed_report_and_preserves_existing_output (test_expansion_data_audit.Entrypoints) ... ok
2026-10-03T15:39:29.3178587Z test_archive_traversal_and_duplicate_members_rejected (test_expansion_data_audit.Entrypoints) ... ok
2026-10-03T15:39:29.3182221Z test_fixed_contract_matches_preflight_metadata (test_expansion_data_audit.Entrypoints) ... ok
2026-10-03T15:39:29.3184046Z test_full_size_assignment_counts_without_reading_dataset_rows (test_expansion_data_audit.Entrypoints) ... ok
2026-10-03T15:39:29.3191723Z test_modified_pinned_producer_archive_is_rejected (test_expansion_data_audit.Entrypoints) ... ok
2026-10-03T15:39:29.3198315Z test_not_ready_capture_does_not_copy_or_create_output (test_expansion_data_audit.Entrypoints) ... ok
2026-10-03T15:39:29.4025706Z test_pinned_producer_schemas_and_source_bytes (test_expansion_data_audit.Entrypoints) ... ok
2026-10-03T15:39:29.4049552Z test_probe_missing_final_artifacts_returns_not_ready_without_subprocess (test_expansion_data_audit.Entrypoints) ... ok
2026-10-03T15:39:29.4351909Z test_changed_calibration_rejected_after_rehash (test_expansion_data_audit.SyntheticEvidence) ... ok
2026-10-03T15:39:29.4721925Z test_complete_synthetic_capture (test_expansion_data_audit.SyntheticEvidence) ... ok
2026-10-03T15:39:29.5551387Z test_failed_duplicate_wrong_probability_or_missing_prediction_rejected (test_expansion_data_audit.SyntheticEvidence) ... ok
2026-10-03T15:39:29.5720442Z test_global_partition_continues_across_split_boundary (test_expansion_data_audit.SyntheticEvidence) ... ok
2026-10-03T15:39:29.6017534Z test_package_payload_mismatch_even_with_updated_manifest (test_expansion_data_audit.SyntheticEvidence) ... ok
2026-10-03T15:39:29.6845726Z test_partial_training_or_wrong_revision_rejected_after_rehash (test_expansion_data_audit.SyntheticEvidence) ... ok
2026-10-03T15:39:29.7082487Z test_source_bytes_or_before_after_change_rejected (test_expansion_data_audit.SyntheticEvidence) ... ok
2026-10-03T15:39:29.7466653Z test_summary_metric_mutation_rejected_after_rehash (test_expansion_data_audit.SyntheticEvidence) ... ok
2026-10-03T15:39:29.7736197Z test_symlinked_package_payload_rejected (test_expansion_data_audit.SyntheticEvidence) ... ok
2026-10-03T15:39:29.8225223Z test_wrong_profile_or_controller_cleanup_rejected (test_expansion_data_audit.SyntheticEvidence) ... ok
2026-10-03T15:39:29.8227064Z test_all_profile_widths_and_residual_are_close (test_fast_backend.CudaTailTest) ... skipped 'requires CUDA and Triton'
2026-10-03T15:39:29.8229186Z test_out_of_range_cuda_indices_cannot_read_memory (test_fast_backend.CudaTailTest) ... skipped 'requires CUDA and Triton'
2026-10-03T15:39:29.8230874Z test_copied_source_projections_are_released_and_output_alias_survives (test_fast_backend.OwnershipAndReferenceTest) ... skipped 'requires torch'
2026-10-03T15:39:29.8232557Z test_invalid_indices_and_residual_shape_fail (test_fast_backend.OwnershipAndReferenceTest) ... skipped 'requires torch'
2026-10-03T15:39:29.8234055Z test_reference_matches_full_dense_qwen_norm_then_head (test_fast_backend.OwnershipAndReferenceTest) ... skipped 'requires torch'
2026-10-03T15:39:29.8235579Z test_reference_zero_rows_and_multiplier_convention (test_fast_backend.OwnershipAndReferenceTest) ... skipped 'requires torch'
2026-10-03T15:39:29.8236604Z test_all_three_profiles_are_explicit_for_tail (test_fast_backend.ProfileTest) ... ok
2026-10-03T15:39:29.8237207Z test_config_and_layer_layout_mismatches_fail (test_fast_backend.ProfileTest) ... ok
2026-10-03T15:39:29.8237957Z test_license_and_pinned_source_are_retained (test_fast_backend.ProfileTest) ... ok
2026-10-03T15:39:29.8245121Z test_packed_rows_shares_root_and_question_prefixes (test_fast_backend.ProfileTest) ... ok
2026-10-03T15:39:29.8246259Z test_unrecognized_model_and_backend_do_not_fallback (test_fast_backend.ProfileTest) ... ok
2026-10-03T15:39:29.8247407Z test_unvalidated_smaller_tree_profiles_fail_explicitly (test_fast_backend.ProfileTest) ... ok
2026-10-03T15:39:29.8263351Z test_bad_reload_or_calibration_provenance_rejected (test_four_gpu_handoff.HandoffTests) ... ok
2026-10-03T15:39:29.8293011Z test_changed_frozen_inputs_after_wait_prevent_retirement (test_four_gpu_handoff.HandoffTests) ... ok
2026-10-03T15:39:29.8333684Z test_evaluation_failure_prevents_training (test_four_gpu_handoff.HandoffTests) ... ok
2026-10-03T15:39:29.8339229Z test_foreign_gpu_process_blocks_retirement (test_four_gpu_handoff.HandoffTests) ... ok
2026-10-03T15:39:29.8348555Z test_last_optimizer_step_is_not_completion (test_four_gpu_handoff.HandoffTests) ... ok
2026-10-03T15:39:29.8354104Z test_pid_reuse_never_permits_signal (test_four_gpu_handoff.HandoffTests) ... ok
2026-10-03T15:39:30.2108685Z test_real_termination_reaps_owned_child (test_four_gpu_handoff.HandoffTests) ... ok
2026-10-03T15:39:30.2127800Z test_recording_failure_reaps_already_started_child (test_four_gpu_handoff.HandoffTests) ... ok
2026-10-03T15:39:30.2129368Z test_signals_enter_cleanup_path (test_four_gpu_handoff.HandoffTests) ... ok
2026-10-03T15:39:30.2136982Z test_snapshot_failure_precedes_pidfd_and_signal (test_four_gpu_handoff.HandoffTests) ... ok
2026-10-03T15:39:30.2144189Z test_wrong_model_or_noop_phase_commands_are_rejected (test_four_gpu_handoff.HandoffTests) ... ok
2026-10-03T15:39:30.2148958Z test_zero_exit_does_not_replace_completed_eval_manifest (test_four_gpu_handoff.HandoffTests) ... ok
2026-10-03T15:39:30.2496189Z test_freeze_refuses_overwrite_and_aggregate_preserves_development_scope (test_frontier_controls_v4.FrontierControlsV4Test) ... ok
2026-10-03T15:39:30.2916696Z test_frozen_groups_and_executable_oracle (test_frontier_controls_v4.FrontierControlsV4Test) ... ok
2026-10-03T15:39:30.2918069Z test_identity_and_latest_direct_authorization (test_frontier_controls_v4.FrontierControlsV4Test) ... ok
2026-10-03T15:39:30.3108341Z test_oracle_rejects_corrupted_target (test_frontier_controls_v4.FrontierControlsV4Test) ... ok
2026-10-03T15:39:30.8447340Z test_declared_disposition_schedule_is_equal_for_every_scaffold (test_frontier_controls_v8.FrontierV8Tests) ... ok
2026-10-03T15:39:31.6649690Z test_deterministic_counts_and_schema (test_frontier_controls_v8.FrontierV8Tests) ... ok
2026-10-03T15:39:31.6764769Z test_every_essential_component_can_change_an_outcome (test_frontier_controls_v8.FrontierV8Tests) ... ok
2026-10-03T15:39:31.6770936Z test_existing_output_rejected_without_mutation (test_frontier_controls_v8.FrontierV8Tests) ... ok
2026-10-03T15:39:31.7136126Z test_four_presentations_no_truth_layout_shortcut (test_frontier_controls_v8.FrontierV8Tests) ... ok
2026-10-03T15:39:32.4726295Z test_generation_reads_no_data_or_models_and_opaque_ids (test_frontier_controls_v8.FrontierV8Tests) ... ok
2026-10-03T15:39:32.4772028Z test_no_neutral_ledger_padding_and_positions_balanced (test_frontier_controls_v8.FrontierV8Tests) ... ok
2026-10-03T15:39:32.4776012Z test_account_membership_permutation_and_irrelevant_events (test_frontier_isolation_v8.FrontierIsolationTests) ... ok
2026-10-03T15:39:32.4786201Z test_actual_parent_cannot_cross_splits_and_unknown_noul_is_not_guessed (test_frontier_isolation_v8.FrontierIsolationTests) ... ok
2026-10-03T15:39:32.4790276Z test_clock_representation_normalizes_absolute_instants (test_frontier_isolation_v8.FrontierIsolationTests) ... ok
2026-10-03T15:39:32.4793582Z test_compiled_rotations_and_metadata_cannot_disguise_input (test_frontier_isolation_v8.FrontierIsolationTests) ... ok
2026-10-03T15:39:32.4802131Z test_dynamic_topic_mapping_renaming_and_permutation_preserve_edges (test_frontier_isolation_v8.FrontierIsolationTests) ... ok
2026-10-03T15:39:32.4812313Z test_full_menu_numeric_and_time_origin_clones_are_blocked (test_frontier_isolation_v8.FrontierIsolationTests) ... ok
2026-10-03T15:39:32.4814571Z test_ignored_corrections_cannot_supply_temporal_width (test_frontier_isolation_v8.FrontierIsolationTests) ... ok
2026-10-03T15:39:32.4819437Z test_multi_entry_neutral_padding_is_blocked_but_whole_zero_balance_is_valid (test_frontier_isolation_v8.FrontierIsolationTests) ... ok
2026-10-03T15:39:32.4823687Z test_observed_overlap_exposes_only_opaque_fingerprints (test_frontier_isolation_v8.FrontierIsolationTests) ... ok
2026-10-03T15:39:32.4833381Z test_repeated_rotations_and_noop_padding_do_not_make_new_parent (test_frontier_isolation_v8.FrontierIsolationTests) ... ok
2026-10-03T15:39:32.4839529Z test_required_role_line_and_item_permutations_keep_causal_membership (test_frontier_isolation_v8.FrontierIsolationTests) ... ok
2026-10-03T15:39:32.4847094Z test_shared_numeric_atom_with_different_parent_menu_is_disclosed (test_frontier_isolation_v8.FrontierIsolationTests) ... ok
2026-10-03T15:39:32.4860334Z test_wording_identity_record_order_and_visible_noul_are_normalized (test_frontier_isolation_v8.FrontierIsolationTests) ... ok
2026-10-03T15:39:32.4864454Z test_zero_operands_and_cancellation_pairs_cannot_inflate_v8_width (test_frontier_isolation_v8.FrontierIsolationTests) ... ok
2026-10-03T15:39:37.3134010Z test_exclusive_replay_receipt_with_explicitly_mocked_provenance (test_frontier_v8_comparison_replay_integration.ComparatorReplayIntegrationTests) ... ok
2026-10-03T15:39:40.5239703Z test_independent_replay_matches_all_metrics_gates_pairs_and_efficiency (test_frontier_v8_comparison_replay_integration.ComparatorReplayIntegrationTests) ... ok
2026-10-03T15:39:49.8329657Z test_replay_rejects_rehashed_events_runtime_and_scientific_summary (test_frontier_v8_comparison_replay_integration.ComparatorReplayIntegrationTests) ... ok
2026-10-03T15:39:49.9104390Z test_replay_rejects_unbound_journal_sha_and_prediction_order (test_frontier_v8_comparison_replay_integration.ComparatorReplayIntegrationTests) ... ok
2026-10-03T15:39:50.0489202Z test_real_fresh_worker_checks_pidfds_but_receipt_never_grants_gpu_authority (test_frontier_v8_live_host.LiveHostLinuxTests) ... ok
2026-10-03T15:39:50.0558022Z test_acquisition_race_fails_after_pidfds_without_issuing_authority (test_frontier_v8_live_host.LiveHostUnitTests) ... ok
2026-10-03T15:39:50.0600292Z test_alias_ip_and_hostname_are_checked_before_gpu_or_lease (test_frontier_v8_live_host.LiveHostUnitTests) ... ok
2026-10-03T15:39:50.0687025Z test_bound_guard_nonce_birth_and_ancestry_are_rechecked (test_frontier_v8_live_host.LiveHostUnitTests) ... ok
2026-10-03T15:39:50.0745861Z test_bound_loader_source_executes_instead_of_forged_timestamp_pyc (test_frontier_v8_live_host.LiveHostUnitTests) ... ok
2026-10-03T15:39:50.0850870Z test_closed_descriptor_is_detected_and_close_preserves_reservation (test_frontier_v8_live_host.LiveHostUnitTests) ... ok
2026-10-03T15:39:50.0933485Z test_controller_birth_uid_boot_or_bound_exit_invalidates_owner (test_frontier_v8_live_host.LiveHostUnitTests) ... ok
2026-10-03T15:39:50.0981728Z test_current_guard_identity_nonce_and_direct_fresh_session_are_required (test_frontier_v8_live_host.LiveHostUnitTests) ... ok
2026-10-03T15:39:50.1039046Z test_deadline_precedes_process_gpu_reads_and_delayed_probe_is_rechecked (test_frontier_v8_live_host.LiveHostUnitTests) ... ok
2026-10-03T15:39:50.1138876Z test_host_loss_and_new_selected_compute_invalidate_existing_owner (test_frontier_v8_live_host.LiveHostUnitTests) ... ok
2026-10-03T15:39:50.1224363Z test_owned_deadline_expiry_stops_before_fresh_probe_and_clock_errors_stay_distinct (test_frontier_v8_live_host.LiveHostUnitTests) ... ok
2026-10-03T15:39:50.1324552Z test_positive_fixture_is_immutable_check_only_and_cannot_be_promoted (test_frontier_v8_live_host.LiveHostUnitTests) ... ok
2026-10-03T15:39:50.1409149Z test_private_lease_flock_inode_and_exact_marker_bytes_are_required (test_frontier_v8_live_host.LiveHostUnitTests) ... ok
2026-10-03T15:39:50.1435305Z test_production_cli_and_unissued_owner_remain_closed (test_frontier_v8_live_host.LiveHostUnitTests) ... ok
2026-10-03T15:39:50.1554979Z test_protected_compute_birth_and_command_bytes_are_bound (test_frontier_v8_live_host.LiveHostUnitTests) ... ok
2026-10-03T15:39:50.1674494Z test_protected_unknown_non_h100_and_occupied_selected_gpus_are_refused (test_frontier_v8_live_host.LiveHostUnitTests) ... ok
2026-10-03T15:39:50.1721821Z test_public_lease_permissions_are_refused_before_marker (test_frontier_v8_live_host.LiveHostUnitTests) ... ok
2026-10-03T15:39:50.1753659Z test_real_host_reader_uses_hostname_and_only_local_fib_addresses (test_frontier_v8_live_host.LiveHostUnitTests) ... ok
2026-10-03T15:39:50.1949005Z test_selected_and_protected_uuid_mutation_invalidates_existing_owner (test_frontier_v8_live_host.LiveHostUnitTests) ... ok
2026-10-03T15:39:50.2034460Z test_selected_gpu_requires_idle_memory_and_utilization_measurements (test_frontier_v8_live_host.LiveHostUnitTests) ... ok
2026-10-03T15:39:50.2090415Z test_source_hash_mismatch_and_source_overlapping_lease_fail_before_reservation (test_frontier_v8_live_host.LiveHostUnitTests) ... ok
2026-10-03T15:39:50.2214144Z test_source_receipt_dependency_and_stage_mutations_are_refused (test_frontier_v8_live_host.LiveHostUnitTests) ... ok
2026-10-03T15:39:50.2243404Z test_strict_spec_rejects_borrowed_routes_and_unbounded_or_untyped_values (test_frontier_v8_live_host.LiveHostUnitTests) ... ok
2026-10-03T15:39:50.2339652Z test_wrong_stage_attempt_source_and_cuda_flag_are_refused_even_when_rehashed (test_frontier_v8_live_host.LiveHostUnitTests) ... ok
2026-10-03T15:39:50.5871488Z test_cached_scientific_dependencies_from_another_root_reject (test_frontier_v8_native_model.NativeModelTests) ... ok
2026-10-03T15:39:50.6564836Z test_checkpoint_fullhash_tampering_precedes_dependencies (test_frontier_v8_native_model.NativeModelTests) ... ok
2026-10-03T15:39:50.7245776Z test_dtype_quantization_env_is_scrubbed_and_restored (test_frontier_v8_native_model.NativeModelTests) ... ok
2026-10-03T15:39:50.8099458Z test_exact_runtime_row_scope_original_flags_and_cleanup (test_frontier_v8_native_model.NativeModelTests) ... ok
2026-10-03T15:39:51.0794728Z test_four_contexts_are_fresh_and_no_extra_forward (test_frontier_v8_native_model.NativeModelTests) ... ok
2026-10-03T15:39:51.1475041Z test_import_is_lazy_and_owner_failure_precedes_dependencies (test_frontier_v8_native_model.NativeModelTests) ... ok
2026-10-03T15:39:51.1624111Z test_incomplete_training_or_changed_settings_do_not_report_success (test_frontier_v8_native_model.NativeModelTests) ... ok
2026-10-03T15:39:51.9219731Z test_none_trainable_gradient_is_reported_without_imputation (test_frontier_v8_native_model.NativeModelTests) ... ok
2026-10-03T15:39:51.9524840Z test_nonfinite_zero_group_or_base_grad_fails_before_original_step_and_restores (test_frontier_v8_native_model.NativeModelTests) ... ok
2026-10-03T15:39:52.8019992Z test_observer_does_not_keep_model_alive_across_original_checkpoint_reload (test_frontier_v8_native_model.NativeModelTests) ... ok
2026-10-03T15:39:52.8739750Z test_owner_loss_before_row_and_exception_cleanup (test_frontier_v8_native_model.NativeModelTests) ... ok
2026-10-03T15:39:53.1409736Z test_physical_uuid_or_multiple_visible_devices_fail_before_load (test_frontier_v8_native_model.NativeModelTests) ... ok
2026-10-03T15:39:53.2244525Z test_saved_trainable_dtype_cannot_round_into_exact_identity (test_frontier_v8_native_model.NativeModelTests) ... ok
2026-10-03T15:39:53.3594111Z test_source_and_import_location_fail_closed (test_frontier_v8_native_model.NativeModelTests) ... ok
2026-10-03T15:39:53.6829527Z test_tensor_value_missing_key_dtype_and_merged_adapter_reject (test_frontier_v8_native_model.NativeModelTests) ... ok
2026-10-03T15:39:54.4565978Z test_training_original_adamw_first_accumulated_step_zero_bias_and_restoration (test_frontier_v8_native_model.NativeModelTests) ... ok
2026-10-03T15:39:55.3213202Z test_actual_operational_graph_origins_real_functions_and_caller_restore (test_frontier_v8_operational_bridge.OperationalBridgeTests) ... ok
2026-10-03T15:39:56.0431824Z test_body_exception_import_failure_and_assertion_pollution_restore_state (test_frontier_v8_operational_bridge.OperationalBridgeTests) ... ok
2026-10-03T15:39:56.4450111Z test_bootstrap_source_loader_hash_and_bridge_origin_checked (test_frontier_v8_operational_bridge.OperationalBridgeTests) ... ok
2026-10-03T15:39:57.3101365Z test_cli_cpu_import_scope_and_production_refusal_before_context_read (test_frontier_v8_operational_bridge.OperationalBridgeTests) ... ok
2026-10-03T15:39:57.4182248Z test_cpu_assertion_required_cannot_use_boolean_receipt (test_frontier_v8_operational_bridge.OperationalBridgeTests) ... ok
2026-10-03T15:39:58.2847296Z test_exact_entry_negative_cache_retained_and_foreign_or_positive_entries_refused (test_frontier_v8_operational_bridge.OperationalBridgeTests) ... ok
2026-10-03T15:39:58.3936867Z test_foreign_meta_path_hook_and_cache_contamination_rejected (test_frontier_v8_operational_bridge.OperationalBridgeTests) ... ok
2026-10-03T15:39:59.2681257Z test_foreign_path_rejected_and_hostile_cwd_pythonpath_ignored (test_frontier_v8_operational_bridge.OperationalBridgeTests) ... ok
2026-10-03T15:39:59.5067183Z test_forged_timestamp_bytecode_is_rejected_without_executing (test_frontier_v8_operational_bridge.OperationalBridgeTests) ... ok
2026-10-03T15:40:00.4186957Z test_genuine_file_cli_imports_captured_cpu_helpers_without_execution (test_frontier_v8_operational_bridge.OperationalBridgeTests) ... ok
2026-10-03T15:40:01.2859997Z test_lazy_restoration_and_optional_model_imports_remain_undeclared (test_frontier_v8_operational_bridge.OperationalBridgeTests) ... ok
2026-10-03T15:40:01.4130911Z test_legitimate_preloaded_and_forged_scripts_modules_rejected (test_frontier_v8_operational_bridge.OperationalBridgeTests) ... ok
2026-10-03T15:40:03.8404001Z test_org_probe_hook_instance_method_code_defaults_and_finder_binding_mutations_refused (test_frontier_v8_operational_bridge.OperationalBridgeTests) ... ok
2026-10-03T15:40:06.5646539Z test_ownership_loss_before_during_after_import_and_callback_restores_state (test_frontier_v8_operational_bridge.OperationalBridgeTests) ... ok
2026-10-03T15:40:06.6715001Z test_preloaded_org_package_and_submodule_aliases_are_refused (test_frontier_v8_operational_bridge.OperationalBridgeTests) ... ok
2026-10-03T15:40:07.2518007Z test_private_verifier_substitution_rejected_before_fresh_capture (test_frontier_v8_operational_bridge.OperationalBridgeTests) ... ok
2026-10-03T15:40:10.1394490Z test_scope_container_cache_and_captured_loader_mutations_rejected (test_frontier_v8_operational_bridge.OperationalBridgeTests) ... ok
2026-10-03T15:40:13.4776154Z test_scope_rejects_module_function_and_class_method_replacement (test_frontier_v8_operational_bridge.OperationalBridgeTests) ... ok
2026-10-03T15:40:14.6121780Z test_sources_changed_inside_scope_and_during_import_rejected (test_frontier_v8_operational_bridge.OperationalBridgeTests) ... ok
2026-10-03T15:40:15.4871400Z test_stdlib_org_absence_probe_never_falls_through_to_positive_import (test_frontier_v8_operational_bridge.OperationalBridgeTests) ... ok
2026-10-03T15:40:15.7325551Z test_wrong_commit_and_dirty_helper_rejected (test_frontier_v8_operational_bridge.OperationalBridgeTests) ... ok
2026-10-03T15:40:15.7327578Z test_ancestry_excludes_unrelated_even_same_session_and_nonce (test_frontier_v8_owned_process.OwnedProcessFixtureTests) ... ok
2026-10-03T15:40:15.7361860Z test_atomic_link_publishes_complete_flushed_json_only (test_frontier_v8_owned_process.OwnedProcessFixtureTests) ... ok
2026-10-03T15:40:15.7367497Z test_birth_uid_and_initial_session_mismatch_fail_closed (test_frontier_v8_owned_process.OwnedProcessFixtureTests) ... ok
2026-10-03T15:40:15.7395785Z test_boot_and_truncated_stat_are_rejected (test_frontier_v8_owned_process.OwnedProcessFixtureTests) ... ok
2026-10-03T15:40:15.7413527Z test_child_born_during_cleanup_is_included_and_pidfds_prove_exit (test_frontier_v8_owned_process.OwnedProcessFixtureTests) ... ok
2026-10-03T15:40:15.7625088Z test_cleanup_never_claims_success_with_live_pidfd (test_frontier_v8_owned_process.OwnedProcessFixtureTests) ... ok
2026-10-03T15:40:15.7634702Z test_cpu_environment_discards_inherited_loader_credentials_and_devices (test_frontier_v8_owned_process.OwnedProcessFixtureTests) ... ok
2026-10-03T15:40:15.7674868Z test_dead_controller_never_starts_worker (test_frontier_v8_owned_process.OwnedProcessFixtureTests) ... ok
2026-10-03T15:40:15.7685951Z test_exclusive_json_preserves_existing_final_bytes (test_frontier_v8_owned_process.OwnedProcessFixtureTests) ... ok
2026-10-03T15:40:15.7704349Z test_existing_attempt_and_symlink_parent_are_refused (test_frontier_v8_owned_process.OwnedProcessFixtureTests) ... ok
2026-10-03T15:40:15.7753139Z test_guard_signal_during_worker_popen_cleans_registered_child (test_frontier_v8_owned_process.OwnedProcessFixtureTests) ... ok
2026-10-03T15:40:15.7797058Z test_independent_watchdog_binds_controller_loss_and_quiesces_worker (test_frontier_v8_owned_process.OwnedProcessFixtureTests) ... ok
2026-10-03T15:40:15.7805296Z test_interrupted_json_write_never_exposes_final_receipt (test_frontier_v8_owned_process.OwnedProcessFixtureTests) ... ok
2026-10-03T15:40:15.7818124Z test_invalid_bounds_shell_or_reused_directory_do_not_spawn (test_frontier_v8_owned_process.OwnedProcessFixtureTests) ... ok
2026-10-03T15:40:15.7856595Z test_missing_guard_receipt_cannot_claim_process_proof (test_frontier_v8_owned_process.OwnedProcessFixtureTests) ... ok
2026-10-03T15:40:15.7859326Z test_nonce_mismatch_does_not_confer_success_or_capture_unrelated (test_frontier_v8_owned_process.OwnedProcessFixtureTests) ... ok
2026-10-03T15:40:15.7860663Z test_orphan_adopted_by_subreaper_remains_owned (test_frontier_v8_owned_process.OwnedProcessFixtureTests) ... ok
2026-10-03T15:40:15.7865364Z test_pidfd_exit_is_observed_before_final_empty_child_proof (test_frontier_v8_owned_process.OwnedProcessFixtureTests) ... ok
2026-10-03T15:40:15.7895697Z test_pidfd_open_sandwich_refuses_reuse_boot_or_uid_change (test_frontier_v8_owned_process.OwnedProcessFixtureTests) ... ok
2026-10-03T15:40:15.7915346Z test_pidfd_signals_have_no_numeric_pid_fallback (test_frontier_v8_owned_process.OwnedProcessFixtureTests) ... ok
2026-10-03T15:40:15.7936495Z test_proc_stat_parentheses_and_uid_are_bound (test_frontier_v8_owned_process.OwnedProcessFixtureTests) ... ok
2026-10-03T15:40:15.7939013Z test_reused_pid_is_refused_before_signal (test_frontier_v8_owned_process.OwnedProcessFixtureTests) ... ok
2026-10-03T15:40:15.7982265Z test_signal_during_guard_popen_defers_cancel_and_never_arms_worker (test_frontier_v8_owned_process.OwnedProcessFixtureTests) ... ok
2026-10-03T15:40:15.7987632Z test_unavailable_kernel_creates_no_attempt_or_process (test_frontier_v8_owned_process.OwnedProcessFixtureTests) ... ok
2026-10-03T15:40:15.9439862Z test_live_controller_sigkill_leaves_independent_quiescence_receipt (test_frontier_v8_owned_process.OwnedProcessLinuxTests) ... ok
2026-10-03T15:40:16.2297290Z test_live_cpu_timeout (test_frontier_v8_owned_process.OwnedProcessLinuxTests) ... ok
2026-10-03T15:40:16.3036904Z test_live_cpu_worker_completion (test_frontier_v8_owned_process.OwnedProcessLinuxTests) ... ok
2026-10-03T15:40:16.4884525Z test_live_forked_escaped_session_is_contained (test_frontier_v8_owned_process.OwnedProcessLinuxTests) ... ok
2026-10-03T15:40:16.4907159Z test_directory_replaced_with_identical_named_bytes_is_refused (test_frontier_v8_resource_capture.ResourceCaptureTests) ... ok
2026-10-03T15:40:16.4924225Z test_directory_scan_error_is_not_silently_treated_as_empty (test_frontier_v8_resource_capture.ResourceCaptureTests) ... ok
2026-10-03T15:40:16.4935045Z test_excluded_node_and_stale_or_invalid_acquisition_refused (test_frontier_v8_resource_capture.ResourceCaptureTests) ... ok
2026-10-03T15:40:16.4954982Z test_execute_rejects_before_request_read (test_frontier_v8_resource_capture.ResourceCaptureTests) ... ok
2026-10-03T15:40:16.4983610Z test_low_util_compute_process_is_occupied (test_frontier_v8_resource_capture.ResourceCaptureTests) ... ok
2026-10-03T15:40:16.4994597Z test_missing_protected_card_or_duplicate_uuid_refused (test_frontier_v8_resource_capture.ResourceCaptureTests) ... ok
2026-10-03T15:40:16.5013429Z test_new_file_during_tree_hash_refused (test_frontier_v8_resource_capture.ResourceCaptureTests) ... ok
2026-10-03T15:40:16.5032014Z test_overlapping_roots_and_duplicate_paths_refused (test_frontier_v8_resource_capture.ResourceCaptureTests) ... ok
2026-10-03T15:40:16.5048093Z test_process_birth_race_refused (test_frontier_v8_resource_capture.ResourceCaptureTests) ... ok
2026-10-03T15:40:16.5060762Z test_progress_must_be_explicit_integer_not_boolean (test_frontier_v8_resource_capture.ResourceCaptureTests) ... ok
2026-10-03T15:40:16.5081585Z test_protected_state_change_refused (test_frontier_v8_resource_capture.ResourceCaptureTests) ... ok
2026-10-03T15:40:16.5099476Z test_second_observation_busy_is_not_free (test_frontier_v8_resource_capture.ResourceCaptureTests) ... ok
2026-10-03T15:40:16.5112667Z test_special_file_and_symlink_inventory_rejected (test_frontier_v8_resource_capture.ResourceCaptureTests) ... ok
2026-10-03T15:40:16.5148369Z test_tree_inventory_and_required_bytes_reread (test_frontier_v8_resource_capture.ResourceCaptureTests) ... ok
2026-10-03T15:40:16.5163608Z test_unknown_compute_pid_cannot_be_silently_ignored (test_frontier_v8_resource_capture.ResourceCaptureTests) ... ok
2026-10-03T15:40:16.5182144Z test_vacancy_requires_both_samples_but_grants_no_authority (test_frontier_v8_resource_capture.ResourceCaptureTests) ... ok
2026-10-03T15:40:17.0053459Z test_borrowed_catchable_interrupt_restores_same_process_tree (test_frontier_v8_resource_episode.ResourceEpisodeLinuxTests) ... ok
2026-10-03T15:40:17.4429881Z test_borrowed_controller_sigkill_restores_same_process_tree (test_frontier_v8_resource_episode.ResourceEpisodeLinuxTests) ... ok
2026-10-03T15:40:17.8193316Z test_borrowed_failed_gate_nonzero_resumes_all_originals (test_frontier_v8_resource_episode.ResourceEpisodeLinuxTests) ... ok
2026-10-03T15:40:18.1096635Z test_borrowed_hash_failure_keeps_reservations_after_resume (test_frontier_v8_resource_episode.ResourceEpisodeLinuxTests) ... ok
2026-10-03T15:40:18.2303179Z test_borrowed_original_nonce_mismatch_is_refused_before_launch (test_frontier_v8_resource_episode.ResourceEpisodeLinuxTests) ... ok
2026-10-03T15:40:18.7208363Z test_borrowed_originals_resume_same_birth_and_progress_without_restart (test_frontier_v8_resource_episode.ResourceEpisodeLinuxTests) ... ok
2026-10-03T15:40:19.0315220Z test_borrowed_ownership_loss_resumes_but_keeps_unproven_lease (test_frontier_v8_resource_episode.ResourceEpisodeLinuxTests) ... ok
2026-10-03T15:40:19.8007260Z test_borrowed_timeout_resumes_all_originals (test_frontier_v8_resource_episode.ResourceEpisodeLinuxTests) ... ok
2026-10-03T15:40:20.0075750Z test_controller_loss_guard_cleans_worker_and_writes_independent_receipt (test_frontier_v8_resource_episode.ResourceEpisodeLinuxTests) ... ok
2026-10-03T15:40:20.4172929Z test_escaped_new_descendant_is_cleaned_and_unrelated_fixture_survives (test_frontier_v8_resource_episode.ResourceEpisodeLinuxTests) ... ok
2026-10-03T15:40:20.4185250Z test_independent_spec_validation_happens_before_launch (test_frontier_v8_resource_episode.ResourceEpisodeLinuxTests) ... ok
2026-10-03T15:40:20.5844780Z test_lost_gpu_identity_never_releases_reservation (test_frontier_v8_resource_episode.ResourceEpisodeLinuxTests) ... ok
2026-10-03T15:40:20.8105407Z test_timeout_fails_closed_before_launch_or_proves_new_tree_quiescence (test_frontier_v8_resource_episode.ResourceEpisodeLinuxTests) ... ok
2026-10-03T15:40:20.9563410Z test_worker_failure_preserves_failure_and_restoration_evidence (test_frontier_v8_resource_episode.ResourceEpisodeLinuxTests) ... ok
2026-10-03T15:40:21.1823349Z test_worker_receives_real_owner_and_success_releases_lease (test_frontier_v8_resource_episode.ResourceEpisodeLinuxTests) ... ok
2026-10-03T15:40:21.1829045Z test_borrowed_scope_reserves_all_original_gpus (test_frontier_v8_resource_episode.ResourceEpisodeUnitTests) ... ok
2026-10-03T15:40:21.1974737Z test_delayed_restoration_evidence_publication_cannot_release_lease (test_frontier_v8_resource_episode.ResourceEpisodeUnitTests) ... ok
2026-10-03T15:40:21.1986007Z test_fake_manifest_without_inherited_owner_is_not_authority (test_frontier_v8_resource_episode.ResourceEpisodeUnitTests) ... ok
2026-10-03T15:40:21.1991227Z test_free_gpu_requires_idle_memory_measurement (test_frontier_v8_resource_episode.ResourceEpisodeUnitTests) ... ok
2026-10-03T15:40:21.1994635Z test_gpu0_and_gpu1_are_never_selected (test_frontier_v8_resource_episode.ResourceEpisodeUnitTests) ... ok
2026-10-03T15:40:21.2015395Z test_inode_replacement_and_unlocked_lease_are_detected (test_frontier_v8_resource_episode.ResourceEpisodeUnitTests) ... ok
2026-10-03T15:40:21.2033851Z test_live_gpu_reader_rejects_inventory_change_between_reads (test_frontier_v8_resource_episode.ResourceEpisodeUnitTests) ... ok
2026-10-03T15:40:21.2042478Z test_live_gpu_reader_uses_absolute_bounded_shell_free_queries (test_frontier_v8_resource_episode.ResourceEpisodeUnitTests) ... ok
2026-10-03T15:40:21.2052117Z test_live_probe_allows_protected_activity_but_requires_both_selected_idle_samples (test_frontier_v8_resource_episode.ResourceEpisodeUnitTests) ... ok
2026-10-03T15:40:21.2055332Z test_low_utilization_cannot_hide_compute (test_frontier_v8_resource_episode.ResourceEpisodeUnitTests) ... ok
2026-10-03T15:40:21.2080640Z test_originals_only_stop_cont_same_process_even_after_controller_loss (test_frontier_v8_resource_episode.ResourceEpisodeUnitTests) ... ok
2026-10-03T15:40:21.2144119Z test_originals_refuse_foreign_ancestry_nonce_and_birth (test_frontier_v8_resource_episode.ResourceEpisodeUnitTests) ... ok
2026-10-03T15:40:21.2146906Z test_owner_bindings_are_recursively_immutable (test_frontier_v8_resource_episode.ResourceEpisodeUnitTests) ... ok
2026-10-03T15:40:21.2148107Z test_owner_deadline_race_preserves_causal_failure_classification (test_frontier_v8_resource_episode.ResourceEpisodeUnitTests)
2026-10-03T15:40:21.3125559Z Real owner/lease reads; process and independent audit are CPU mocks. ... ok
2026-10-03T15:40:21.3208999Z test_owner_live_relationship_and_fresh_probe_are_rechecked (test_frontier_v8_resource_episode.ResourceEpisodeUnitTests) ... ok
2026-10-03T15:40:21.3217383Z test_production_cli_is_closed (test_frontier_v8_resource_episode.ResourceEpisodeUnitTests) ... ok
2026-10-03T15:40:21.3221507Z test_raw_gpu_inventory_refuses_duplicates_and_unknown_compute (test_frontier_v8_resource_episode.ResourceEpisodeUnitTests) ... ok
2026-10-03T15:40:21.3250624Z test_release_deadline_failure_keeps_every_marker (test_frontier_v8_resource_episode.ResourceEpisodeUnitTests) ... ok
2026-10-03T15:40:21.3287982Z test_same_inode_marker_rewrite_cannot_preserve_reservation_identity (test_frontier_v8_resource_episode.ResourceEpisodeUnitTests) ... ok
2026-10-03T15:40:21.3319407Z test_source_closure_requires_all_three_exact_regular_sources (test_frontier_v8_resource_episode.ResourceEpisodeUnitTests) ... ok
2026-10-03T15:40:21.3343450Z test_unproven_lease_survives_descriptor_close (test_frontier_v8_resource_episode.ResourceEpisodeUnitTests) ... ok
2026-10-03T15:40:21.3346340Z test_work_and_restoration_bounds_are_distinct (test_frontier_v8_resource_episode.ResourceEpisodeUnitTests) ... ok
2026-10-03T15:40:21.3395377Z test_baseline_missing_rank_and_nonloopback_endpoint_fail (test_frontier_v8_restoration_audit.RestorationAuditTests) ... ok
2026-10-03T15:40:21.3434882Z test_default_GPU_backend_uses_absolute_binary_and_scrubbed_environment (test_frontier_v8_restoration_audit.RestorationAuditTests) ... ok
2026-10-03T15:40:21.3621454Z test_dynamic_memory_utilization_does_not_change_protected_identity (test_frontier_v8_restoration_audit.RestorationAuditTests) ... ok
2026-10-03T15:40:21.3730310Z test_extra_unlisted_optimizer_leaf_fails_complete_inventory (test_frontier_v8_restoration_audit.RestorationAuditTests) ... ok
2026-10-03T15:40:21.3906695Z test_fresh_raw_CSV_query_is_independently_parsed (test_frontier_v8_restoration_audit.RestorationAuditTests) ... ok
2026-10-03T15:40:21.4016271Z test_http_503_response_is_actual_availability_failure (test_frontier_v8_restoration_audit.RestorationAuditTests) ... ok
2026-10-03T15:40:21.4137703Z test_known_owned_birth_cannot_escape_via_reparenting_and_setsid (test_frontier_v8_restoration_audit.RestorationAuditTests) ... ok
2026-10-03T15:40:21.4180738Z test_leaf_mutation_after_final_fd_stat_fails (test_frontier_v8_restoration_audit.RestorationAuditTests) ... ok
2026-10-03T15:40:21.4366041Z test_monotonic_time_reversal_invalidates_saved_observation (test_frontier_v8_restoration_audit.RestorationAuditTests) ... ok
2026-10-03T15:40:21.4414668Z test_no_borrow_can_hash_stage_inputs_without_queue_claim (test_frontier_v8_restoration_audit.RestorationAuditTests) ... ok
2026-10-03T15:40:21.4525184Z test_noninteger_progress_fails (test_frontier_v8_restoration_audit.RestorationAuditTests) ... ok
2026-10-03T15:40:21.4636863Z test_original_pid_reuse_fails (test_frontier_v8_restoration_audit.RestorationAuditTests) ... ok
2026-10-03T15:40:21.4859800Z test_original_reparent_after_bound_parent_exit_preserves_same_birth (test_frontier_v8_restoration_audit.RestorationAuditTests) ... ok
2026-10-03T15:40:21.5095815Z test_original_reparent_after_bound_parent_zombie_with_empty_cmdline (test_frontier_v8_restoration_audit.RestorationAuditTests) ... ok
2026-10-03T15:40:21.5283992Z test_original_reparent_requires_proof_bound_parent_exited (test_frontier_v8_restoration_audit.RestorationAuditTests) ... ok
2026-10-03T15:40:21.5463385Z test_original_stopped_and_missing_fail (test_frontier_v8_restoration_audit.RestorationAuditTests) ... ok
2026-10-03T15:40:21.5644043Z test_original_uid_and_boot_mismatch_fail (test_frontier_v8_restoration_audit.RestorationAuditTests) ... ok
2026-10-03T15:40:21.5686695Z test_oversized_deadline_and_claimed_optimizer_boundary_rejected_before_reads (test_frontier_v8_restoration_audit.RestorationAuditTests) ... ok
2026-10-03T15:40:21.5889603Z test_owned_worker_alive_and_unlisted_same_group_descendant_fail (test_frontier_v8_restoration_audit.RestorationAuditTests) ... ok
2026-10-03T15:40:21.5931188Z test_production_cli_refuses_before_any_paths_or_reads (test_frontier_v8_restoration_audit.RestorationAuditTests) ... ok
2026-10-03T15:40:21.6199747Z test_protected_compute_birth_and_command_independently_observed (test_frontier_v8_restoration_audit.RestorationAuditTests) ... ok
2026-10-03T15:40:21.6397428Z test_protected_gpu_metadata_and_process_changes_fail (test_frontier_v8_restoration_audit.RestorationAuditTests) ... ok
2026-10-03T15:40:21.6589304Z test_raw_fulltree_same_process_http_and_progress_pass_without_authority (test_frontier_v8_restoration_audit.RestorationAuditTests) ... ok
2026-10-03T15:40:21.6698622Z test_redirect_cannot_follow_external_host (test_frontier_v8_restoration_audit.RestorationAuditTests) ... ok
2026-10-03T15:40:21.6898292Z test_saved_verifier_reparses_raw_not_observer_success_boolean (test_frontier_v8_restoration_audit.RestorationAuditTests) ... ok
2026-10-03T15:40:21.7147435Z test_static_progress_reaches_monotonic_deadline_without_pass (test_frontier_v8_restoration_audit.RestorationAuditTests) ... ok
2026-10-03T15:40:21.7194574Z test_symlink_in_immutable_tree_fails (test_frontier_v8_restoration_audit.RestorationAuditTests) ... ok
2026-10-03T15:40:21.7244038Z test_tree_traversal_permission_error_cannot_silently_prune (test_frontier_v8_restoration_audit.RestorationAuditTests) ... ok
2026-10-03T15:40:21.7424190Z test_wall_clock_jumps_have_no_recovery_control_effect (test_frontier_v8_restoration_audit.RestorationAuditTests) ... ok
2026-10-03T15:40:21.7531199Z test_wrong_fullhash_same_size_fails (test_frontier_v8_restoration_audit.RestorationAuditTests) ... ok
2026-10-03T15:40:22.2539147Z test_actual_entries_refuse_before_files_paths_or_import_factories (test_frontier_v8_scientific_child.ScientificChildTests) ... ok
2026-10-03T15:40:22.2554931Z test_additional_metadata_or_comparison_request_inside_task_refused (test_frontier_v8_scientific_child.ScientificChildTests) ... ok
2026-10-03T15:40:23.9133005Z test_complete_fixture_original_four_loads_twenty_two_journals_and_binding (test_frontier_v8_scientific_child.ScientificChildTests) ... ok
2026-10-03T15:40:23.9145572Z test_fixture_attempt_reuse_cannot_overwrite_original_preflight (test_frontier_v8_scientific_child.ScientificChildTests) ... ok
2026-10-03T15:40:23.9154030Z test_invalid_fixed_completion_does_not_write_success_wrapper_or_compare (test_frontier_v8_scientific_child.ScientificChildTests) ... ok
2026-10-03T15:40:23.9162768Z test_json_ready_flags_or_production_gpu_scope_cannot_unlock_fixture (test_frontier_v8_scientific_child.ScientificChildTests) ... ok
2026-10-03T15:40:23.9172833Z test_owner_failure_precedes_all_path_and_source_callbacks (test_frontier_v8_scientific_child.ScientificChildTests) ... ok
2026-10-03T15:40:23.9187487Z test_owner_loss_after_training_stops_before_validation_and_comparison (test_frontier_v8_scientific_child.ScientificChildTests) ... ok
2026-10-03T15:40:23.9196465Z test_source_root_declarations_and_owner_binding_fail_before_prepare (test_frontier_v8_scientific_child.ScientificChildTests) ... ok
2026-10-03T15:40:23.9209914Z test_training_failure_restores_observation_and_never_materializes_comparison (test_frontier_v8_scientific_child.ScientificChildTests) ... ok
2026-10-03T15:40:23.9224627Z test_translated_argv_mismatch_or_current_stage_mismatch_stops_before_training (test_frontier_v8_scientific_child.ScientificChildTests) ... ok
2026-10-03T15:40:24.7997697Z test_actual_clean_repositories_import_real_modules_and_restore_state (test_frontier_v8_source_loader.SourceLoaderTests) ... ok
2026-10-03T15:40:25.4423406Z test_caller_path_cache_and_hooks_are_bypassed_then_restored (test_frontier_v8_source_loader.SourceLoaderTests) ... ok
2026-10-03T15:40:26.5745175Z test_changes_during_scope_are_detected_and_caller_exception_cleanup_runs (test_frontier_v8_source_loader.SourceLoaderTests) ... ok
2026-10-03T15:40:26.9633167Z test_dirty_untracked_and_ignored_bytecode_are_rejected (test_frontier_v8_source_loader.SourceLoaderTests) ... ok
2026-10-03T15:40:27.1131569Z test_execute_and_execute_cli_refuse_before_reading_a_context (test_frontier_v8_source_loader.SourceLoaderTests) ... ok
2026-10-03T15:40:27.2155479Z test_explicit_foreign_path_and_meta_hook_are_rejected (test_frontier_v8_source_loader.SourceLoaderTests) ... ok
2026-10-03T15:40:27.6398841Z test_external_bytes_and_same_byte_rewrite_between_captures_rejected (test_frontier_v8_source_loader.SourceLoaderTests) ... ok
2026-10-03T15:40:28.2803412Z test_hostile_cwd_and_pythonpath_are_not_imported (test_frontier_v8_source_loader.SourceLoaderTests) ... ok
2026-10-03T15:40:30.6323989Z test_loaded_origin_loader_and_callable_replacements_detected (test_frontier_v8_source_loader.SourceLoaderTests) ... ok
2026-10-03T15:40:30.8479782Z test_nested_roots_wrong_head_inventory_and_loader_origin_are_rejected (test_frontier_v8_source_loader.SourceLoaderTests) ... ok
2026-10-03T15:40:31.2794989Z test_partial_import_exception_restores_existing_parent_attributes (test_frontier_v8_source_loader.SourceLoaderTests) ... ok
2026-10-03T15:40:31.3822299Z test_preloaded_scientific_or_scripts_modules_and_optional_packages_rejected (test_frontier_v8_source_loader.SourceLoaderTests) ... ok
2026-10-03T15:40:31.7426836Z test_same_bytes_replacement_of_root_between_captures_rejected (test_frontier_v8_source_loader.SourceLoaderTests) ... ok
2026-10-03T15:40:32.7132642Z test_sparse_worktree_actual_git_pointer_is_supported (test_frontier_v8_source_loader.SourceLoaderTests) ... ok
2026-10-03T15:40:32.9363585Z test_symlink_blob_and_alias_root_are_rejected (test_frontier_v8_source_loader.SourceLoaderTests) ... ok
2026-10-03T15:40:33.3605870Z test_top_level_optional_import_is_blocked_and_partial_state_restored (test_frontier_v8_source_loader.SourceLoaderTests) ... ok
2026-10-03T15:40:33.6638861Z test_control_data_level_split_isolation_and_teacher_future_independence (test_games.GamesTest) ... ok
2026-10-03T15:40:34.2419736Z test_control_data_matches_runtime_labels_and_excludes_provenance (test_games.GamesTest) ... ok
2026-10-03T15:40:34.2421568Z test_doom_real_engine_closed_loop_replay (test_games.GamesTest) ... skipped 'optional vizdoom is not installed'
2026-10-03T15:40:34.7661149Z test_game_service_evaluator_records_paired_http_results_and_failures (test_games.GamesTest) ... ok
2026-10-03T15:40:35.2859790Z test_http_uses_only_visible_state_never_oracle_and_errors_propagate (test_games.GamesTest) ... ok
2026-10-03T15:40:35.2861127Z test_invalid_and_terminal_boards (test_games.GamesTest) ... ok
2026-10-03T15:40:35.2862891Z test_invalid_probability_and_move_responses (test_games.GamesTest) ... ok
2026-10-03T15:40:35.3760810Z test_local_trex_box_physics_and_replay (test_games.GamesTest) ... ok
2026-10-03T15:40:35.3764479Z test_mario_and_trex_external_request_contracts (test_games.GamesTest) ... ok
2026-10-03T15:40:35.3956335Z test_minimax_takes_win_blocks_loss_and_selfplay_draws (test_games.GamesTest) ... ok
2026-10-03T15:40:35.3972538Z test_seeded_replay_and_tamper_detection (test_games.GamesTest) ... ok
2026-10-03T15:40:35.6690991Z test_snake_data_exact_collisions_grouped_and_ood_grid (test_games.GamesTest) ... ok
2026-10-03T15:40:35.6695590Z test_snake_reverse_wall_body_tail_and_growth (test_games.GamesTest) ... ok
2026-10-03T15:40:36.7696852Z test_tictactoe_exhaustive_data_and_symmetry_split_isolation (test_games.GamesTest) ... ok
2026-10-03T15:40:36.9058035Z test_tile_platformer_plays_replays_and_obeys_ground_collision (test_games.GamesTest) ... ok
2026-10-03T15:40:36.9069265Z test_wiki_shortest_path_dead_end_and_budget (test_games.GamesTest) ... ok
2026-10-03T15:40:36.9169653Z test_both_dependency_lock_files_reject_tamper_before_checkpoint (test_independent_evaluation.IndependentEvaluationTests) ... ok
2026-10-03T15:40:36.9225501Z test_bundle_is_pinned_not_evaluated_and_cannot_overwrite (test_independent_evaluation.IndependentEvaluationTests) ... ok
2026-10-03T15:40:36.9452428Z test_install_script_disables_inherited_pip_config_before_first_pip (test_independent_evaluation.IndependentEvaluationTests) ... ok
2026-10-03T15:40:36.9455345Z test_invalid_revision_cannot_write_or_inject_shell_code (test_independent_evaluation.IndependentEvaluationTests) ... ok
2026-10-03T15:40:36.9562227Z test_runtime_only_preflight_needs_no_checkpoint_or_model_import (test_independent_evaluation.IndependentEvaluationTests) ... ok
2026-10-03T15:40:36.9659046Z test_runtime_rejects_broken_dependency_check (test_independent_evaluation.IndependentEvaluationTests) ... ok
2026-10-03T15:40:36.9746387Z test_runtime_rejects_global_or_user_site_environment (test_independent_evaluation.IndependentEvaluationTests) ... ok
2026-10-03T15:40:36.9836581Z test_runtime_rejects_missing_or_external_packages (test_independent_evaluation.IndependentEvaluationTests) ... ok
2026-10-03T15:40:36.9939615Z test_runtime_rejects_package_version_drift_before_checkpoint (test_independent_evaluation.IndependentEvaluationTests) ... ok
2026-10-03T15:40:37.0067485Z test_runtime_rejects_unsupported_interpreter_or_platform (test_independent_evaluation.IndependentEvaluationTests) ... ok
2026-10-03T15:40:37.0180514Z test_verified_fixture_still_does_not_claim_inference_or_sealed_result (test_independent_evaluation.IndependentEvaluationTests) ... ok
2026-10-03T15:40:37.0282387Z test_verifier_rejects_wrong_bytes_without_model_load (test_independent_evaluation.IndependentEvaluationTests) ... ok
2026-10-03T15:40:37.0290098Z test_elapsed_deadline_prevents_starting_another_subprocess (test_install_isolated_runtime_cpu.IsolatedRuntimeInstallerTests) ... ok
2026-10-03T15:40:37.0300281Z test_environment_discards_python_pip_credentials_proxies_and_loader_overrides (test_install_isolated_runtime_cpu.IsolatedRuntimeInstallerTests) ... ok
2026-10-03T15:40:37.0363158Z test_exact_official_torch_hosts_accept_real_index_url_and_reject_suffixes (test_install_isolated_runtime_cpu.IsolatedRuntimeInstallerTests) ... ok
2026-10-03T15:40:37.0945655Z test_failed_version_origin_site_or_wheel_proof_preserves_consumed_failure (test_install_isolated_runtime_cpu.IsolatedRuntimeInstallerTests) ... ok
2026-10-03T15:40:37.0988229Z test_other_existing_env_ancestors_are_refused (test_install_isolated_runtime_cpu.IsolatedRuntimeInstallerTests) ... ok
2026-10-03T15:40:37.1126023Z test_overall_budget_expiry_has_failure_receipt_without_fallback (test_install_isolated_runtime_cpu.IsolatedRuntimeInstallerTests) ... ok
2026-10-03T15:40:37.1186162Z test_platform_source_lock_and_owned_parent_refusal_create_no_attempt (test_install_isolated_runtime_cpu.IsolatedRuntimeInstallerTests) ... ok
2026-10-03T15:40:37.1231835Z test_signal_during_popen_return_is_deferred_until_child_registration (test_install_isolated_runtime_cpu.IsolatedRuntimeInstallerTests) ... ok
2026-10-03T15:40:37.1265880Z test_source_shared_environment_and_existing_outputs_are_refused (test_install_isolated_runtime_cpu.IsolatedRuntimeInstallerTests) ... ok
2026-10-03T15:40:37.1398719Z test_success_records_exact_public_wheels_and_isolated_cpu_metadata (test_install_isolated_runtime_cpu.IsolatedRuntimeInstallerTests) ... ok
2026-10-03T15:40:37.1544175Z test_termination_signals_clean_owned_child_write_failure_and_restore_handlers (test_install_isolated_runtime_cpu.IsolatedRuntimeInstallerTests) ... ok
2026-10-03T15:40:37.1557270Z test_timeout_kills_only_owned_new_session_and_reaps (test_install_isolated_runtime_cpu.IsolatedRuntimeInstallerTests) ... ok
2026-10-03T15:40:37.3334385Z test_body_audit_rejects_label_and_reference_tamper_after_rehash (test_ir_control.IRCorpusTest) ... ok
2026-10-03T15:40:37.4609445Z test_body_audit_rejects_training_target_tamper_after_rehash (test_ir_control.IRCorpusTest) ... ok
2026-10-03T15:40:37.4611853Z test_original_pilot_and_full_manifests_are_separate_and_pilot_stays_held_out (test_ir_control.IRCorpusTest) ... skipped 'Local generated corpora not present'
2026-10-03T15:40:37.6040528Z test_stable_family_assignment_does_not_change_on_expansion (test_ir_control.IRCorpusTest) ... ok
2026-10-03T15:40:37.6045548Z test_external_holdout_cannot_use_training_data_tree (test_ir_control.IRMetricAndHoldoutTest) ... ok
2026-10-03T15:40:37.6061222Z test_external_holdout_rejects_missing_candidates_after_rehash (test_ir_control.IRMetricAndHoldoutTest) ... ok
2026-10-03T15:40:37.6089734Z test_external_holdout_requires_all_hashes_one_hundred_and_evaluation_only (test_ir_control.IRMetricAndHoldoutTest) ... ok
2026-10-03T15:40:37.6091542Z test_trec_linear_gain_missing_query_unjudged_and_duplicates (test_ir_control.IRMetricAndHoldoutTest) ... ok
2026-10-03T15:40:37.6546399Z test_100_document_pointwise_and_listwise_request_counts (test_ir_control.IRRuntimeTest) ... ok
2026-10-03T15:40:37.6616386Z test_all_six_methods_run_actual_callbacks_and_preserve_document_set (test_ir_control.IRRuntimeTest) ... ok
2026-10-03T15:40:37.6626518Z test_body_grades_cover_exact_partial_wrong_profile_withdrawn_and_unrelated (test_ir_control.IRRuntimeTest) ... ok
2026-10-03T15:40:37.6634072Z test_explicit_score_rounding_policy_preserves_strict_probability_mass (test_ir_control.IRRuntimeTest) ... ok
2026-10-03T15:40:37.6680724Z test_heaps_rerank_only_requested_prefix_and_setwise_windows_have_at_most_eleven (test_ir_control.IRRuntimeTest) ... ok
2026-10-03T15:40:37.6682016Z test_malformed_response_is_preserved_and_not_a_zero_relevance_label (test_ir_control.IRRuntimeTest) ... ok
2026-10-03T15:40:37.6683895Z test_nonfinite_and_inconsistent_probabilities_fail (test_ir_control.IRRuntimeTest) ... ok
2026-10-03T15:40:37.6716963Z test_pairwise_uses_both_orders_and_cancels_constant_position_bias (test_ir_control.IRRuntimeTest) ... ok
2026-10-03T15:40:37.6717874Z test_quoted_query_does_not_change_document_subject (test_ir_control.IRRuntimeTest) ... ok
2026-10-03T15:40:37.6720453Z test_exact_inputs_and_valid_response (test_jev_api_latency.JevLatencyTest) ... ok
2026-10-03T15:40:37.6722140Z test_rejection_retains_response_and_redacts_key (test_jev_api_latency.JevLatencyTest) ... ok
2026-10-03T15:40:37.6724911Z test_wrong_model_and_malformed_outputs_fail (test_jev_api_latency.JevLatencyTest) ... ok
2026-10-03T15:40:37.6746302Z test_credentials_are_scoped_restored_and_rejected_in_git (test_jevbench_hosted.HostedBoundsTest) ... ok
2026-10-03T15:40:37.6747671Z test_failure_cost_rejects_missing_and_boolean_usage (test_jevbench_hosted.HostedBoundsTest) ... ok
2026-10-03T15:40:37.6749447Z test_output_cap_and_price_bounds_include_all_4096_tokens (test_jevbench_hosted.HostedBoundsTest) ... ok
2026-10-03T15:40:37.6750897Z test_auth_failure_stops_once_and_retains_billed_failure_usage (test_jevbench_hosted.HostedPinnedTest) ... skipped 'requires pinned JevBench source; no downloads in tests'
2026-10-03T15:40:37.6752372Z test_budget_reserves_before_send_and_unknown_cost_remains_charged (test_jevbench_hosted.HostedPinnedTest) ... skipped 'requires pinned JevBench source; no downloads in tests'
2026-10-03T15:40:37.6753799Z test_exact_gpt_options_and_native_probability_provenance (test_jevbench_hosted.HostedPinnedTest) ... skipped 'requires pinned JevBench source; no downloads in tests'
2026-10-03T15:40:37.6755235Z test_wall_deadline_keeps_unknown_dispatch_and_restores_key (test_jevbench_hosted.HostedPinnedTest) ... skipped 'requires pinned JevBench source; no downloads in tests'
2026-10-03T15:40:37.7962269Z test_durable_collection_and_replay_bind_current_scope_and_counts (test_jevbench_open_development.PublicDevelopmentTest) ... ok
2026-10-03T15:40:37.7966288Z test_noul_inclusive_boundaries_and_abstention_count_wrong (test_jevbench_open_development.PublicDevelopmentTest) ... ok
2026-10-03T15:40:37.8105826Z test_prepared_requests_exclude_gold_and_changed_freeze_fails (test_jevbench_open_development.PublicDevelopmentTest) ... ok
2026-10-03T15:40:37.8112734Z test_score_expected_position_is_not_argmax_accuracy (test_jevbench_open_development.PublicDevelopmentTest) ... ok
2026-10-03T15:40:37.8169976Z test_selection_never_consults_gold_state_or_predictions (test_jevbench_open_development.PublicDevelopmentTest) ... ok
2026-10-03T15:40:37.8180222Z test_bad_hash_or_identity_rejected_before_request_and_output (test_jevbench_openjev.JevBenchOpenJevTest) ... ok
2026-10-03T15:40:37.8256900Z test_context_refusal_counts_failure_then_continues (test_jevbench_openjev.JevBenchOpenJevTest) ... ok
2026-10-03T15:40:37.8307538Z test_duplicate_json_and_nonfinite_responses_fail_without_silent_repair (test_jevbench_openjev.JevBenchOpenJevTest) ... ok
2026-10-03T15:40:37.8365749Z test_identity_drift_fails_and_stops_before_next_dispatch (test_jevbench_openjev.JevBenchOpenJevTest) ... ok
2026-10-03T15:40:37.8392903Z test_interruption_after_dispatch_leaves_an_in_flight_record (test_jevbench_openjev.JevBenchOpenJevTest) ... ok
2026-10-03T15:40:37.8471870Z test_one_attempt_per_task_and_durable_journal (test_jevbench_openjev.JevBenchOpenJevTest) ... ok
2026-10-03T15:40:37.8478161Z test_request_gold_separation_and_original_candidate_order (test_jevbench_openjev.JevBenchOpenJevTest) ... ok
2026-10-03T15:40:37.8563365Z test_rounding_distribution_is_retained_without_normalizing_or_pre_rejecting (test_jevbench_openjev.JevBenchOpenJevTest) ... ok
2026-10-03T15:40:37.8604274Z test_timeout_never_retries_and_keeps_pending_distinct (test_jevbench_openjev.JevBenchOpenJevTest) ... ok
2026-10-03T15:40:37.8606587Z test_boolean_probability_cannot_be_rewritten_as_float_during_replay (test_jevbench_openjev.PinnedJevBenchIntegrationTest) ... skipped 'requires the clean pinned JevBench checkout; no download in tests'
2026-10-03T15:40:37.8608587Z test_completed_report_cannot_hide_a_partial_journal (test_jevbench_openjev.PinnedJevBenchIntegrationTest) ... skipped 'requires the clean pinned JevBench checkout; no download in tests'
2026-10-03T15:40:37.8610567Z test_exact_upstream_rounding_and_tie_rules (test_jevbench_openjev.PinnedJevBenchIntegrationTest) ... skipped 'requires the clean pinned JevBench checkout; no download in tests'
2026-10-03T15:40:37.8612361Z test_pinned_public_counts_and_exact_requests_match_upstream_adapter (test_jevbench_openjev.PinnedJevBenchIntegrationTest) ... skipped 'requires the clean pinned JevBench checkout; no download in tests'
2026-10-03T15:40:37.8614458Z test_public_summary_uses_gold_only_offline_and_accounts_for_pending (test_jevbench_openjev.PinnedJevBenchIntegrationTest) ... skipped 'requires the clean pinned JevBench checkout; no download in tests'
2026-10-03T15:40:37.8628611Z test_collection_guard_reaps_collector_when_owned_server_exits (test_jevbench_suite.JevBenchSuiteTest) ... ok
2026-10-03T15:40:37.8653221Z test_collection_hard_timeout_reaps_exact_child (test_jevbench_suite.JevBenchSuiteTest) ... ok
2026-10-03T15:40:37.8748335Z test_collection_identity_failure_stops_before_second_model (test_jevbench_suite.JevBenchSuiteTest) ... ok
2026-10-03T15:40:37.8827800Z test_collection_timeout_reaps_server_without_starting_next_model (test_jevbench_suite.JevBenchSuiteTest) ... ok
2026-10-03T15:40:37.8863397Z test_existing_output_refused_without_children (test_jevbench_suite.JevBenchSuiteTest) ... ok
2026-10-03T15:40:37.8891806Z test_n1_mode_verifies_host_and_idle_card_before_selecting_uuid (test_jevbench_suite.JevBenchSuiteTest) ... ok
2026-10-03T15:40:37.8985782Z test_only_new_27b_checkpoint_runs_after_training (test_jevbench_suite.JevBenchSuiteTest) ... ok
2026-10-03T15:40:37.9091189Z test_serial_servers_and_gold_read_only_after_both_are_stopped (test_jevbench_suite.JevBenchSuiteTest) ... ok
2026-10-03T15:40:37.9154104Z test_slurm_mapping_is_preserved_and_broad_visibility_rejected (test_jevbench_suite.JevBenchSuiteTest) ... ok
2026-10-03T15:40:37.9241233Z test_startup_failure_reaps_only_first_server_and_never_collects (test_jevbench_suite.JevBenchSuiteTest) ... ok
2026-10-03T15:40:37.9251514Z test_explicit_policy_cannot_bypass_repository_restriction (test_launch_expansion.LauncherResourcePolicyTests) ... ok
2026-10-03T15:40:37.9299584Z test_main_binds_accepted_physical_indices_to_their_gpu_uuids (test_launch_expansion.LauncherResourcePolicyTests) ... ok
2026-10-03T15:40:37.9319087Z test_main_rejects_wrong_host_before_any_subprocess_or_gpu_query (test_launch_expansion.LauncherResourcePolicyTests) ... ok
2026-10-03T15:40:37.9344092Z test_malformed_or_contradictory_policy_fails_closed (test_launch_expansion.LauncherResourcePolicyTests) ... ok
2026-10-03T15:40:37.9350177Z test_matching_n1_hostname_and_training_cards_are_accepted_and_audited (test_launch_expansion.LauncherResourcePolicyTests) ... ok
2026-10-03T15:40:37.9357472Z test_wrong_host_and_prohibited_training_cards_are_rejected (test_launch_expansion.LauncherResourcePolicyTests) ... ok
2026-10-03T15:40:38.4463396Z test_audit_does_not_use_hidden_oracle_or_variant_metadata (test_mailroom_data.MailroomDataTests) ... ok
2026-10-03T15:40:38.9900931Z test_complete_contract_and_independent_audit (test_mailroom_data.MailroomDataTests) ... ok
2026-10-03T15:40:39.7884339Z test_expansion_preserves_every_old_case_row_and_heldout_family (test_mailroom_data.MailroomDataTests) ... ok
2026-10-03T15:40:40.0814970Z test_final_text_header_and_question_mutations_fail_closed (test_mailroom_data.MailroomDataTests) ... ok
2026-10-03T15:40:40.4751041Z test_link_relay_paid_and_advertised_amounts_in_all_languages (test_mailroom_data.MailroomDataTests) ... ok
2026-10-03T15:40:41.0508217Z test_matching_wrong_gold_and_target_are_rejected (test_mailroom_data.MailroomDataTests) ... ok
2026-10-03T15:40:41.3506244Z test_model_input_excludes_all_supervision_and_provenance (test_mailroom_data.MailroomDataTests) ... ok
2026-10-03T15:40:41.6298394Z test_prediction_reader_requires_typed_mass_and_marks_exact_tie_unresolved (test_mailroom_data.MailroomDataTests) ... ok
2026-10-03T15:40:42.3808728Z test_probe_export_preserves_inputs_without_gold_or_predictions (test_mailroom_data.MailroomDataTests) ... ok
2026-10-03T15:40:42.7131744Z test_provider_counterfactual_and_taxonomy_follow_service (test_mailroom_data.MailroomDataTests) ... ok
2026-10-03T15:40:42.9977454Z test_sealed_bytes_and_existing_directory_are_protected (test_mailroom_data.MailroomDataTests) ... ok
2026-10-03T15:40:43.3807918Z test_unknown_service_and_conflicting_actions_do_not_get_fallback_gold (test_mailroom_data.MailroomDataTests) ... ok
2026-10-03T15:40:43.3809599Z test_extreme_logits_and_binary_probabilities (test_metrics.CalibrationTest) ... ok
2026-10-03T15:40:43.3812247Z test_soft_labels_and_constant_logits (test_metrics.CalibrationTest) ... ok
2026-10-03T15:40:43.3821415Z test_temperature_recovers_known_bernoulli_frequency (test_metrics.CalibrationTest) ... ok
2026-10-03T15:40:43.3822327Z test_choice_uses_scaled_peak (test_metrics.OfficialConfidenceTest) ... ok
2026-10-03T15:40:43.3825127Z test_score_depends_on_ordinal_distance_and_first_mode (test_metrics.OfficialConfidenceTest) ... ok
2026-10-03T15:40:43.3826365Z test_uniform_and_deterministic_distributions (test_metrics.OfficialConfidenceTest) ... ok
2026-10-03T15:40:43.3827148Z test_hard_outcomes_have_known_scores_and_coverage (test_metrics.ProbabilityMetricsTest) ... ok
2026-10-03T15:40:43.3828595Z test_invalid_probability_data_is_rejected (test_metrics.ProbabilityMetricsTest) ... ok
2026-10-03T15:40:43.3830177Z test_mixed_targets_and_variable_cardinality (test_metrics.ProbabilityMetricsTest) ... ok
2026-10-03T15:40:43.3831346Z test_perfect_probabilities_fit_last_ece_bin (test_metrics.ProbabilityMetricsTest) ... ok
2026-10-03T15:40:43.3832520Z test_soft_targets_are_not_argmax_ground_truth (test_metrics.ProbabilityMetricsTest) ... ok
2026-10-03T15:40:43.3834185Z test_loopback_timeout_defaults_to_120_seconds_and_is_configurable (test_mps_support.HttpTimeoutTest) ... skipped 'requires optional torch/transformers/peft train runtime'
2026-10-03T15:40:43.3836139Z test_cpu_and_mps_benchmark_runs_compare_as_equal_decisions (test_mps_support.MpsSupportTest) ... skipped 'requires a torch build with an available MPS backend'
2026-10-03T15:40:43.3837959Z test_every_parameter_is_resident_on_mps_and_nothing_falls_back_to_cpu (test_mps_support.MpsSupportTest) ... skipped 'requires a torch build with an available MPS backend'
2026-10-03T15:40:43.3839382Z test_float32_scores_match_cpu_within_the_existing_parity_bar (test_mps_support.MpsSupportTest) ... skipped 'requires a torch build with an available MPS backend'
2026-10-03T15:40:43.3840471Z test_latency_benchmark_synchronizes_metal_around_every_timed_call (test_mps_support.MpsSupportTest) ... skipped 'requires a torch build with an available MPS backend'
2026-10-03T15:40:43.3841516Z test_mps_profile_timing_synchronizes_metal_not_cuda (test_mps_support.MpsSupportTest) ... skipped 'requires a torch build with an available MPS backend'
2026-10-03T15:40:43.3842555Z test_reduced_precision_error_is_no_worse_than_cpu_at_the_same_dtype (test_mps_support.MpsSupportTest) ... skipped 'requires a torch build with an available MPS backend'
2026-10-03T15:40:43.3843614Z test_residency_check_detects_a_parameter_left_on_cpu (test_mps_support.MpsSupportTest) ... skipped 'requires a torch build with an available MPS backend'
2026-10-03T15:40:43.3844660Z test_cpu_profile_timing_never_synchronizes_cuda (test_mps_support.ProfileSynchronizationTest) ... skipped 'requires optional torch/transformers/peft train runtime'
2026-10-03T15:40:43.3845836Z test_meta_embedding_profile_synchronizes_actual_accelerator_devices (test_mps_support.ProfileSynchronizationTest) ... skipped 'requires optional torch/transformers/peft train runtime'
2026-10-03T15:40:43.3847035Z test_engagement_requires_successful_profiler_child (test_mps_support.ProfiledChildEnvironmentTest) ... skipped 'requires optional torch/transformers/peft train runtime'
2026-10-03T15:40:43.3864758Z test_profiled_child_loads_weights_on_one_thread (test_mps_support.ProfiledChildEnvironmentTest) ... ok
2026-10-03T15:40:43.3869002Z test_incomplete_refusal_extra_key_wrong_types_wrong_model_rejected (test_openai_api_benchmark.OpenAIComparisonTest) ... ok
2026-10-03T15:40:43.3872834Z test_rejected_transport_is_not_inference_and_redacts_key (test_openai_api_benchmark.OpenAIComparisonTest) ... ok
2026-10-03T15:40:43.3874387Z test_semantics_and_candidate_order_preserved_without_labels (test_openai_api_benchmark.OpenAIComparisonTest) ... ok
2026-10-03T15:40:43.3875607Z test_valid_choices_and_cost (test_openai_api_benchmark.OpenAIComparisonTest) ... ok
2026-10-03T15:40:43.3891485Z test_bad_input_or_identity_fails_before_connection_or_outputs (test_openjev_provider.OpenJevProviderTest) ... ok
2026-10-03T15:40:43.3913730Z test_budget_stops_without_an_attempt_and_preserves_all_pending (test_openjev_provider.OpenJevProviderTest) ... ok
2026-10-03T15:40:43.8986354Z test_checkpoint_drift_stops_before_next_request_and_preserves_pending (test_openjev_provider.OpenJevProviderTest) ... ok
2026-10-03T15:40:44.4076925Z test_invalid_probability_is_retained_and_counts_zero_without_renormalization (test_openjev_provider.OpenJevProviderTest) ... ok
2026-10-03T15:40:44.4095106Z test_malformed_inputs_and_request_hashes_are_rejected (test_openjev_provider.OpenJevProviderTest) ... ok
2026-10-03T15:40:44.4142881Z test_nonfinite_wire_response_is_retained_without_invalid_json_in_output (test_openjev_provider.OpenJevProviderTest) ... ok
2026-10-03T15:40:45.5179858Z test_real_loopback_more_than_32_workloads_one_attempt_and_existing_quality_scorer (test_openjev_provider.OpenJevProviderTest) ... ok
2026-10-03T15:40:45.5193027Z test_response_invariants_reject_cache_identity_and_inconsistent_scalar (test_openjev_provider.OpenJevProviderTest) ... ok
2026-10-03T15:40:46.0956445Z test_sigkill_leaves_durable_inflight_dispatch_not_unattempted (test_openjev_provider.OpenJevProviderTest) ... ok
2026-10-03T15:40:46.6707382Z test_sigterm_retains_dispatched_request_as_failed_not_pending (test_openjev_provider.OpenJevProviderTest) ... ok
2026-10-03T15:40:46.6760895Z test_timeout_never_retries_or_advances (test_openjev_provider.OpenJevProviderTest) ... ok
2026-10-03T15:40:46.7590721Z test_adaptive_float_scores_and_journal_precede_each_actual_request (test_openjev_trec.OpenJevTrecTest) ... ok
2026-10-03T15:41:02.5133815Z test_all_97_queries_close_in_873_unique_requests_with_stable_ties (test_openjev_trec.OpenJevTrecTest) ... ok
2026-10-03T15:41:03.1654907Z test_all_failed_queries_remain_full_denominator_without_extra_requests (test_openjev_trec.OpenJevTrecTest) ... ok
2026-10-03T15:41:03.2089926Z test_http_server_failure_stops_and_bad_preflight_never_connects (test_openjev_trec.OpenJevTrecTest) ... ok
2026-10-03T15:41:03.2767505Z test_identity_drift_and_timeout_stop_without_advancing (test_openjev_trec.OpenJevTrecTest) ... ok
2026-10-03T15:41:03.3526663Z test_nonfatal_invalid_probability_is_saved_as_failure_then_next_query_runs (test_openjev_trec.OpenJevTrecTest) ... ok
2026-10-03T15:41:03.4960490Z test_out_of_range_scalar_is_failed_before_persisting_success (test_openjev_trec.OpenJevTrecTest) ... ok
2026-10-03T15:41:03.5473818Z test_raw_response_binding_preserves_numeric_types_and_mapping_order (test_openjev_trec.OpenJevTrecTest) ... ok
2026-10-03T15:41:04.1394426Z test_real_loopback_uses_owned_service_and_unrounded_expected_scores (test_openjev_trec.OpenJevTrecTest) ... ok
2026-10-03T15:41:04.1920091Z test_request_and_time_budgets_keep_incomplete_and_unattempted_queries (test_openjev_trec.OpenJevTrecTest) ... ok
2026-10-03T15:41:05.2953022Z test_sigterm_settles_failed_dispatch_but_sigkill_leaves_unknown_outcome (test_openjev_trec.OpenJevTrecTest) ... ok
2026-10-03T15:41:05.5082700Z test_changed_identity_raw_body_ranking_or_adaptive_window_is_rejected (test_openjev_trec_summary.OpenJevTrecSummaryTest) ... ok
2026-10-03T15:41:05.6428761Z test_changed_qrels_or_manifest_are_rejected (test_openjev_trec_summary.OpenJevTrecSummaryTest) ... ok
2026-10-03T15:41:05.7685006Z test_dangling_dispatch_and_extra_journal_tail_cannot_be_scored (test_openjev_trec_summary.OpenJevTrecSummaryTest) ... ok
2026-10-03T15:41:05.9293204Z test_failed_first_query_has_no_fallback_and_next_complete_still_full_denominator (test_openjev_trec_summary.OpenJevTrecSummaryTest) ... ok
2026-10-03T15:41:24.4953448Z test_full_run_replays_expected_scores_and_full_qrels_without_network (test_openjev_trec_summary.OpenJevTrecSummaryTest) ... ok
2026-10-03T15:41:24.7177090Z test_mandatory_fatal_cannot_be_relabelled_to_continue_more_queries (test_openjev_trec_summary.OpenJevTrecSummaryTest) ... ok
2026-10-03T15:41:24.8321345Z test_matching_raw_and_parsed_cache_change_still_fails_identity (test_openjev_trec_summary.OpenJevTrecSummaryTest) ... ok
2026-10-03T15:41:24.9895945Z test_partial_keeps_full43_54_denominators_and_pending_zero (test_openjev_trec_summary.OpenJevTrecSummaryTest) ... ok
2026-10-03T15:41:25.1020789Z test_pending_query_cannot_precede_processed_queries (test_openjev_trec_summary.OpenJevTrecSummaryTest) ... ok
2026-10-03T15:41:25.2339236Z test_raw_boolean_and_probability_order_cannot_hide_behind_python_equality (test_openjev_trec_summary.OpenJevTrecSummaryTest) ... ok
2026-10-03T15:41:25.3459490Z test_reordered_payload_is_rejected_even_when_sorted_digest_unchanged (test_openjev_trec_summary.OpenJevTrecSummaryTest) ... ok
2026-10-03T15:41:25.3483348Z test_all_painting_modes_pass_bounded_server_predictor (test_painting.PaintingTest) ... ok
2026-10-03T15:41:25.3560483Z test_bad_model_outputs_are_rejected (test_painting.PaintingTest) ... ok
2026-10-03T15:41:25.3601589Z test_coordinates_survive_id_removal_and_batching (test_painting.PaintingTest) ... ok
2026-10-03T15:41:26.2699563Z test_data_have_valid_targets_and_scene_splits (test_painting.PaintingTest) ... ok
2026-10-03T15:41:26.2700980Z test_invalid_limits_fail_before_allocation (test_painting.PaintingTest) ... ok
2026-10-03T15:41:26.2749849Z test_probabilities_are_rendered_as_a_mean_not_argmax (test_painting.PaintingTest) ... ok
2026-10-03T15:41:26.6202935Z test_procedural_targets_reconstruct_exact_images_in_all_modes (test_painting.PaintingTest) ... ok
2026-10-03T15:41:29.3665536Z test_ui_keeps_one_endpoint_per_run (test_painting.PaintingTest) ... ok
2026-10-03T15:41:29.3730018Z test_all_failures_and_soft_targets_have_defined_full_denominators (test_parallel_data_eval.ParallelDataEvalTests) ... ok
2026-10-03T15:41:29.3800676Z test_calibration_id_membership_and_checkpoint_content_are_bound (test_parallel_data_eval.ParallelDataEvalTests) ... ok
2026-10-03T15:41:29.3868098Z test_checkpoint_requires_final_completion_and_correct_model (test_parallel_data_eval.ParallelDataEvalTests) ... ok
2026-10-03T15:41:29.4247751Z test_controller_runs_four_shards_then_next_model (test_parallel_data_eval.ParallelDataEvalTests) ... ok
2026-10-03T15:41:29.4381308Z test_controller_worker_crash_stops_only_owned_children_and_fails (test_parallel_data_eval.ParallelDataEvalTests) ... ok
2026-10-03T15:41:29.4444986Z test_dataset_pin_catches_wrong_manifest_and_changed_bytes (test_parallel_data_eval.ParallelDataEvalTests) ... ok
2026-10-03T15:41:29.4557092Z test_error_rows_remain_in_total_and_confidence_coverage (test_parallel_data_eval.ParallelDataEvalTests) ... ok
2026-10-03T15:41:29.6119915Z test_expansion_40281_rows_use_global_order_without_padding_or_drop (test_parallel_data_eval.ParallelDataEvalTests) ... ok
2026-10-03T15:41:30.1702451Z test_expansion_checkpoint_requires_ddp_full_pass_and_saved_calibration (test_parallel_data_eval.ParallelDataEvalTests) ... ok
2026-10-03T15:41:30.5337507Z test_expansion_controller_runs_only_four_27b_workers (test_parallel_data_eval.ParallelDataEvalTests) ... ok
2026-10-03T15:41:30.5441651Z test_expansion_manifest_and_each_split_are_fixed (test_parallel_data_eval.ParallelDataEvalTests) ... ok
2026-10-03T15:41:30.9104050Z test_expansion_merge_binds_profile_data_assignment_and_failure_denominator (test_parallel_data_eval.ParallelDataEvalTests) ... ok
2026-10-03T15:41:30.9165989Z test_invalid_scorer_output_is_an_explicit_failure (test_parallel_data_eval.ParallelDataEvalTests) ... ok
2026-10-03T15:41:30.9592764Z test_missing_duplicate_wrong_split_checkpoint_and_temperature_fail (test_parallel_data_eval.ParallelDataEvalTests) ... ok
2026-10-03T15:41:30.9797200Z test_missing_worker_report_or_wrong_plan_and_counts_fail (test_parallel_data_eval.ParallelDataEvalTests) ... ok
2026-10-03T15:41:30.9856237Z test_model_profile_defaults_and_cross_profile_rejection (test_parallel_data_eval.ParallelDataEvalTests) ... ok
2026-10-03T15:41:30.9927035Z test_only_target_four_gpus_must_be_idle_and_complete (test_parallel_data_eval.ParallelDataEvalTests) ... ok
2026-10-03T15:41:30.9992564Z test_phase_policy_and_fixed_host_required_before_launch (test_parallel_data_eval.ParallelDataEvalTests) ... ok
2026-10-03T15:41:31.0106106Z test_saved_temperature_and_source_group_summaries (test_parallel_data_eval.ParallelDataEvalTests) ... ok
2026-10-03T15:41:31.0165687Z test_shards_cover_every_id_once_in_stable_order (test_parallel_data_eval.ParallelDataEvalTests) ... ok
2026-10-03T15:41:31.0230735Z test_shared_lease_prevents_concurrent_eval_or_training (test_parallel_data_eval.ParallelDataEvalTests) ... ok
2026-10-03T15:41:31.0311930Z test_short_run_or_failed_reload_cannot_masquerade_as_fullpass (test_parallel_data_eval.ParallelDataEvalTests) ... ok
2026-10-03T15:41:31.0513015Z test_sigterm_and_sigint_interruptions_reap_all_owned_workers (test_parallel_data_eval.ParallelDataEvalTests) ... ok
2026-10-03T15:41:31.0597738Z test_temperature_must_be_saved_calibration_not_test_or_bad_value (test_parallel_data_eval.ParallelDataEvalTests) ... ok
2026-10-03T15:41:31.0599632Z test_all_candidates_and_document_variants_keep_family_split (test_phone_extraction_control.PhoneDatasetTest) ... skipped 'requires the optional .[phone] extra'
2026-10-03T15:41:31.0601169Z test_manifest_binds_source_and_artifacts_and_refuses_overwrite (test_phone_extraction_control.PhoneDatasetTest) ... skipped 'requires the optional .[phone] extra'
2026-10-03T15:41:31.0614902Z test_ambiguous_and_unsupported_declarations_require_review (test_phone_extraction_control.PhoneRuntimeTest) ... ok
2026-10-03T15:41:31.0624264Z test_candidate_limit_is_explicit_and_zero_candidates_are_valid_api (test_phone_extraction_control.PhoneRuntimeTest) ... ok
2026-10-03T15:41:31.0628490Z test_candidates_cannot_be_invented_or_shifted (test_phone_extraction_control.PhoneRuntimeTest) ... ok
2026-10-03T15:41:31.0630774Z test_exact_e164_for_national_and_international_reserved_styles (test_phone_extraction_control.PhoneRuntimeTest) ... skipped 'requires the optional .[phone] extra'
2026-10-03T15:41:31.0632242Z test_implicit_trunk_or_idd_digit_repair_is_rejected (test_phone_extraction_control.PhoneRuntimeTest) ... skipped 'requires the optional .[phone] extra'
2026-10-03T15:41:31.0633721Z test_locally_possible_numbers_without_area_code_have_no_e164 (test_phone_extraction_control.PhoneRuntimeTest) ... skipped 'requires the optional .[phone] extra'
2026-10-03T15:41:31.0635220Z test_message_layout_preserves_public_role_and_region_semantics (test_phone_extraction_control.PhoneRuntimeTest) ... skipped 'requires the optional .[phone] extra'
2026-10-03T15:41:31.0663038Z test_missing_country_never_defaults_even_with_international_code (test_phone_extraction_control.PhoneRuntimeTest) ... ok
2026-10-03T15:41:31.0665921Z test_missing_optional_library_has_explicit_install_hint (test_phone_extraction_control.PhoneRuntimeTest) ... ok
2026-10-03T15:41:31.0666866Z test_optional_library_version_is_exact (test_phone_extraction_control.PhoneRuntimeTest) ... skipped 'requires the optional .[phone] extra'
2026-10-03T15:41:31.0670065Z test_outside_field_candidates_are_retained_but_reviewed (test_phone_extraction_control.PhoneRuntimeTest) ... ok
2026-10-03T15:41:31.0678663Z test_partial_extensions_and_parentheses_cannot_be_rescued (test_phone_extraction_control.PhoneRuntimeTest) ... ok
2026-10-03T15:41:31.0683182Z test_policy_tampering_and_unknown_role_are_rejected (test_phone_extraction_control.PhoneRuntimeTest) ... ok
2026-10-03T15:41:31.0684171Z test_possible_valid_and_routable_are_not_equated (test_phone_extraction_control.PhoneRuntimeTest) ... skipped 'requires the optional .[phone] extra'
2026-10-03T15:41:31.0690662Z test_presence_absence_ambiguity_and_miss_are_separate (test_phone_extraction_control.PhoneRuntimeTest) ... ok
2026-10-03T15:41:31.0694623Z test_query_blind_candidates_and_character_offsets (test_phone_extraction_control.PhoneRuntimeTest) ... ok
2026-10-03T15:41:31.0695999Z test_repeated_phone_uses_offsets_and_wrong_selection_is_not_repaired (test_phone_extraction_control.PhoneRuntimeTest) ... skipped 'requires the optional .[phone] extra'
2026-10-03T15:41:31.0701464Z test_request_builders_do_not_require_library (test_phone_extraction_control.PhoneRuntimeTest) ... ok
2026-10-03T15:41:31.0703124Z test_shared_calling_codes_do_not_override_explicit_region_conflicts (test_phone_extraction_control.PhoneRuntimeTest) ... skipped 'requires the optional .[phone] extra'
2026-10-03T15:41:31.0712419Z test_unicode_vanity_and_malformed_format_do_not_reach_library (test_phone_extraction_control.PhoneRuntimeTest) ... ok
2026-10-03T15:41:31.1538595Z test_all_384_targets_independent_replay_and_group_isolation (test_policy_controls_v6.PolicyControlsV6Test) ... ok
2026-10-03T15:41:31.3439605Z test_corrupted_target_incomplete_group_and_frozen_output (test_policy_controls_v6.PolicyControlsV6Test) ... ok
2026-10-03T15:41:31.3469479Z test_latest_signature_scope_revocation_and_one_cent (test_policy_controls_v6.PolicyControlsV6Test) ... ok
2026-10-03T15:41:31.3478745Z test_refund_priority_exhaustive_48_boundary_cases (test_policy_controls_v6.PolicyControlsV6Test) ... ok
2026-10-03T15:41:31.3715822Z test_untrusted_text_invariance_and_signed_policy_withdrawal (test_policy_controls_v6.PolicyControlsV6Test) ... ok
2026-10-03T15:41:31.3806705Z test_audit_gate_requires_complete_matching_unchanged_capture (test_posttraining_evaluation.PosttrainingTests) ... ok
2026-10-03T15:41:31.3811834Z test_busy_lease_does_not_even_query_cards (test_posttraining_evaluation.PosttrainingTests) ... ok
2026-10-03T15:41:31.3815416Z test_changed_gpu_uuid_aborts (test_posttraining_evaluation.PosttrainingTests) ... ok
2026-10-03T15:41:31.3875618Z test_failed_audit_and_wrong_checkpoint_never_open_gate (test_posttraining_evaluation.PosttrainingTests) ... ok
2026-10-03T15:41:31.3892417Z test_failed_or_incomplete_final_training_never_becomes_ready (test_posttraining_evaluation.PosttrainingTests) ... ok
2026-10-03T15:41:31.3897846Z test_finished_status_does_not_override_live_rank (test_posttraining_evaluation.PosttrainingTests) ... ok
2026-10-03T15:41:31.3905417Z test_foreign_gpu_process_blocks_allocation (test_posttraining_evaluation.PosttrainingTests) ... ok
2026-10-03T15:41:31.3999299Z test_full_sequence_uses_audit_barrier_and_preserves_pending (test_posttraining_evaluation.PosttrainingTests) ... ok
2026-10-03T15:41:31.4003751Z test_missing_audit_waits_without_any_measurement (test_posttraining_evaluation.PosttrainingTests) ... ok
2026-10-03T15:41:31.4016424Z test_nonzero_child_exit_stops_sequence (test_posttraining_evaluation.PosttrainingTests) ... ok
2026-10-03T15:41:31.4033575Z test_owned_child_is_reaped_if_status_write_fails (test_posttraining_evaluation.PosttrainingTests) ... ok
2026-10-03T15:41:31.4042827Z test_plan_rejects_retired_supervisor_wrong_cards_and_noop_command (test_posttraining_evaluation.PosttrainingTests) ... ok
2026-10-03T15:41:31.4054708Z test_prepare_only_does_not_query_processes_gpus_or_launch (test_posttraining_evaluation.PosttrainingTests) ... ok
2026-10-03T15:41:31.4058431Z test_real_lease_contention_is_not_bypassed (test_posttraining_evaluation.PosttrainingTests) ... ok
2026-10-03T15:41:31.4065943Z test_reused_pid_aborts_without_signals (test_posttraining_evaluation.PosttrainingTests) ... ok
2026-10-03T15:41:31.4079854Z test_service_requires_fixed_settings_every_measurement_and_cleanup (test_posttraining_evaluation.PosttrainingTests) ... ok
2026-10-03T15:41:31.4086233Z test_successful_training_uses_actual_identity_not_stale_metadata_pid (test_posttraining_evaluation.PosttrainingTests) ... ok
2026-10-03T15:41:31.4095142Z test_zero_exit_does_not_replace_matching_expansion_artifacts (test_posttraining_evaluation.PosttrainingTests) ... ok
2026-10-03T15:41:31.4097224Z test_bfloat16_cache_keeps_kernel_recurrent_state_in_float32 (test_prefix_cache.PrefixCacheTest) ... skipped 'requires optional torch/transformers/peft train runtime'
2026-10-03T15:41:31.4099816Z test_candidate_and_question_permutations_remain_equivariant (test_prefix_cache.PrefixCacheTest) ... skipped 'requires optional torch/transformers/peft train runtime'
2026-10-03T15:41:31.4102248Z test_checkpoint_benchmark_runner_uses_real_cpu_paths_and_checks_parity (test_prefix_cache.PrefixCacheTest) ... skipped 'requires optional torch/transformers/peft train runtime'
2026-10-03T15:41:31.4104888Z test_fixture_detects_losing_each_kind_of_cache_state (test_prefix_cache.PrefixCacheTest) ... skipped 'requires optional torch/transformers/peft train runtime'
2026-10-03T15:41:31.4107253Z test_fork_isolates_every_cache_tensor_and_batched_continuations (test_prefix_cache.PrefixCacheTest) ... skipped 'requires optional torch/transformers/peft train runtime'
2026-10-03T15:41:31.4109405Z test_lora_wrapper_is_active_on_cached_path (test_prefix_cache.PrefixCacheTest) ... skipped 'requires optional torch/transformers/peft train runtime'
2026-10-03T15:41:31.4111310Z test_overlength_and_training_rejected_before_any_cached_forward (test_prefix_cache.PrefixCacheTest) ... skipped 'requires optional torch/transformers/peft train runtime'
2026-10-03T15:41:31.4112493Z test_predictor_choice_noul_score_probabilities_and_usage_match (test_prefix_cache.PrefixCacheTest) ... skipped 'requires optional torch/transformers/peft train runtime'
2026-10-03T15:41:31.4113630Z test_real_hybrid_logits_probabilities_and_observed_token_reuse (test_prefix_cache.PrefixCacheTest) ... skipped 'requires optional torch/transformers/peft train runtime'
2026-10-03T15:41:31.4114761Z test_requests_and_exception_paths_release_cache_and_preserve_inputs (test_prefix_cache.PrefixCacheTest) ... skipped 'requires optional torch/transformers/peft train runtime'
2026-10-03T15:41:31.4115910Z test_training_forward_is_uncached_and_adapter_head_gradients_survive (test_prefix_cache.PrefixCacheTest) ... skipped 'requires optional torch/transformers/peft train runtime'
2026-10-03T15:41:31.4117214Z test_zero_short_and_identical_prefixes_match_independent_scoring (test_prefix_cache.PrefixCacheTest) ... skipped 'requires optional torch/transformers/peft train runtime'
2026-10-03T15:41:31.4118269Z test_ragged_batches_match_uncached_scoring (test_prefix_cache_ragged.RaggedSuffixTest) ... skipped 'requires torch, transformers and peft'
2026-10-03T15:41:31.4119410Z test_ragged_mode_uses_fewer_suffix_calls (test_prefix_cache_ragged.RaggedSuffixTest) ... skipped 'requires torch, transformers and peft'
2026-10-03T15:41:31.4120314Z test_aliases_and_unordered_lists_cannot_launder_a_reserved_state (test_prepare_boundary_training_v7.BoundaryPreparationTest) ... ok
2026-10-03T15:41:31.4137643Z test_candidate_split_changed_after_independent_audit_is_rejected (test_prepare_boundary_training_v7.BoundaryPreparationTest) ... ok
2026-10-03T15:41:31.4144793Z test_existing_output_and_uncommitted_source_fail_before_loading_data (test_prepare_boundary_training_v7.BoundaryPreparationTest) ... ok
2026-10-03T15:41:31.4148126Z test_identifier_renaming_and_options_cannot_launder_old_test (test_prepare_boundary_training_v7.BoundaryPreparationTest) ... ok
2026-10-03T15:41:31.4152124Z test_normalization_keeps_scope_relations_and_one_cent_facts (test_prepare_boundary_training_v7.BoundaryPreparationTest) ... ok
2026-10-03T15:41:31.4163615Z test_original_train_and_all_heldouts_are_reserved_against_new_copies (test_prepare_boundary_training_v7.BoundaryPreparationTest) ... ok
2026-10-03T15:41:31.4166752Z test_same_split_duplicate_or_identifier_alias_is_rejected (test_prepare_boundary_training_v7.BoundaryPreparationTest) ... ok
2026-10-03T15:41:31.4182475Z test_git_show_uses_captured_commit_when_head_changes (test_prepare_frontier_training_v8.CommittedSourceFixtures) ... ok
2026-10-03T15:41:31.4208175Z test_inherited_git_context_cannot_redirect_source_identity (test_prepare_frontier_training_v8.CommittedSourceFixtures) ... ok
2026-10-03T15:41:31.4230211Z test_scope_checks_bound_files_only_and_rejects_dirty_source (test_prepare_frontier_training_v8.CommittedSourceFixtures) ... ok
2026-10-03T15:41:31.4235114Z test_untracked_source_cannot_claim_head_provenance (test_prepare_frontier_training_v8.CommittedSourceFixtures) ... ok
2026-10-03T15:41:31.4242688Z test_wrong_toplevel_stops_before_reading_commit_or_source (test_prepare_frontier_training_v8.CommittedSourceFixtures) ... ok
2026-10-03T15:41:31.9808813Z test_blocked_full_variant_never_reads_reserved_or_creates_output (test_prepare_frontier_training_v8.PackingFixtures) ... ok
2026-10-03T15:41:32.8490125Z test_declared_derivative_preserves_raw_lines_order_metadata_and_reserved_bytes (test_prepare_frontier_training_v8.PackingFixtures) ... ok
2026-10-03T15:41:33.8873090Z test_exclusion_cannot_duplicate_or_name_a_new_parent (test_prepare_frontier_training_v8.PackingFixtures) ... ok
2026-10-03T15:41:33.8878274Z test_existing_output_fails_before_reading_inputs (test_prepare_frontier_training_v8.PackingFixtures) ... ok
2026-10-03T15:41:34.7457512Z test_forged_manifest_and_wrong_new_reserved_hash_stop_before_output (test_prepare_frontier_training_v8.PackingFixtures) ... ok
2026-10-03T15:41:34.7466420Z test_misassigned_split_duplicate_id_parent_and_visible_input_are_rejected (test_prepare_frontier_training_v8.PackingFixtures) ... ok
2026-10-03T15:41:35.4121269Z test_old_pass_receipt_cannot_authorize_different_parent_declaration (test_prepare_frontier_training_v8.PackingFixtures) ... ok
2026-10-03T15:41:35.8823368Z test_passed_derivative_receipt_cannot_silently_filter_full_inputs (test_prepare_frontier_training_v8.PackingFixtures) ... ok
2026-10-03T15:41:36.1598007Z test_renamed_observed_row_cannot_replace_locked_train (test_prepare_frontier_training_v8.PackingFixtures) ... ok
2026-10-03T15:41:36.1711680Z test_changed_bytes_and_wrong_split_are_rejected_before_output_creation (test_prepare_policy_training_v6.PolicyTrainingPreparationTests) ... ok
2026-10-03T15:41:36.1845042Z test_cross_source_train_to_test_group_leak_is_rejected (test_prepare_policy_training_v6.PolicyTrainingPreparationTests) ... ok
2026-10-03T15:41:36.2039409Z test_observed_regression_order_and_original_hashes_are_frozen (test_prepare_policy_training_v6.PolicyTrainingPreparationTests) ... ok
2026-10-03T15:41:36.2175250Z test_observed_selection_hash_mismatch_and_overwrite_are_rejected (test_prepare_policy_training_v6.PolicyTrainingPreparationTests) ... ok
2026-10-03T15:41:36.2373795Z test_only_train_is_mixed_and_existing_loader_consumes_one_full_pass (test_prepare_policy_training_v6.PolicyTrainingPreparationTests) ... ok
2026-10-03T15:41:36.2477864Z test_rewritten_v6_rows_and_manifest_cannot_change_public_frozen_candidate (test_prepare_policy_training_v6.PolicyTrainingPreparationTests) ... ok
2026-10-03T15:41:36.2480623Z test_missing_error_soft_targets_and_probability_rounding_are_separate (test_provider_quality.QualityTest) ... ok
2026-10-03T15:41:36.2485924Z test_gold_and_metadata_excluded_and_all_forms_roundtrip (test_provider_suite.ProviderSuiteTest) ... ok
2026-10-03T15:41:36.2492389Z test_file_split_mismatch_fails_before_writing (test_public_data.MixDataTests) ... ok
2026-10-03T15:41:36.2697257Z test_mixed_counts_and_metadata_validate (test_public_data.MixDataTests) ... ok
2026-10-03T15:41:36.2703365Z test_identical_inputs_with_conflicting_labels_fail (test_public_data.PublicDataTests) ... ok
2026-10-03T15:41:36.2721001Z test_passage_group_isolation_and_import_provenance (test_public_data.PublicDataTests) ... ok
2026-10-03T15:41:36.2741386Z test_all_public_examples_compile_without_generation (test_recipes.RecipesTest) ... ok
2026-10-03T15:41:36.2742770Z test_date_reference_rollover_and_invalid_dates (test_recipes.RecipesTest) ... ok
2026-10-03T15:41:36.2744122Z test_extraction_is_verbatim_and_missing_value_stays_missing (test_recipes.RecipesTest) ... ok
2026-10-03T15:41:36.2745385Z test_markdown_preserves_code_with_fences (test_recipes.RecipesTest) ... ok
2026-10-03T15:41:36.2746485Z test_multiline_quote_and_list_retain_structure (test_recipes.RecipesTest) ... ok
2026-10-03T15:41:36.2747669Z test_speculative_tool_args_are_not_executed_or_mixed (test_recipes.RecipesTest) ... ok
2026-10-03T15:41:36.2748832Z test_tool_key_collisions_and_reserved_candidates_rejected (test_recipes.RecipesTest) ... ok
2026-10-03T15:41:36.2765668Z test_calibration_fit_matches_analytic_binary_maximum_likelihood (test_replay_boundary_comparison_v7.IndependentArithmeticAndAlignmentTests) ... ok
2026-10-03T15:41:36.2776284Z test_empty_partial_duplicate_failed_hash_order_target_and_logit_tampering (test_replay_boundary_comparison_v7.IndependentArithmeticAndAlignmentTests) ... ok
2026-10-03T15:41:36.2778672Z test_inclusive_thresholds_and_adjacent_floats (test_replay_boundary_comparison_v7.IndependentArithmeticAndAlignmentTests) ... ok
2026-10-03T15:41:36.2780498Z test_invalid_probability_inputs_and_structured_evidence_comparison (test_replay_boundary_comparison_v7.IndependentArithmeticAndAlignmentTests) ... ok
2026-10-03T15:41:36.2782766Z test_metrics_have_hand_computed_nll_brier_ece_and_abstention_denominators (test_replay_boundary_comparison_v7.IndependentArithmeticAndAlignmentTests) ... ok
2026-10-03T15:41:36.2784847Z test_wrong_accepted_predicates_at_both_thresholds_are_not_execution (test_replay_boundary_comparison_v7.IndependentArithmeticAndAlignmentTests) ... ok
2026-10-03T15:41:36.2789364Z test_bare_prefixed_case_variants_match_without_changing_raw_evidence (test_replay_boundary_comparison_v7.IndependentGpuRuntimeTests) ... ok
2026-10-03T15:41:36.2790450Z test_full_uuid_accepts_only_optional_exact_prefix_and_hex_case (test_replay_boundary_comparison_v7.IndependentGpuRuntimeTests) ... ok
2026-10-03T15:41:36.2795084Z test_malformed_mig_ordinals_lists_and_nonstrings_are_rejected (test_replay_boundary_comparison_v7.IndependentGpuRuntimeTests) ... ok
2026-10-03T15:41:36.2806051Z test_other_runtime_fields_are_exact_including_tiny_changes_and_types (test_replay_boundary_comparison_v7.IndependentGpuRuntimeTests) ... ok
2026-10-03T15:41:36.2810556Z test_real_different_device_and_invalid_recorded_identifiers_are_rejected (test_replay_boundary_comparison_v7.IndependentGpuRuntimeTests) ... ok
2026-10-03T15:41:36.2813971Z test_visible_devices_stays_exact_original_receipt (test_replay_boundary_comparison_v7.IndependentGpuRuntimeTests) ... ok
2026-10-03T15:41:36.2817885Z test_absolute_interval_endpoints_exception_and_gregorian_centuries (test_replay_boundary_comparison_v7.IndependentOutcomeTests) ... ok
2026-10-03T15:41:36.2829464Z test_dangerous_choice_uses_actual_state_without_a_confidence_cutoff (test_replay_boundary_comparison_v7.IndependentOutcomeTests) ... ok
2026-10-03T15:41:36.2831234Z test_integer_ledgers_negative_formatting_and_cancellation (test_replay_boundary_comparison_v7.IndependentOutcomeTests) ... ok
2026-10-03T15:41:36.2834525Z test_joint_exact_scope_missing_role_and_revoke_precedence (test_replay_boundary_comparison_v7.IndependentOutcomeTests) ... ok
2026-10-03T15:41:36.2838585Z test_joint_regrant_capacity_equality_lowering_and_legacy_outer_scope (test_replay_boundary_comparison_v7.IndependentOutcomeTests) ... ok
2026-10-03T15:41:36.2841807Z test_policy_authority_withdrawal_fraud_and_limit_priority (test_replay_boundary_comparison_v7.IndependentOutcomeTests) ... ok
2026-10-03T15:41:36.2843501Z test_structural_role_labels_separate_missing_scope_from_other_role_noise (test_replay_boundary_comparison_v7.IndependentOutcomeTests) ... ok
2026-10-03T15:41:36.2858769Z test_five_serving_files_have_exact_profile_and_positive_temperature (test_replay_boundary_comparison_v7.IndependentPackageProofTests) ... ok
2026-10-03T15:41:36.2870327Z test_missing_fourth_new_source_replay_is_rejected_before_git (test_replay_boundary_comparison_v7.IndependentPackageProofTests) ... ok
2026-10-03T15:41:36.2916313Z test_optional_peft_readme_preserves_serving_identity_but_changes_full_proof (test_replay_boundary_comparison_v7.IndependentPackageProofTests) ... ok
2026-10-03T15:41:36.2934830Z test_optional_readme_cannot_replace_missing_serving_or_allow_an_extra_file (test_replay_boundary_comparison_v7.IndependentPackageProofTests) ... ok
2026-10-03T15:41:36.3021793Z test_profile_and_temperature_tampering_are_rejected (test_replay_boundary_comparison_v7.IndependentPackageProofTests) ... ok
2026-10-03T15:41:36.3114578Z test_complete_offline_provenance_replays_without_live_processes_or_rewriting_origin (test_replay_boundary_comparison_v7.IndependentSupplementProvenanceTests) ... ok
2026-10-03T15:41:36.3205632Z test_consumed_s1_identity_cannot_be_reused_for_new_supplement (test_replay_boundary_comparison_v7.IndependentSupplementProvenanceTests) ... ok
2026-10-03T15:41:36.3487538Z test_declaration_source_plan_checkpoint_device_and_hash_tampering_are_rejected (test_replay_boundary_comparison_v7.IndependentSupplementProvenanceTests) ... ok
2026-10-03T15:41:36.3707651Z test_failed_origin_code_inventory_or_added_prediction_cannot_be_replaced (test_replay_boundary_comparison_v7.IndependentSupplementProvenanceTests) ... ok
2026-10-03T15:41:36.3899204Z test_final_launch_verification_seals_both_query_time_boundaries_and_timezone (test_replay_boundary_comparison_v7.IndependentSupplementProvenanceTests) ... ok
2026-10-03T15:41:36.4016381Z test_foreign_source_checkout_cannot_replace_exact_nested_evaluation_source (test_replay_boundary_comparison_v7.IndependentSupplementProvenanceTests) ... ok
2026-10-03T15:41:36.4885178Z test_metadata_types_guard_aliases_and_timezone_are_strict_without_live_checks (test_replay_boundary_comparison_v7.IndependentSupplementProvenanceTests) ... ok
2026-10-03T15:41:36.5201757Z test_missing_naive_invalid_future_or_query_expired_final_verification_is_rejected (test_replay_boundary_comparison_v7.IndependentSupplementProvenanceTests) ... ok
2026-10-03T15:41:36.5256946Z test_nested_source_symlink_cannot_escape_to_foreign_checkout (test_replay_boundary_comparison_v7.IndependentSupplementProvenanceTests) ... ok
2026-10-03T15:41:36.6274763Z test_nested_task_still_rejects_both_directions_of_preserved_evidence_overlap (test_replay_boundary_comparison_v7.IndependentSupplementProvenanceTests) ... ok
2026-10-03T15:41:36.6988790Z test_new_attempt_plan_resource_and_preflight_cannot_be_bypassed (test_replay_boundary_comparison_v7.IndependentSupplementProvenanceTests) ... ok
2026-10-03T15:41:36.7033285Z test_optional_cli_and_locked_provenance_cannot_bypass_ordinary_binding (test_replay_boundary_comparison_v7.IndependentSupplementProvenanceTests) ... ok
2026-10-03T15:41:36.7245782Z test_original_receipt_request_bytes_and_output_tampering_are_rejected (test_replay_boundary_comparison_v7.IndependentSupplementProvenanceTests) ... ok
2026-10-03T15:41:36.7629283Z test_original_restoration_requires_full_true_checks_and_all_owned_exits (test_replay_boundary_comparison_v7.IndependentSupplementProvenanceTests) ... ok
2026-10-03T15:41:36.7951865Z test_resource_lock_raw_hash_completion_and_committed_declaration_are_required (test_replay_boundary_comparison_v7.IndependentSupplementProvenanceTests) ... ok
2026-10-03T15:41:36.8767365Z test_reviewed_controller_command_cwd_and_persisted_launch_freshness (test_replay_boundary_comparison_v7.IndependentSupplementProvenanceTests) ... ok
2026-10-03T15:41:37.1238004Z test_all_eight_portable_slices_and_actual_observed_denominators (test_replay_boundary_comparison_v7.IndependentWholeComparisonTests) ... ok
2026-10-03T15:41:37.2844811Z test_family_coverage_31_vs_32_all_abstain_and_single_accepted_error (test_replay_boundary_comparison_v7.IndependentWholeComparisonTests) ... ok
2026-10-03T15:41:37.3934334Z test_observed_conservative_errors_cannot_bypass_safety_checks (test_replay_boundary_comparison_v7.IndependentWholeComparisonTests) ... ok
2026-10-03T15:41:37.3941159Z test_paired_transitions_conserve_rows_and_report_every_regression (test_replay_boundary_comparison_v7.IndependentWholeComparisonTests) ... ok
2026-10-03T15:41:37.3951319Z test_alignment_detects_content_sequence_logits_and_memory (test_replay_frontier_comparison_v8.ReplayTests) ... ok
2026-10-03T15:41:37.3956229Z test_calibration_fit_has_known_optimum_and_split_guard (test_replay_frontier_comparison_v8.ReplayTests) ... ok
2026-10-03T15:41:37.3980112Z test_checkpoint_base_and_adapter_contract (test_replay_frontier_comparison_v8.ReplayTests) ... ok
2026-10-03T15:41:37.4762154Z test_completed_training_and_unicode_calibration_provenance (test_replay_frontier_comparison_v8.ReplayTests) ... ok
2026-10-03T15:41:37.6074932Z test_completed_training_rejects_claimed_error_and_nonmonotonic_steps (test_replay_frontier_comparison_v8.ReplayTests) ... ok
2026-10-03T15:41:37.6127094Z test_failed_exclusive_replay_remains_consumed (test_replay_frontier_comparison_v8.ReplayTests) ... ok
2026-10-03T15:41:37.6129109Z test_inclusive_predicate_and_ties (test_replay_frontier_comparison_v8.ReplayTests) ... ok
2026-10-03T15:41:37.6136489Z test_inventory_rejects_symlink_fifo_and_unexpected_sources (test_replay_frontier_comparison_v8.ReplayTests) ... ok
2026-10-03T15:41:37.6138174Z test_known_brier_nll_ece_and_empty (test_replay_frontier_comparison_v8.ReplayTests) ... ok
2026-10-03T15:41:37.6542594Z test_no_model_or_comparator_import_in_independent_replay (test_replay_frontier_comparison_v8.ReplayTests) ... ok
2026-10-03T15:41:37.6547556Z test_paired_regressions_fixes_and_threshold_changes (test_replay_frontier_comparison_v8.ReplayTests) ... ok
2026-10-03T15:41:37.6563735Z test_plan_rejects_changed_safety_temperature_runtime_and_timing (test_replay_frontier_comparison_v8.ReplayTests) ... ok
2026-10-03T15:41:37.7042084Z test_source_freeze_rejects_dirty_tree_and_scrubs_git_environment (test_replay_frontier_comparison_v8.ReplayTests) ... ok
2026-10-03T15:41:37.7044800Z test_strict_json_nonfinite_and_duplicate_keys (test_replay_frontier_comparison_v8.ReplayTests) ... ok
2026-10-03T15:41:37.7052266Z test_timing_keeps_cold_outlier_and_nearest_rank (test_replay_frontier_comparison_v8.ReplayTests) ... ok
2026-10-03T15:41:37.7082021Z test_consumed_s1_identity_cannot_be_reused_for_new_supplement (test_run_boundary_comparison_supplement_v7.ComparisonSupplementTests) ... ok
2026-10-03T15:41:37.7119272Z test_declaration_and_origin_identity_cannot_be_silently_changed (test_run_boundary_comparison_supplement_v7.ComparisonSupplementTests) ... ok
2026-10-03T15:41:37.7205794Z test_direct_comparator_cannot_skip_preflight_package_or_restoration_guard (test_run_boundary_comparison_supplement_v7.ComparisonSupplementTests) ... ok
2026-10-03T15:41:37.7241383Z test_exclusive_fsynced_lock_cannot_be_overwritten (test_run_boundary_comparison_supplement_v7.ComparisonSupplementTests) ... ok
2026-10-03T15:41:37.7345340Z test_gpu_queries_cannot_expire_resource_or_hide_lost_controller (test_run_boundary_comparison_supplement_v7.ComparisonSupplementTests) ... ok
2026-10-03T15:41:37.7537415Z test_incomplete_restoration_and_live_process_rejected_even_if_rehashed (test_run_boundary_comparison_supplement_v7.ComparisonSupplementTests) ... ok
2026-10-03T15:41:37.7652958Z test_input_hardware_runtime_and_output_overrides_refused (test_run_boundary_comparison_supplement_v7.ComparisonSupplementTests) ... ok
2026-10-03T15:41:37.7741781Z test_launch_requires_current_process_new_session_lock_and_live_resource (test_run_boundary_comparison_supplement_v7.ComparisonSupplementTests) ... ok
2026-10-03T15:41:37.7931331Z test_new_task_disjoint_from_original_task_dataset_and_checkpoint (test_run_boundary_comparison_supplement_v7.ComparisonSupplementTests) ... ok
2026-10-03T15:41:37.8055796Z test_origin_bytes_or_extra_predictions_fail (test_run_boundary_comparison_supplement_v7.ComparisonSupplementTests) ... ok
2026-10-03T15:41:37.8099520Z test_origin_preserved_and_cpu_provenance_complete (test_run_boundary_comparison_supplement_v7.ComparisonSupplementTests) ... ok
2026-10-03T15:41:37.8173735Z test_resource_failure_cannot_be_bypassed (test_run_boundary_comparison_supplement_v7.ComparisonSupplementTests) ... ok
2026-10-03T15:41:37.8199613Z test_restoration_guard_cannot_alias_controller_or_driver (test_run_boundary_comparison_supplement_v7.ComparisonSupplementTests) ... ok
2026-10-03T15:41:37.8263505Z test_source_requires_exact_canonical_nested_layout (test_run_boundary_comparison_supplement_v7.ComparisonSupplementTests) ... ok
2026-10-03T15:41:37.8305416Z test_source_symlink_and_resolved_external_target_rejected (test_run_boundary_comparison_supplement_v7.ComparisonSupplementTests) ... ok
2026-10-03T15:41:37.8310221Z test_attempt_receipt_cannot_be_overwritten (test_run_boundary_training_v7.PathAndAttemptTests) ... ok
2026-10-03T15:41:37.9449822Z test_complete_steps_and_finite_fields_required_without_resume_snapshot (test_run_boundary_training_v7.PathAndAttemptTests) ... ok
2026-10-03T15:41:37.9462842Z test_duplicate_driver_refusal_does_not_relabel_prior_attempt_as_failure (test_run_boundary_training_v7.PathAndAttemptTests) ... ok
2026-10-03T15:41:37.9495442Z test_refuse_existing_output_nested_input_parent_and_placeholder (test_run_boundary_training_v7.PathAndAttemptTests) ... ok
2026-10-03T15:41:37.9514329Z test_translation_changes_only_three_paths_and_preserves_frozen_plan (test_run_boundary_training_v7.PathAndAttemptTests) ... ok
2026-10-03T15:41:37.9550844Z test_stale_proof_guard_birth_compute_process_and_busy_gpu_are_refused (test_run_boundary_training_v7.ResourceProofTests) ... ok
2026-10-03T15:41:37.9553567Z test_data_runtime_stage_and_base_tampering_refused_before_model (test_run_boundary_training_v7.StagingTests) ... skipped 'Frozen local mixture is not shipped in portable CI'
2026-10-03T15:41:37.9555882Z test_edited_or_live_trainer_refused_before_data_checkpoint_and_runtime_staging (test_run_boundary_training_v7.StagingTests) ... skipped 'Frozen local mixture is not shipped in portable CI'
2026-10-03T15:41:37.9557827Z test_old_attempt_cannot_reenter_preflight (test_run_boundary_training_v7.StagingTests) ... skipped 'Frozen local mixture is not shipped in portable CI'
2026-10-03T15:41:37.9560297Z test_real_frozen_data_preflight_without_gpu_acquisition (test_run_boundary_training_v7.StagingTests) ... skipped 'Frozen local mixture is not shipped in portable CI'
2026-10-03T15:41:37.9678504Z test_changed_dirty_or_wrong_source_checkout_is_rejected (test_run_frontier_native_v8.NativeDeclarationTests) ... ok
2026-10-03T15:41:37.9724372Z test_execute_refuses_before_declared_paths_or_optional_imports (test_run_frontier_native_v8.NativeDeclarationTests) ... ok
2026-10-03T15:41:37.9786486Z test_hash_inventory_and_published_installation_references_are_bound (test_run_frontier_native_v8.NativeDeclarationTests) ... ok
2026-10-03T15:41:37.9856088Z test_ready_flags_extra_keys_and_changed_gradient_policy_cannot_unlock (test_run_frontier_native_v8.NativeDeclarationTests) ... ok
2026-10-03T15:41:37.9908008Z test_symlink_escape_and_nonrelative_inventory_are_rejected (test_run_frontier_native_v8.NativeDeclarationTests) ... ok
2026-10-03T15:41:37.9994852Z test_verified_source_retains_unarmed_and_unobserved_result (test_run_frontier_native_v8.NativeDeclarationTests) ... ok
2026-10-03T15:41:38.0807788Z test_attempt_is_consumed_even_when_preflight_fails (test_run_frontier_training_v8.DriverFixtures) ... ok
2026-10-03T15:41:38.4236545Z test_changed_calibration_labels_initial_identity_reload_or_phase_rejected (test_run_frontier_training_v8.DriverFixtures) ... ok
2026-10-03T15:41:38.9216904Z test_changed_data_checkpoint_and_base_rejected (test_run_frontier_training_v8.DriverFixtures) ... ok
2026-10-03T15:41:38.9819025Z test_changed_plan_or_freeze_bytes_rejected (test_run_frontier_training_v8.DriverFixtures) ... ok
2026-10-03T15:41:39.1993216Z test_complete_read_only_preflight_and_exact_deferred_command (test_run_frontier_training_v8.DriverFixtures) ... ok
2026-10-03T15:41:39.2779613Z test_dirty_source_and_different_commit_rejected (test_run_frontier_training_v8.DriverFixtures) ... ok
2026-10-03T15:41:39.4986336Z test_git_environment_cannot_redirect_source (test_run_frontier_training_v8.DriverFixtures) ... ok
2026-10-03T15:41:39.8137681Z test_hf_link_must_remain_inside_declared_cache (test_run_frontier_training_v8.DriverFixtures) ... ok
2026-10-03T15:41:40.0815788Z test_incomplete_final_checkpoint_and_special_journal_rejected (test_run_frontier_training_v8.DriverFixtures) ... ok
2026-10-03T15:41:40.3632880Z test_incomplete_nonfinite_or_nonmonotonic_optimizer_steps_rejected (test_run_frontier_training_v8.DriverFixtures) ... ok
2026-10-03T15:41:40.4221911Z test_old_attempt_protected_node_placeholder_overlap_and_existing_outputs_refused (test_run_frontier_training_v8.DriverFixtures) ... ok
2026-10-03T15:41:40.8049432Z test_real_trainer_journal_shape_without_options_is_supported (test_run_frontier_training_v8.DriverFixtures) ... ok
2026-10-03T15:41:41.0204100Z test_reserved_files_are_never_parsed (test_run_frontier_training_v8.DriverFixtures) ... ok
2026-10-03T15:41:41.2393136Z test_resource_receipt_flag_cannot_unlock_execution (test_run_frontier_training_v8.DriverFixtures) ... ok
2026-10-03T15:41:41.7049342Z test_runtime_lock_platform_or_stage_mutation_rejected (test_run_frontier_training_v8.DriverFixtures) ... ok
2026-10-03T15:41:42.0809109Z test_runtime_version_or_position_shadowing_rejected (test_run_frontier_training_v8.DriverFixtures) ... ok
2026-10-03T15:41:42.1508236Z test_source_inventory_cannot_claim_other_bytes (test_run_frontier_training_v8.DriverFixtures) ... ok
2026-10-03T15:41:42.2275008Z test_special_manifest_or_plan_rejected_before_open (test_run_frontier_training_v8.DriverFixtures) ... ok
2026-10-03T15:41:42.3251205Z test_symlink_and_special_dataset_leaf_rejected (test_run_frontier_training_v8.DriverFixtures) ... ok
2026-10-03T15:41:42.3276484Z test_bad_temperature (test_service_suite.ServiceSuiteTests) ... ok
2026-10-03T15:41:42.3291211Z test_binding_policy_cannot_override_hostname_or_training_card (test_service_suite.ServiceSuiteTests) ... ok
2026-10-03T15:41:42.3399424Z test_browser_only_passes_checkpoint_identity_without_workflow_input (test_service_suite.ServiceSuiteTests) ... ok
2026-10-03T15:41:42.3463715Z test_cli_guard_before_gpu_and_children (test_service_suite.ServiceSuiteTests) ... ok
2026-10-03T15:41:42.3469839Z test_command_workloads (test_service_suite.ServiceSuiteTests) ... ok
2026-10-03T15:41:42.3476547Z test_control_commands_pin_full_identity_and_complete_splits (test_service_suite.ServiceSuiteTests) ... ok
2026-10-03T15:41:42.4453163Z test_control_preflight_failure_precedes_output_gpu_and_subprocesses (test_service_suite.ServiceSuiteTests) ... ok
2026-10-03T15:41:42.4466894Z test_control_preflight_is_opt_in_and_uses_existing_frozen_loaders (test_service_suite.ServiceSuiteTests) ... ok
2026-10-03T15:41:42.4733258Z test_controls_run_serially_retain_failures_and_clean_each_server (test_service_suite.ServiceSuiteTests) ... ok
2026-10-03T15:41:42.4843379Z test_drone_only_pins_identity_and_keeps_gpu_cleanup (test_service_suite.ServiceSuiteTests) ... ok
2026-10-03T15:41:42.4852176Z test_existing_measurement_logs_not_overwritten (test_service_suite.ServiceSuiteTests) ... ok
2026-10-03T15:41:42.4963557Z test_fatal_provider_collection_retains_summary_then_cleans_without_probe (test_service_suite.ServiceSuiteTests) ... ok
2026-10-03T15:41:42.5160900Z test_frontier_only_runs_all_three_checkpoints_without_workflow_input (test_service_suite.ServiceSuiteTests) ... ok
2026-10-03T15:41:42.5172381Z test_gpu_selection_and_busy_rejection (test_service_suite.ServiceSuiteTests) ... ok
2026-10-03T15:41:42.5191715Z test_hash_and_wrong_model (test_service_suite.ServiceSuiteTests) ... ok
2026-10-03T15:41:42.5301027Z test_identity_mismatch_stops_and_cleans_server (test_service_suite.ServiceSuiteTests) ... ok
2026-10-03T15:41:42.5694584Z test_larger_capacity_reaches_every_server_and_identity (test_service_suite.ServiceSuiteTests) ... ok
2026-10-03T15:41:42.5860490Z test_measurement_exit_and_live_pid_record (test_service_suite.ServiceSuiteTests) ... ok
2026-10-03T15:41:42.5874302Z test_measurement_interrupt_recorded_and_reaped (test_service_suite.ServiceSuiteTests) ... ok
2026-10-03T15:41:42.6398579Z test_measurement_timeout_reaps_own_child (test_service_suite.ServiceSuiteTests) ... ok
2026-10-03T15:41:42.6428540Z test_missing_browser_cases_rejected_before_gpu_or_spawn (test_service_suite.ServiceSuiteTests) ... ok
2026-10-03T15:41:42.6456716Z test_missing_drone_cases_rejected_before_gpu_or_spawn (test_service_suite.ServiceSuiteTests) ... ok
2026-10-03T15:41:42.6499870Z test_nan_timeout_rejected_on_authorized_host (test_service_suite.ServiceSuiteTests) ... ok
2026-10-03T15:41:42.6579818Z test_nonpositive_server_capacity_rejected_before_gpu_or_spawn (test_service_suite.ServiceSuiteTests) ... ok
2026-10-03T15:41:42.6619835Z test_probe_rejects_changed_identity_and_invalid_probability (test_service_suite.ServiceSuiteTests) ... ok
2026-10-03T15:41:42.6640497Z test_provider_commands_keep_gold_out_of_inference_and_pin_identity (test_service_suite.ServiceSuiteTests) ... ok
2026-10-03T15:41:42.6672475Z test_provider_preflight_pins_manifests_files_and_gold_alignment (test_service_suite.ServiceSuiteTests) ... ok
2026-10-03T15:41:42.6719567Z test_provider_preflight_rejection_precedes_output_gpu_and_children (test_service_suite.ServiceSuiteTests) ... ok
2026-10-03T15:41:42.7074118Z test_provider_quality_runs_all_five_suites_before_releasing_each_model (test_service_suite.ServiceSuiteTests) ... ok
2026-10-03T15:41:42.7130812Z test_provider_raw_binding_preserves_types_order_and_strict_decoding (test_service_suite.ServiceSuiteTests) ... ok
2026-10-03T15:41:42.7181764Z test_provider_summary_rechecks_raw_identity_and_retains_partial_denominator (test_service_suite.ServiceSuiteTests) ... ok
2026-10-03T15:41:42.7194845Z test_readiness_requires_own_log (test_service_suite.ServiceSuiteTests) ... ok
2026-10-03T15:41:42.7238012Z test_repeated_or_unknown_model_rejected_before_gpu_or_spawn (test_service_suite.ServiceSuiteTests) ... ok
2026-10-03T15:41:42.7337446Z test_selected_checkpoint_does_not_require_other_model_files (test_service_suite.ServiceSuiteTests) ... ok
2026-10-03T15:41:42.7453362Z test_stopped_trec_retains_summary_and_cleans_before_any_next_probe (test_service_suite.ServiceSuiteTests) ... ok
2026-10-03T15:41:42.7822221Z test_three_models_serial_semantic_failure_continues_latency_last (test_service_suite.ServiceSuiteTests) ... ok
2026-10-03T15:41:42.7835686Z test_trec_commands_pin_identity_and_never_pass_qrels (test_service_suite.ServiceSuiteTests) ... ok
2026-10-03T15:41:42.8070862Z test_trec_inputs_and_outputs_cannot_enter_training_tree (test_service_suite.ServiceSuiteTests) ... ok
2026-10-03T15:41:42.8231458Z test_trec_models_are_serial_and_failed_queries_keep_cleanup (test_service_suite.ServiceSuiteTests) ... ok
2026-10-03T15:41:42.8659585Z test_trec_preflight_bad_hashes_precede_output_gpu_and_children (test_service_suite.ServiceSuiteTests) ... ok
2026-10-03T15:41:42.9422902Z test_trec_preflight_is_opt_in_and_binds_full_input_and_qrels (test_service_suite.ServiceSuiteTests) ... ok
2026-10-03T15:41:42.9527976Z test_trec_rejected_audit_cleans_before_any_next_probe (test_service_suite.ServiceSuiteTests) ... ok
2026-10-03T15:41:42.9621600Z test_trec_summary_requires_settled_identity_and_offline_audit (test_service_suite.ServiceSuiteTests) ... ok
2026-10-03T15:41:42.9627100Z test_typed_doom_mode_reaches_game_evaluator (test_service_suite.ServiceSuiteTests) ... ok
2026-10-03T15:41:42.9628986Z test_ambiguous_json_is_rejected (test_serving.ServingTest) ... ok
2026-10-03T15:41:42.9637305Z test_chunked_choice_is_normalized_after_reassembly (test_serving.ServingTest) ... ok
2026-10-03T15:41:43.4738754Z test_http_client_official_route_and_errors (test_serving.ServingTest) ... ok
2026-10-03T15:41:43.9844900Z test_http_inventory_lists_requests_and_keeps_artifacts_fetchable (test_serving.ServingTest) ... ok
2026-10-03T15:41:43.9847228Z test_invalid_backend_cannot_return_fake_answers (test_serving.ServingTest) ... ok
2026-10-03T15:41:43.9848366Z test_limits_and_unknown_models_fail_before_backend (test_serving.ServingTest) ... ok
2026-10-03T15:41:44.0063709Z test_all_variants_derive_labels_from_body_in_every_layout (test_silent_failure_data.SilentFailureBodyTest) ... ok
2026-10-03T15:41:44.0070610Z test_ambiguous_unknown_and_duplicate_grammar_is_rejected (test_silent_failure_data.SilentFailureBodyTest) ... ok
2026-10-03T15:41:44.0072673Z test_current_counts_override_historical_counts (test_silent_failure_data.SilentFailureBodyTest) ... ok
2026-10-03T15:41:44.0080743Z test_current_history_swap_flips_label_but_order_does_not (test_silent_failure_data.SilentFailureBodyTest) ... ok
2026-10-03T15:41:44.0084354Z test_empty_search_and_required_empty_receipt_have_different_meanings (test_silent_failure_data.SilentFailureBodyTest) ... ok
2026-10-03T15:41:44.0199526Z test_json_order_whitespace_and_html_current_document_pairs (test_silent_failure_data.SilentFailureBodyTest) ... ok
2026-10-03T15:41:44.0201419Z test_metadata_and_targets_never_enter_model_prompt (test_silent_failure_data.SilentFailureBodyTest) ... ok
2026-10-03T15:41:44.0203321Z test_numeric_text_boundary_from_visible_requirement (test_silent_failure_data.SilentFailureBodyTest) ... ok
2026-10-03T15:41:44.0207719Z test_partial_permission_alone_changes_result_and_pending_job_is_valid (test_silent_failure_data.SilentFailureBodyTest) ... ok
2026-10-03T15:41:44.0210125Z test_quoted_error_and_archived_debug_text_are_not_current_failure (test_silent_failure_data.SilentFailureBodyTest) ... ok
2026-10-03T15:41:44.0211563Z test_runtime_preserves_original_body_and_single_noul (test_silent_failure_data.SilentFailureBodyTest) ... ok
2026-10-03T15:41:44.1061312Z test_audit_counts_pair_isolation_and_byte_determinism (test_silent_failure_data.SilentFailureCorpusTest) ... ok
2026-10-03T15:41:44.1227102Z test_body_only_runtime_contract_rejects_status_wrapper (test_silent_failure_data.SilentFailureCorpusTest) ... ok
2026-10-03T15:41:44.1373415Z test_counterfactual_cannot_cross_split (test_silent_failure_data.SilentFailureCorpusTest) ... ok
2026-10-03T15:41:44.1387712Z test_existing_output_symlink_and_bad_sizes_rejected (test_silent_failure_data.SilentFailureCorpusTest) ... ok
2026-10-03T15:41:44.1553028Z test_label_tamper_after_rehash_still_fails_semantic_audit (test_silent_failure_data.SilentFailureCorpusTest) ... ok
2026-10-03T15:41:44.1579217Z test_source_and_data_hashes_are_checked (test_silent_failure_data.SilentFailureCorpusTest) ... ok
2026-10-03T15:41:44.1595782Z test_changed_derivative_is_rejected_before_curation (test_site_display_media.ApprovedSiteMediaTests) ... ok
2026-10-03T15:41:44.1642881Z test_curation_retains_phone_derivatives_in_temporary_site (test_site_display_media.ApprovedSiteMediaTests) ... ok
2026-10-03T15:41:44.1651042Z test_derivatives_are_not_kept_when_phone_item_is_not_selected (test_site_display_media.ApprovedSiteMediaTests) ... ok
2026-10-03T15:41:44.1663701Z test_manifest_cannot_approve_an_unexpected_path (test_site_display_media.ApprovedSiteMediaTests) ... ok
2026-10-03T15:41:44.1677473Z test_selected_phone_item_keeps_exact_manifest_backed_derivatives (test_site_display_media.ApprovedSiteMediaTests) ... ok
2026-10-03T15:41:44.1695036Z test_windows_text_line_endings_match_manifest_hashes (test_site_display_media.ApprovedSiteMediaTests) ... ok
2026-10-03T15:41:44.6766407Z test_blank_instructions_and_invalid_categories_never_reach_fixture (test_space_app.SpaceHTTPTest) ... ok
2026-10-03T15:41:45.1806189Z test_busy_rejects_second_request_while_health_works (test_space_app.SpaceHTTPTest) ... ok
2026-10-03T15:41:45.6909685Z test_canonical_page_assets_and_developer_link (test_space_app.SpaceHTTPTest) ... ok
2026-10-03T15:41:46.1933767Z test_errors_do_not_echo_input_or_raw_exception (test_space_app.SpaceHTTPTest) ... ok
2026-10-03T15:41:46.6979367Z test_loading_and_error_do_not_claim_ready_or_infer (test_space_app.SpaceHTTPTest) ... ok
2026-10-03T15:41:47.2013874Z test_plain_category_names_reach_fixture (test_space_app.SpaceHTTPTest) ... ok
2026-10-03T15:41:47.7064592Z test_request_limits_and_origin_guard (test_space_app.SpaceHTTPTest) ... ok
2026-10-03T15:41:47.7093214Z test_financial_evidence_and_ownership_counterexamples (test_sponsor_segments.SponsorSegmentTest) ... ok
2026-10-03T15:41:47.8537951Z test_generated_contract_and_labels (test_sponsor_segments.SponsorSegmentTest) ... ok
2026-10-03T15:41:47.8625501Z test_marker_timestamp_and_neighbour_not_label_oracle (test_sponsor_segments.SponsorSegmentTest) ... ok
2026-10-03T15:41:48.0196236Z test_persisted_audit_and_rehashed_bad_target (test_sponsor_segments.SponsorSegmentTest) ... ok
2026-10-03T15:41:48.1970334Z test_shared_context_brand_identity_and_manifest_count_checks (test_sponsor_segments.SponsorSegmentTest) ... ok
2026-10-03T15:41:48.3102857Z test_counterfactuals_change_exactly_the_visible_requested_metric (test_sql_semantics_v3.SQLSemanticsV3Test) ... ok
2026-10-03T15:41:48.3111158Z test_database_and_structural_families_are_split_disjoint (test_sql_semantics_v3.SQLSemanticsV3Test) ... ok
2026-10-03T15:41:48.3116655Z test_equal_answers_are_not_mislabeled_as_negatives (test_sql_semantics_v3.SQLSemanticsV3Test) ... ok
2026-10-03T15:41:48.4828627Z test_full_layout_smoke_independent_sqlite_replay (test_sql_semantics_v3.SQLSemanticsV3Test) ... ok
2026-10-03T15:41:48.4833502Z test_halfway_rounding_matches_stated_business_rule (test_sql_semantics_v3.SQLSemanticsV3Test) ... ok
2026-10-03T15:41:48.5096993Z test_hand_calculated_fixtures_cover_every_business_operator (test_sql_semantics_v3.SQLSemanticsV3Test) ... ok
2026-10-03T15:41:48.6158416Z test_label_result_and_visible_data_tampering_are_detected (test_sql_semantics_v3.SQLSemanticsV3Test) ... ok
2026-10-03T15:41:48.6213996Z test_metadata_never_determines_answer_and_no_results_in_inputs (test_sql_semantics_v3.SQLSemanticsV3Test) ... ok
2026-10-03T15:41:49.2255085Z test_reproducible_no_input_files_and_non_overwriting_build (test_sql_semantics_v3.SQLSemanticsV3Test) ... ok
2026-10-03T15:41:49.2267884Z test_syntax_errors_writes_and_multiple_statements_are_rejected (test_sql_semantics_v3.SQLSemanticsV3Test) ... ok
2026-10-03T15:41:49.2284027Z test_named_human_can_finish_no_route_without_forcing_a_catalog_label (test_support_routing.SupportRoutingTests) ... ok
2026-10-03T15:41:49.7314210Z test_real_http_schema_probabilities_and_identity_drift (test_support_routing.SupportRoutingTests) ... ok
2026-10-03T15:41:49.7334140Z test_review_queue_keeps_unresolved_rows_and_requires_human_attribution (test_support_routing.SupportRoutingTests) ... ok
2026-10-03T15:41:49.7336290Z test_shortlist_never_reads_gold_and_retrieval_failure_stays_visible (test_support_routing.SupportRoutingTests) ... ok
2026-10-03T15:41:49.7364718Z test_test_gold_and_predictions_follow_calibration_lock_without_retuning (test_support_routing.SupportRoutingTests) ... ok
2026-10-03T15:41:49.7366529Z test_threshold_fit_abstains_when_no_calibration_policy_is_met (test_support_routing.SupportRoutingTests) ... ok
2026-10-03T15:41:49.7726084Z test_complete_frozen_groups_disjoint_splits_and_boundary_offset_coverage (test_temporal_windows_v5.TemporalWindowsV5Test) ... ok
2026-10-03T15:41:49.7727596Z test_epoch_seconds_equivalent_instants_and_strict_timestamp_grammar (test_temporal_windows_v5.TemporalWindowsV5Test) ... ok
2026-10-03T15:41:49.8154991Z test_freeze_hashes_refuses_overwrite_and_detects_changed_split (test_temporal_windows_v5.TemporalWindowsV5Test) ... ok
2026-10-03T15:41:49.8256613Z test_generator_labels_are_checked_by_separate_epoch_implementation (test_temporal_windows_v5.TemporalWindowsV5Test) ... ok
2026-10-03T15:41:49.8259491Z test_hand_calculated_lower_upper_leap_boundaries_and_exception (test_temporal_windows_v5.TemporalWindowsV5Test) ... ok
2026-10-03T15:41:49.8301895Z test_hidden_labels_ids_and_metadata_do_not_enter_model_prompts (test_temporal_windows_v5.TemporalWindowsV5Test) ... ok
2026-10-03T15:41:49.8677012Z test_independent_validator_rejects_corrupted_gold_proposal_and_incomplete_group (test_temporal_windows_v5.TemporalWindowsV5Test) ... ok
2026-10-03T15:41:49.8793052Z test_relabeling_case_ids_cannot_disguise_repeated_temporal_facts (test_temporal_windows_v5.TemporalWindowsV5Test) ... ok
2026-10-03T15:41:49.9573439Z test_frozen_input_hashes_and_separate_calibration (test_train_frontier_controls_v4.ContinuedTrainingTest) ... ok
2026-10-03T15:41:49.9750851Z test_group_sampling_keeps_counterfactuals_and_is_label_independent (test_train_frontier_controls_v4.ContinuedTrainingTest) ... ok
2026-10-03T15:41:49.9791328Z test_identity_binds_head_adapter_and_released_temperature (test_train_frontier_controls_v4.ContinuedTrainingTest) ... ok
2026-10-03T15:41:49.9792399Z test_only_existing_lora_and_head_train (test_train_frontier_controls_v4.ContinuedTrainingTest) ... ok
2026-10-03T15:41:49.9849190Z test_actual_adapter_configuration_and_method_must_agree (test_train_initial_checkpoint.InitialInferenceCheckpointTests) ... ok
2026-10-03T15:41:49.9883743Z test_content_identity_binds_initialization_and_detects_changed_weights (test_train_initial_checkpoint.InitialInferenceCheckpointTests) ... ok
2026-10-03T15:41:49.9895432Z test_default_base_constructor_is_unchanged (test_train_initial_checkpoint.InitialInferenceCheckpointTests) ... ok
2026-10-03T15:41:49.9921889Z test_loads_existing_weights_and_unfreezes_only_lora_and_head (test_train_initial_checkpoint.InitialInferenceCheckpointTests) ... ok
2026-10-03T15:41:49.9943021Z test_missing_serving_files_and_invalid_temperature_are_rejected (test_train_initial_checkpoint.InitialInferenceCheckpointTests) ... ok
2026-10-03T15:41:50.0014305Z test_profile_mismatches_and_resume_reject_before_model_import (test_train_initial_checkpoint.InitialInferenceCheckpointTests) ... ok
2026-10-03T15:41:50.0048913Z test_lease_self_registration_and_controller_closing_preservation (test_train_temporal_windows_v5.TemporalPilotTest) ... ok
2026-10-03T15:41:50.0052115Z test_paired_regression_counts_and_mismatched_evidence_rejection (test_train_temporal_windows_v5.TemporalPilotTest) ... ok
2026-10-03T15:41:50.0060937Z test_temperature_ablation_keeps_argmax_but_changes_noul_threshold_behavior (test_train_temporal_windows_v5.TemporalPilotTest) ... ok
2026-10-03T15:41:50.0093416Z test_cli_defaults_to_legacy_and_exposes_explicit_opt_in (test_training_deferred_heldout.DeferredHeldoutTests) ... ok
2026-10-03T15:41:50.0132085Z test_complete_allowed_splits_are_validated_before_sampling_or_model_construction (test_training_deferred_heldout.DeferredHeldoutTests) ... ok
2026-10-03T15:41:50.1252737Z test_default_keeps_all_split_validation_baselines_and_heldout_evaluation (test_training_deferred_heldout.DeferredHeldoutTests) ... ok
2026-10-03T15:41:50.7016774Z test_deferred_reload_rejects_nonfinite_width_and_value_mismatches_without_summary (test_training_deferred_heldout.DeferredHeldoutTests) ... ok
2026-10-03T15:41:50.7035583Z test_deferred_resume_and_snapshots_rejected_before_runtime_imports (test_training_deferred_heldout.DeferredHeldoutTests) ... ok
2026-10-03T15:41:50.7986308Z test_deferred_run_never_reads_or_forwards_heldout_and_saves_fixed_final (test_training_deferred_heldout.DeferredHeldoutTests) ... ok
2026-10-03T15:41:50.8025910Z test_deferred_run_requires_calibration (test_training_deferred_heldout.DeferredHeldoutTests) ... ok
2026-10-03T15:41:50.8042242Z test_opt_in_changes_identity_without_changing_default_argument_schema (test_training_deferred_heldout.DeferredHeldoutTests) ... ok
2026-10-03T15:41:50.8126342Z test_all_snapshot_artifacts_and_old_log_cursor_are_verified (test_training_initialization.InitializationContractTests) ... ok
2026-10-03T15:41:50.8180049Z test_cli_and_programmatic_run_reject_initialization_plus_resume (test_training_initialization.InitializationContractTests) ... ok
2026-10-03T15:41:50.8233374Z test_model_revision_rank_topology_and_complete_snapshot_are_required (test_training_initialization.InitializationContractTests) ... ok
2026-10-03T15:41:50.8250660Z test_provenance_rejects_missing_extra_malformed_and_reset_fields (test_training_initialization.InitializationContractTests) ... ok
2026-10-03T15:41:50.8279593Z test_weights_initialization_accepts_new_data_but_binds_source_content (test_training_initialization.InitializationContractTests) ... ok
2026-10-03T15:41:50.8281739Z test_changed_preflight_bytes_or_provenance_are_rejected (test_training_initialization.InitializationNumericalTests) ... skipped 'requires optional torch runtime'
2026-10-03T15:41:50.8283606Z test_four_rank_run_measures_initialized_baseline_and_resumes_new_stage_trajectory (test_training_initialization.InitializationNumericalTests) ... skipped 'requires optional torch runtime'
2026-10-03T15:41:50.8285583Z test_future_resume_tensor_binding_rejects_removed_or_rewritten_provenance (test_training_initialization.InitializationNumericalTests) ... skipped 'requires optional torch runtime'
2026-10-03T15:41:50.8287446Z test_invalid_tensor_payload_never_partially_copies_weights (test_training_initialization.InitializationNumericalTests) ... skipped 'requires optional torch runtime'
2026-10-03T15:41:50.8289652Z test_only_trainable_weights_copy_without_optimizer_rng_or_base_mutation (test_training_initialization.InitializationNumericalTests) ... skipped 'requires optional torch runtime'
2026-10-03T15:41:50.9624286Z test_both_installed_cli_help_commands_work_without_model_imports (test_training_provenance.TrainingProvenanceTests) ... ok
2026-10-03T15:41:50.9922065Z test_both_trainers_reject_before_imports_or_argument_access (test_training_provenance.TrainingProvenanceTests) ... ok
2026-10-03T15:41:51.0247834Z test_caller_git_environment_cannot_override_source_checkout (test_training_provenance.TrainingProvenanceTests) ... ok
2026-10-03T15:41:51.0569294Z test_caller_head_is_wrong_but_source_head_is_recorded (test_training_provenance.TrainingProvenanceTests) ... ok
2026-10-03T15:41:51.0901595Z test_dirty_source_checkout_remains_supported (test_training_provenance.TrainingProvenanceTests) ... ok
2026-10-03T15:41:51.1201677Z test_installed_package_cannot_inherit_ancestor_repository (test_training_provenance.TrainingProvenanceTests) ... ok
2026-10-03T15:41:51.1519098Z test_invalid_git_marker_cannot_inherit_ancestor_repository (test_training_provenance.TrainingProvenanceTests) ... ok
2026-10-03T15:41:51.1901838Z test_real_git_worktree_with_git_file_is_supported (test_training_provenance.TrainingProvenanceTests) ... ok
2026-10-03T15:41:51.2222279Z test_source_head_is_recorded_outside_any_repository (test_training_provenance.TrainingProvenanceTests) ... ok
2026-10-03T15:41:51.2259253Z test_artifact_restore_archives_interrupted_log_and_keeps_final_calibration (test_training_resume.ResumeIdentityTests) ... ok
2026-10-03T15:41:51.2298169Z test_identity_binds_training_configuration_dataset_and_order (test_training_resume.ResumeIdentityTests) ... ok
2026-10-03T15:41:51.2300265Z test_original_baseline_ids_targets_and_order_are_required (test_training_resume.ResumeIdentityTests) ... ok
2026-10-03T15:41:51.2321024Z test_snapshot_checksum_and_log_cursor_are_verified_before_tensor_loading (test_training_resume.ResumeIdentityTests) ... ok
2026-10-03T15:41:51.2322862Z test_cpu_dropout_rng_optimizer_and_parameter_trajectory_resume_exactly (test_training_resume.ResumeNumericalTests) ... skipped 'requires optional torch runtime'
2026-10-03T15:41:51.2901061Z test_actual_scores_change_later_windows_and_requests_are_saved_before_calls (test_trec_provider.TrecProviderTest) ... ok
2026-10-03T15:41:51.3351477Z test_declared_mass_only_scalar_analysis_never_becomes_primary_ranking (test_trec_provider.TrecProviderTest) ... ok
2026-10-03T15:41:51.4357789Z test_endpoint_rejections_stop_all_remaining_queries (test_trec_provider.TrecProviderTest) ... ok
2026-10-03T15:41:51.5091968Z test_frozen_input_contract_rejects_gold_metadata_hash_mismatch_and_overwrite (test_trec_provider.TrecProviderTest) ... ok
2026-10-03T15:41:54.2032966Z test_full_run_completes_all_97_queries_in_exactly_873_calls (test_trec_provider.TrecProviderTest) ... ok
2026-10-03T15:41:54.2906023Z test_jev_mass_or_expectation_failure_is_retained_and_next_query_runs (test_trec_provider.TrecProviderTest) ... ok
2026-10-03T15:41:54.3192182Z test_mass_and_expectation_failure_cannot_use_scalar_analysis (test_trec_provider.TrecProviderTest) ... ok
2026-10-03T15:41:54.3474821Z test_nonfinite_parsed_response_keeps_exact_raw_text_and_fails_query (test_trec_provider.TrecProviderTest) ... ok
2026-10-03T15:41:54.3564380Z test_openai_envelope_preserves_integer_scores_without_probabilities (test_trec_provider.TrecProviderTest) ... ok
2026-10-03T15:41:54.4223070Z test_request_time_and_usage_cost_budgets_preserve_partial_and_pending (test_trec_provider.TrecProviderTest) ... ok
2026-10-03T15:41:54.4539068Z test_thrown_attempt_error_is_saved_redacted_and_cost_remains_unknown (test_trec_provider.TrecProviderTest) ... ok
2026-10-03T15:41:58.3755147Z test_finished_collection_with_mass_failure_retains_full_denominator (test_trec_summary.TrecSummaryTest) ... ok
2026-10-03T15:42:02.9044345Z test_full_openai_collection_has_no_fabricated_scalar_probability_analysis (test_trec_summary.TrecSummaryTest) ... ok
2026-10-03T15:42:03.0015937Z test_input_and_qrel_manifest_hashes_are_required (test_trec_summary.TrecSummaryTest) ... ok
2026-10-03T15:42:03.2312002Z test_live_report_prefix_may_have_unscored_newer_raw_records (test_trec_summary.TrecSummaryTest) ... ok
2026-10-03T15:42:03.3494383Z test_mass_only_query_primary_zero_and_supplemental_uses_actual_saved_scalars (test_trec_summary.TrecSummaryTest) ... ok
2026-10-03T15:42:03.4428251Z test_mass_only_then_hard_error_does_not_publish_either_ranking (test_trec_summary.TrecSummaryTest) ... ok
2026-10-03T15:42:03.5629401Z test_partial_run_uses_full_qrels_and_direct_grade_including_outside_candidates (test_trec_summary.TrecSummaryTest) ... ok
2026-10-03T15:42:03.8065146Z test_python310_mass_diagnostics_replay_exactly_without_relaxing_validation (test_trec_summary.TrecSummaryTest) ... ok
2026-10-03T15:42:04.0081671Z test_rejects_permutation_tampering_flags_and_adaptive_window_changes (test_trec_summary.TrecSummaryTest) ... ok
2026-10-03T15:42:04.1999931Z test_rejects_raw_payload_response_model_or_order_tampering (test_trec_summary.TrecSummaryTest) ... ok
2026-10-03T15:42:08.1023356Z test_top_level_running_status_never_becomes_complete_even_after_all_queries (test_trec_summary.TrecSummaryTest) ... ok
2026-10-03T15:42:08.1079084Z test_candidate_permutation_preserves_labels_and_source_groups (test_wanli_data.WanliTests) ... ok
2026-10-03T15:42:08.1080747Z test_conflicts_are_removed_not_arbitrarily_resolved (test_wanli_data.WanliTests) ... ok
2026-10-03T15:42:08.1095513Z test_existing_output_fails_before_source_download_or_modification (test_wanli_data.WanliTests) ... ok
2026-10-03T15:42:08.1096649Z test_malformed_source_fails (test_wanli_data.WanliTests) ... ok
2026-10-03T15:42:08.1100308Z test_test_components_are_reserved_transitively (test_wanli_data.WanliTests) ... ok
2026-10-03T15:42:08.5093275Z test_http_runner_preserves_responses_and_aborts_on_service_change (test_workflows.WorkflowServiceEvaluationTests) ... ok
2026-10-03T15:42:08.5105859Z test_prediction_identity_binds_case_state_questions_and_split (test_workflows.WorkflowServiceEvaluationTests) ... ok
2026-10-03T15:42:08.8486450Z test_selection_is_heldout_balanced_group_distinct_and_label_independent (test_workflows.WorkflowServiceEvaluationTests) ... ok
2026-10-03T15:42:09.0291538Z test_selection_rejects_cross_split_parent_groups_and_duplicate_ids (test_workflows.WorkflowServiceEvaluationTests) ... ok
2026-10-03T15:42:09.0294378Z test_service_identity_rejects_oracle_mismatch_and_tracks_artifact_digest (test_workflows.WorkflowServiceEvaluationTests) ... ok
2026-10-03T15:42:09.0299081Z test_agent_permission_is_evaluated_at_call_time_with_exact_scope (test_workflows.WorkflowTests) ... ok
2026-10-03T15:42:09.0316683Z test_all_workflows_compile_as_target_free_independent_questions (test_workflows.WorkflowTests) ... ok
2026-10-03T15:42:09.0318266Z test_card_and_cancellation_account_facts_gate_mutations (test_workflows.WorkflowTests) ... ok
2026-10-03T15:42:09.0321596Z test_customer_empty_resolved_negation_and_account_claim_conflict (test_workflows.WorkflowTests) ... ok
2026-10-03T15:42:09.0328896Z test_evaluation_rejects_fixture_claims_and_bad_case_alignment (test_workflows.WorkflowTests) ... ok
2026-10-03T15:42:09.0333099Z test_exclusive_workflows_use_one_disposition_while_customer_can_fan_out (test_workflows.WorkflowTests) ... ok
2026-10-03T15:42:10.8119651Z test_generated_groups_stay_together_and_models_cannot_see_references (test_workflows.WorkflowTests) ... ok
2026-10-03T15:42:10.8126498Z test_invoice_financial_boundaries_and_grants (test_workflows.WorkflowTests) ... ok
2026-10-03T15:42:11.7569827Z test_manifest_and_saved_jsonl_are_reproducible (test_workflows.WorkflowTests) ... ok
2026-10-03T15:42:11.7579190Z test_refund_requires_exact_account_object_amount_and_current_consent (test_workflows.WorkflowTests) ... ok
2026-10-03T15:42:11.7582402Z test_security_maintenance_must_match_asset_activity_and_time (test_workflows.WorkflowTests) ... ok
2026-10-03T15:42:11.7584604Z test_security_priority_grant_expiry_and_production_isolation (test_workflows.WorkflowTests) ... ok
2026-10-03T15:42:11.7585332Z 
2026-10-03T15:42:11.7588153Z ----------------------------------------------------------------------
2026-10-03T15:42:11.7589465Z Ran 1390 tests in 230.209s
2026-10-03T15:42:11.7589775Z 
2026-10-03T15:42:11.7589955Z OK (skipped=90)
2026-10-03T15:42:11.7590417Z {
2026-10-03T15:42:11.7590825Z   "trace": "/tmp/tmpm7fp08yc/typed.json",
2026-10-03T15:42:11.7591537Z   "policy": "random_baseline",
2026-10-03T15:42:11.7591853Z   "is_model": false,
2026-10-03T15:42:11.7592115Z   "episodes": 1,
2026-10-03T15:42:11.7592368Z   "metrics": [
2026-10-03T15:42:11.7592605Z     {
2026-10-03T15:42:11.7592825Z       "steps": 2,
2026-10-03T15:42:11.7593088Z       "stop_reason": "terminal",
2026-10-03T15:42:11.7593410Z       "total_reward": 2.0,
2026-10-03T15:42:11.7593746Z       "mean_decision_latency_ms": 0.09236300000026176,
2026-10-03T15:42:11.7594131Z       "engine_total_reward": 2.0,
2026-10-03T15:42:11.7594440Z       "elapsed_tics": 8
2026-10-03T15:42:11.7594698Z     }
2026-10-03T15:42:11.7594910Z   ]
2026-10-03T15:42:11.7595119Z }
2026-10-03T15:42:12.0608770Z ##[group]Run python -m build --wheel
2026-10-03T15:42:12.0609135Z [36;1mpython -m build --wheel[0m
2026-10-03T15:42:12.0672214Z shell: /usr/bin/bash -e {0}
2026-10-03T15:42:12.0672473Z env:
2026-10-03T15:42:12.0672746Z   pythonLocation: /opt/hostedtoolcache/Python/3.10.21/x64
2026-10-03T15:42:12.0673223Z   PKG_CONFIG_PATH: /opt/hostedtoolcache/Python/3.10.21/x64/lib/pkgconfig
2026-10-03T15:42:12.0673684Z   Python_ROOT_DIR: /opt/hostedtoolcache/Python/3.10.21/x64
2026-10-03T15:42:12.0674105Z   Python2_ROOT_DIR: /opt/hostedtoolcache/Python/3.10.21/x64
2026-10-03T15:42:12.0674511Z   Python3_ROOT_DIR: /opt/hostedtoolcache/Python/3.10.21/x64
2026-10-03T15:42:12.0675100Z   LD_LIBRARY_PATH: /opt/hostedtoolcache/Python/3.10.21/x64/lib
2026-10-03T15:42:12.0675441Z ##[endgroup]
2026-10-03T15:42:12.2229881Z * Creating isolated environment: venv+pip...
2026-10-03T15:42:12.2739044Z * Installing packages in isolated environment:
2026-10-03T15:42:12.2739844Z   - setuptools>=77.0.3
2026-10-03T15:42:13.6598052Z * Getting build dependencies for wheel...
2026-10-03T15:42:14.1418084Z running egg_info
2026-10-03T15:42:14.1430266Z creating open_jev.egg-info
2026-10-03T15:42:14.1431854Z writing open_jev.egg-info/PKG-INFO
2026-10-03T15:42:14.1447275Z writing dependency_links to open_jev.egg-info/dependency_links.txt
2026-10-03T15:42:14.1450783Z writing entry points to open_jev.egg-info/entry_points.txt
2026-10-03T15:42:14.1459569Z writing requirements to open_jev.egg-info/requires.txt
2026-10-03T15:42:14.1461170Z writing top-level names to open_jev.egg-info/top_level.txt
2026-10-03T15:42:14.1462877Z writing manifest file 'open_jev.egg-info/SOURCES.txt'
2026-10-03T15:42:14.1527947Z reading manifest file 'open_jev.egg-info/SOURCES.txt'
2026-10-03T15:42:14.1530322Z adding license file 'LICENSE'
2026-10-03T15:42:14.1552632Z writing manifest file 'open_jev.egg-info/SOURCES.txt'
2026-10-03T15:42:14.1768214Z * Installed build dependency versions:
2026-10-03T15:42:14.1768951Z   - setuptools==84.0.0
2026-10-03T15:42:14.1769370Z * Building wheel...
2026-10-03T15:42:14.3342409Z running bdist_wheel
2026-10-03T15:42:14.3388962Z running build
2026-10-03T15:42:14.3389410Z running build_py
2026-10-03T15:42:14.3409060Z creating build/lib/jev
2026-10-03T15:42:14.3411819Z copying jev/temporal_windows_v5.py -> build/lib/jev
2026-10-03T15:42:14.3414487Z copying jev/mailroom_audit.py -> build/lib/jev
2026-10-03T15:42:14.3417114Z copying jev/ir_eval.py -> build/lib/jev
2026-10-03T15:42:14.3419814Z copying jev/case_doom.py -> build/lib/jev
2026-10-03T15:42:14.3422439Z copying jev/server.py -> build/lib/jev
2026-10-03T15:42:14.3424828Z copying jev/painting.py -> build/lib/jev
2026-10-03T15:42:14.3427375Z copying jev/mailroom_probe.py -> build/lib/jev
2026-10-03T15:42:14.3430076Z copying jev/silent_failure_data.py -> build/lib/jev
2026-10-03T15:42:14.3432547Z copying jev/community_diversity_v2.py -> build/lib/jev
2026-10-03T15:42:14.3435486Z copying jev/boundary_controls_v7.py -> build/lib/jev
2026-10-03T15:42:14.3437953Z copying jev/case_workflows.py -> build/lib/jev
2026-10-03T15:42:14.3440668Z copying jev/metrics.py -> build/lib/jev
2026-10-03T15:42:14.3443109Z copying jev/context_retention_data.py -> build/lib/jev
2026-10-03T15:42:14.3445545Z copying jev/case_customer.py -> build/lib/jev
2026-10-03T15:42:14.3447972Z copying jev/public_data.py -> build/lib/jev
2026-10-03T15:42:14.3450592Z copying jev/ir_data.py -> build/lib/jev
2026-10-03T15:42:14.3452954Z copying jev/game_cli.py -> build/lib/jev
2026-10-03T15:42:14.3455379Z copying jev/sql_semantics_v3.py -> build/lib/jev
2026-10-03T15:42:14.3457921Z copying jev/sharded_model.py -> build/lib/jev
2026-10-03T15:42:14.3460607Z copying jev/community_workflow_v3.py -> build/lib/jev
2026-10-03T15:42:14.3463141Z copying jev/serving.py -> build/lib/jev
2026-10-03T15:42:14.3465567Z copying jev/mailroom_data.py -> build/lib/jev
2026-10-03T15:42:14.3468779Z copying jev/case_entity_alignment.py -> build/lib/jev
2026-10-03T15:42:14.3471453Z copying jev/case_wikiracing.py -> build/lib/jev
2026-10-03T15:42:14.3474216Z copying jev/doom_control.py -> build/lib/jev
2026-10-03T15:42:14.3476252Z copying jev/frontier_controls_v4.py -> build/lib/jev
2026-10-03T15:42:14.3478803Z copying jev/fast_backend.py -> build/lib/jev
2026-10-03T15:42:14.3481441Z copying jev/case_browser.py -> build/lib/jev
2026-10-03T15:42:14.3483895Z copying jev/prefix_cache.py -> build/lib/jev
2026-10-03T15:42:14.3486359Z copying jev/case_sponsor_segments.py -> build/lib/jev
2026-10-03T15:42:14.3488830Z copying jev/wanli_data.py -> build/lib/jev
2026-10-03T15:42:14.3491575Z copying jev/model.py -> build/lib/jev
2026-10-03T15:42:14.3494060Z copying jev/case_drone.py -> build/lib/jev
2026-10-03T15:42:14.3496579Z copying jev/case_reasoning.py -> build/lib/jev
2026-10-03T15:42:14.3499057Z copying jev/case_phone_extraction.py -> build/lib/jev
2026-10-03T15:42:14.3501752Z copying jev/workflows.py -> build/lib/jev
2026-10-03T15:42:14.3504207Z copying jev/games.py -> build/lib/jev
2026-10-03T15:42:14.3506892Z copying jev/predict.py -> build/lib/jev
2026-10-03T15:42:14.3509350Z copying jev/recipes.py -> build/lib/jev
2026-10-03T15:42:14.3511865Z copying jev/shared_resources.py -> build/lib/jev
2026-10-03T15:42:14.3514315Z copying jev/client.py -> build/lib/jev
2026-10-03T15:42:14.3516646Z copying jev/train.py -> build/lib/jev
2026-10-03T15:42:14.3519528Z copying jev/community.py -> build/lib/jev
2026-10-03T15:42:14.3522071Z copying jev/policy_controls_v6.py -> build/lib/jev
2026-10-03T15:42:14.3524601Z copying jev/inference_initialization.py -> build/lib/jev
2026-10-03T15:42:14.3526985Z copying jev/community_routing_v3.py -> build/lib/jev
2026-10-03T15:42:14.3529654Z copying jev/__init__.py -> build/lib/jev
2026-10-03T15:42:14.3532007Z copying jev/case_email_selection.py -> build/lib/jev
2026-10-03T15:42:14.3534478Z copying jev/eval_resources.py -> build/lib/jev
2026-10-03T15:42:14.3536952Z copying jev/case_citation.py -> build/lib/jev
2026-10-03T15:42:14.3539624Z copying jev/case_amount_extraction.py -> build/lib/jev
2026-10-03T15:42:14.3542123Z copying jev/eval_frontier.py -> build/lib/jev
2026-10-03T15:42:14.3544623Z copying jev/api.py -> build/lib/jev
2026-10-03T15:42:14.3546991Z copying jev/mix_data.py -> build/lib/jev
2026-10-03T15:42:14.3549463Z copying jev/data.py -> build/lib/jev
2026-10-03T15:42:14.3552036Z copying jev/frontier_controls_v8.py -> build/lib/jev
2026-10-03T15:42:14.3554533Z copying jev/train_distributed.py -> build/lib/jev
2026-10-03T15:42:14.3557906Z creating build/lib/third_party
2026-10-03T15:42:14.3559571Z copying third_party/__init__.py -> build/lib/third_party
2026-10-03T15:42:14.3562981Z creating build/lib/jev/kernels
2026-10-03T15:42:14.3564508Z copying jev/kernels/triton_tail.py -> build/lib/jev/kernels
2026-10-03T15:42:14.3567132Z copying jev/kernels/final_score.py -> build/lib/jev/kernels
2026-10-03T15:42:14.3569652Z copying jev/kernels/__init__.py -> build/lib/jev/kernels
2026-10-03T15:42:14.3572839Z creating build/lib/third_party/open_jev_fast
2026-10-03T15:42:14.3574328Z copying third_party/open_jev_fast/__init__.py -> build/lib/third_party/open_jev_fast
2026-10-03T15:42:14.3577885Z creating build/lib/third_party/open_jev_fast/src
2026-10-03T15:42:14.3579627Z copying third_party/open_jev_fast/src/fastmodel.py -> build/lib/third_party/open_jev_fast/src
2026-10-03T15:42:14.3582590Z copying third_party/open_jev_fast/src/ext.py -> build/lib/third_party/open_jev_fast/src
2026-10-03T15:42:14.3584874Z copying third_party/open_jev_fast/src/lt_ext.py -> build/lib/third_party/open_jev_fast/src
2026-10-03T15:42:14.3587417Z copying third_party/open_jev_fast/src/__init__.py -> build/lib/third_party/open_jev_fast/src
2026-10-03T15:42:14.3588926Z running egg_info
2026-10-03T15:42:14.3600004Z writing open_jev.egg-info/PKG-INFO
2026-10-03T15:42:14.3616905Z writing dependency_links to open_jev.egg-info/dependency_links.txt
2026-10-03T15:42:14.3620784Z writing entry points to open_jev.egg-info/entry_points.txt
2026-10-03T15:42:14.3629955Z writing requirements to open_jev.egg-info/requires.txt
2026-10-03T15:42:14.3631641Z writing top-level names to open_jev.egg-info/top_level.txt
2026-10-03T15:42:14.3676624Z reading manifest file 'open_jev.egg-info/SOURCES.txt'
2026-10-03T15:42:14.3698379Z adding license file 'LICENSE'
2026-10-03T15:42:14.3728328Z writing manifest file 'open_jev.egg-info/SOURCES.txt'
2026-10-03T15:42:14.3747516Z copying third_party/open_jev_fast/LICENSE -> build/lib/third_party/open_jev_fast
2026-10-03T15:42:14.3750233Z copying third_party/open_jev_fast/PROVENANCE.json -> build/lib/third_party/open_jev_fast
2026-10-03T15:42:14.3752827Z copying third_party/open_jev_fast/THIRD_PARTY_NOTICES.md -> build/lib/third_party/open_jev_fast
2026-10-03T15:42:14.3755668Z copying third_party/open_jev_fast/src/kernels.cu -> build/lib/third_party/open_jev_fast/src
2026-10-03T15:42:14.3760045Z copying third_party/open_jev_fast/src/lt.cpp -> build/lib/third_party/open_jev_fast/src
2026-10-03T15:42:14.3791339Z installing to build/bdist.linux-x86_64/wheel
2026-10-03T15:42:14.3791891Z running install
2026-10-03T15:42:14.3846425Z running install_lib
2026-10-03T15:42:14.3857391Z creating build/bdist.linux-x86_64/wheel
2026-10-03T15:42:14.3860388Z creating build/bdist.linux-x86_64/wheel/jev
2026-10-03T15:42:14.3862248Z copying build/lib/jev/temporal_windows_v5.py -> build/bdist.linux-x86_64/wheel/./jev
2026-10-03T15:42:14.3864201Z copying build/lib/jev/mailroom_audit.py -> build/bdist.linux-x86_64/wheel/./jev
2026-10-03T15:42:14.3866153Z copying build/lib/jev/ir_eval.py -> build/bdist.linux-x86_64/wheel/./jev
2026-10-03T15:42:14.3868097Z copying build/lib/jev/case_doom.py -> build/bdist.linux-x86_64/wheel/./jev
2026-10-03T15:42:14.3870262Z copying build/lib/jev/server.py -> build/bdist.linux-x86_64/wheel/./jev
2026-10-03T15:42:14.3872134Z copying build/lib/jev/painting.py -> build/bdist.linux-x86_64/wheel/./jev
2026-10-03T15:42:14.3874086Z copying build/lib/jev/mailroom_probe.py -> build/bdist.linux-x86_64/wheel/./jev
2026-10-03T15:42:14.3875916Z copying build/lib/jev/silent_failure_data.py -> build/bdist.linux-x86_64/wheel/./jev
2026-10-03T15:42:14.3877857Z copying build/lib/jev/community_diversity_v2.py -> build/bdist.linux-x86_64/wheel/./jev
2026-10-03T15:42:14.3880247Z copying build/lib/jev/boundary_controls_v7.py -> build/bdist.linux-x86_64/wheel/./jev
2026-10-03T15:42:14.3882285Z copying build/lib/jev/case_workflows.py -> build/bdist.linux-x86_64/wheel/./jev
2026-10-03T15:42:14.3884279Z copying build/lib/jev/metrics.py -> build/bdist.linux-x86_64/wheel/./jev
2026-10-03T15:42:14.3886214Z copying build/lib/jev/context_retention_data.py -> build/bdist.linux-x86_64/wheel/./jev
2026-10-03T15:42:14.3888121Z copying build/lib/jev/case_customer.py -> build/bdist.linux-x86_64/wheel/./jev
2026-10-03T15:42:14.3890307Z copying build/lib/jev/public_data.py -> build/bdist.linux-x86_64/wheel/./jev
2026-10-03T15:42:14.3892171Z copying build/lib/jev/ir_data.py -> build/bdist.linux-x86_64/wheel/./jev
2026-10-03T15:42:14.3894104Z copying build/lib/jev/game_cli.py -> build/bdist.linux-x86_64/wheel/./jev
2026-10-03T15:42:14.3896003Z copying build/lib/jev/sql_semantics_v3.py -> build/bdist.linux-x86_64/wheel/./jev
2026-10-03T15:42:14.3898024Z copying build/lib/jev/sharded_model.py -> build/bdist.linux-x86_64/wheel/./jev
2026-10-03T15:42:14.3900194Z copying build/lib/jev/community_workflow_v3.py -> build/bdist.linux-x86_64/wheel/./jev
2026-10-03T15:42:14.3902155Z copying build/lib/jev/serving.py -> build/bdist.linux-x86_64/wheel/./jev
2026-10-03T15:42:14.3904048Z copying build/lib/jev/mailroom_data.py -> build/bdist.linux-x86_64/wheel/./jev
2026-10-03T15:42:14.3906040Z copying build/lib/jev/case_entity_alignment.py -> build/bdist.linux-x86_64/wheel/./jev
2026-10-03T15:42:14.3907971Z copying build/lib/jev/case_wikiracing.py -> build/bdist.linux-x86_64/wheel/./jev
2026-10-03T15:42:14.3910179Z copying build/lib/jev/doom_control.py -> build/bdist.linux-x86_64/wheel/./jev
2026-10-03T15:42:14.3912045Z copying build/lib/jev/frontier_controls_v4.py -> build/bdist.linux-x86_64/wheel/./jev
2026-10-03T15:42:14.3914191Z copying build/lib/jev/fast_backend.py -> build/bdist.linux-x86_64/wheel/./jev
2026-10-03T15:42:14.3916026Z copying build/lib/jev/case_browser.py -> build/bdist.linux-x86_64/wheel/./jev
2026-10-03T15:42:14.3917912Z copying build/lib/jev/prefix_cache.py -> build/bdist.linux-x86_64/wheel/./jev
2026-10-03T15:42:14.3920101Z copying build/lib/jev/case_sponsor_segments.py -> build/bdist.linux-x86_64/wheel/./jev
2026-10-03T15:42:14.3921955Z copying build/lib/jev/wanli_data.py -> build/bdist.linux-x86_64/wheel/./jev
2026-10-03T15:42:14.3923812Z copying build/lib/jev/model.py -> build/bdist.linux-x86_64/wheel/./jev
2026-10-03T15:42:14.3926151Z creating build/bdist.linux-x86_64/wheel/jev/kernels
2026-10-03T15:42:14.3928429Z copying build/lib/jev/kernels/triton_tail.py -> build/bdist.linux-x86_64/wheel/./jev/kernels
2026-10-03T15:42:14.3930396Z copying build/lib/jev/kernels/final_score.py -> build/bdist.linux-x86_64/wheel/./jev/kernels
2026-10-03T15:42:14.3932264Z copying build/lib/jev/kernels/__init__.py -> build/bdist.linux-x86_64/wheel/./jev/kernels
2026-10-03T15:42:14.3934109Z copying build/lib/jev/case_drone.py -> build/bdist.linux-x86_64/wheel/./jev
2026-10-03T15:42:14.3936835Z copying build/lib/jev/case_reasoning.py -> build/bdist.linux-x86_64/wheel/./jev
2026-10-03T15:42:14.3938889Z copying build/lib/jev/case_phone_extraction.py -> build/bdist.linux-x86_64/wheel/./jev
2026-10-03T15:42:14.3941416Z copying build/lib/jev/workflows.py -> build/bdist.linux-x86_64/wheel/./jev
2026-10-03T15:42:14.3943204Z copying build/lib/jev/games.py -> build/bdist.linux-x86_64/wheel/./jev
2026-10-03T15:42:14.3945878Z copying build/lib/jev/predict.py -> build/bdist.linux-x86_64/wheel/./jev
2026-10-03T15:42:14.3947534Z copying build/lib/jev/recipes.py -> build/bdist.linux-x86_64/wheel/./jev
2026-10-03T15:42:14.3950263Z copying build/lib/jev/shared_resources.py -> build/bdist.linux-x86_64/wheel/./jev
2026-10-03T15:42:14.3952133Z copying build/lib/jev/client.py -> build/bdist.linux-x86_64/wheel/./jev
2026-10-03T15:42:14.3954009Z copying build/lib/jev/train.py -> build/bdist.linux-x86_64/wheel/./jev
2026-10-03T15:42:14.3956508Z copying build/lib/jev/community.py -> build/bdist.linux-x86_64/wheel/./jev
2026-10-03T15:42:14.3958700Z copying build/lib/jev/policy_controls_v6.py -> build/bdist.linux-x86_64/wheel/./jev
2026-10-03T15:42:14.3960794Z copying build/lib/jev/inference_initialization.py -> build/bdist.linux-x86_64/wheel/./jev
2026-10-03T15:42:14.3962728Z copying build/lib/jev/community_routing_v3.py -> build/bdist.linux-x86_64/wheel/./jev
2026-10-03T15:42:14.3964711Z copying build/lib/jev/__init__.py -> build/bdist.linux-x86_64/wheel/./jev
2026-10-03T15:42:14.3966689Z copying build/lib/jev/case_email_selection.py -> build/bdist.linux-x86_64/wheel/./jev
2026-10-03T15:42:14.3968902Z copying build/lib/jev/eval_resources.py -> build/bdist.linux-x86_64/wheel/./jev
2026-10-03T15:42:14.3971295Z copying build/lib/jev/case_citation.py -> build/bdist.linux-x86_64/wheel/./jev
2026-10-03T15:42:14.3973194Z copying build/lib/jev/case_amount_extraction.py -> build/bdist.linux-x86_64/wheel/./jev
2026-10-03T15:42:14.3975224Z copying build/lib/jev/eval_frontier.py -> build/bdist.linux-x86_64/wheel/./jev
2026-10-03T15:42:14.3977537Z copying build/lib/jev/api.py -> build/bdist.linux-x86_64/wheel/./jev
2026-10-03T15:42:14.3979546Z copying build/lib/jev/mix_data.py -> build/bdist.linux-x86_64/wheel/./jev
2026-10-03T15:42:14.3981430Z copying build/lib/jev/data.py -> build/bdist.linux-x86_64/wheel/./jev
2026-10-03T15:42:14.3984117Z copying build/lib/jev/frontier_controls_v8.py -> build/bdist.linux-x86_64/wheel/./jev
2026-10-03T15:42:14.3986048Z copying build/lib/jev/train_distributed.py -> build/bdist.linux-x86_64/wheel/./jev
2026-10-03T15:42:14.3988999Z creating build/bdist.linux-x86_64/wheel/third_party
2026-10-03T15:42:14.3991601Z creating build/bdist.linux-x86_64/wheel/third_party/open_jev_fast
2026-10-03T15:42:14.3993325Z copying build/lib/third_party/open_jev_fast/LICENSE -> build/bdist.linux-x86_64/wheel/./third_party/open_jev_fast
2026-10-03T15:42:14.3995514Z copying build/lib/third_party/open_jev_fast/PROVENANCE.json -> build/bdist.linux-x86_64/wheel/./third_party/open_jev_fast
2026-10-03T15:42:14.3997475Z creating build/bdist.linux-x86_64/wheel/third_party/open_jev_fast/src
2026-10-03T15:42:14.3999811Z copying build/lib/third_party/open_jev_fast/src/fastmodel.py -> build/bdist.linux-x86_64/wheel/./third_party/open_jev_fast/src
2026-10-03T15:42:14.4002001Z copying build/lib/third_party/open_jev_fast/src/ext.py -> build/bdist.linux-x86_64/wheel/./third_party/open_jev_fast/src
2026-10-03T15:42:14.4004024Z copying build/lib/third_party/open_jev_fast/src/lt_ext.py -> build/bdist.linux-x86_64/wheel/./third_party/open_jev_fast/src
2026-10-03T15:42:14.4005891Z copying build/lib/third_party/open_jev_fast/src/kernels.cu -> build/bdist.linux-x86_64/wheel/./third_party/open_jev_fast/src
2026-10-03T15:42:14.4010047Z copying build/lib/third_party/open_jev_fast/src/lt.cpp -> build/bdist.linux-x86_64/wheel/./third_party/open_jev_fast/src
2026-10-03T15:42:14.4011796Z copying build/lib/third_party/open_jev_fast/src/__init__.py -> build/bdist.linux-x86_64/wheel/./third_party/open_jev_fast/src
2026-10-03T15:42:14.4013728Z copying build/lib/third_party/open_jev_fast/THIRD_PARTY_NOTICES.md -> build/bdist.linux-x86_64/wheel/./third_party/open_jev_fast
2026-10-03T15:42:14.4015587Z copying build/lib/third_party/open_jev_fast/__init__.py -> build/bdist.linux-x86_64/wheel/./third_party/open_jev_fast
2026-10-03T15:42:14.4017269Z copying build/lib/third_party/__init__.py -> build/bdist.linux-x86_64/wheel/./third_party
2026-10-03T15:42:14.4019005Z running install_egg_info
2026-10-03T15:42:14.4029799Z Copying open_jev.egg-info to build/bdist.linux-x86_64/wheel/./open_jev-0.1.0.dev0-py3.10.egg-info
2026-10-03T15:42:14.4038452Z running install_scripts
2026-10-03T15:42:14.4049757Z creating build/bdist.linux-x86_64/wheel/open_jev-0.1.0.dev0.dist-info/WHEEL
2026-10-03T15:42:14.4054116Z creating '/home/runner/work/Open-Jev/Open-Jev/dist/.tmp-oqmukunj/open_jev-0.1.0.dev0-py3-none-any.whl' and adding 'build/bdist.linux-x86_64/wheel' to it
2026-10-03T15:42:14.4057888Z adding 'jev/__init__.py'
2026-10-03T15:42:14.4062239Z adding 'jev/api.py'
2026-10-03T15:42:14.4070460Z adding 'jev/boundary_controls_v7.py'
2026-10-03T15:42:14.4080390Z adding 'jev/case_amount_extraction.py'
2026-10-03T15:42:14.4088361Z adding 'jev/case_browser.py'
2026-10-03T15:42:14.4094186Z adding 'jev/case_citation.py'
2026-10-03T15:42:14.4101291Z adding 'jev/case_customer.py'
2026-10-03T15:42:14.4107556Z adding 'jev/case_doom.py'
2026-10-03T15:42:14.4115615Z adding 'jev/case_drone.py'
2026-10-03T15:42:14.4122383Z adding 'jev/case_email_selection.py'
2026-10-03T15:42:14.4129034Z adding 'jev/case_entity_alignment.py'
2026-10-03T15:42:14.4137930Z adding 'jev/case_phone_extraction.py'
2026-10-03T15:42:14.4145422Z adding 'jev/case_reasoning.py'
2026-10-03T15:42:14.4151615Z adding 'jev/case_sponsor_segments.py'
2026-10-03T15:42:14.4157809Z adding 'jev/case_wikiracing.py'
2026-10-03T15:42:14.4165199Z adding 'jev/case_workflows.py'
2026-10-03T15:42:14.4167825Z adding 'jev/client.py'
2026-10-03T15:42:14.4177530Z adding 'jev/community.py'
2026-10-03T15:42:14.4200516Z adding 'jev/community_diversity_v2.py'
2026-10-03T15:42:14.4208186Z adding 'jev/community_routing_v3.py'
2026-10-03T15:42:14.4221021Z adding 'jev/community_workflow_v3.py'
2026-10-03T15:42:14.4227390Z adding 'jev/context_retention_data.py'
2026-10-03T15:42:14.4236096Z adding 'jev/data.py'
2026-10-03T15:42:14.4239708Z adding 'jev/doom_control.py'
2026-10-03T15:42:14.4247651Z adding 'jev/eval_frontier.py'
2026-10-03T15:42:14.4254124Z adding 'jev/eval_resources.py'
2026-10-03T15:42:14.4258633Z adding 'jev/fast_backend.py'
2026-10-03T15:42:14.4263925Z adding 'jev/frontier_controls_v4.py'
2026-10-03T15:42:14.4273635Z adding 'jev/frontier_controls_v8.py'
2026-10-03T15:42:14.4277269Z adding 'jev/game_cli.py'
2026-10-03T15:42:14.4293846Z adding 'jev/games.py'
2026-10-03T15:42:14.4298310Z adding 'jev/inference_initialization.py'
2026-10-03T15:42:14.4303391Z adding 'jev/ir_data.py'
2026-10-03T15:42:14.4309108Z adding 'jev/ir_eval.py'
2026-10-03T15:42:14.4315556Z adding 'jev/mailroom_audit.py'
2026-10-03T15:42:14.4322870Z adding 'jev/mailroom_data.py'
2026-10-03T15:42:14.4326709Z adding 'jev/mailroom_probe.py'
2026-10-03T15:42:14.4331317Z adding 'jev/metrics.py'
2026-10-03T15:42:14.4334055Z adding 'jev/mix_data.py'
2026-10-03T15:42:14.4340257Z adding 'jev/model.py'
2026-10-03T15:42:14.4345669Z adding 'jev/painting.py'
2026-10-03T15:42:14.4351499Z adding 'jev/policy_controls_v6.py'
2026-10-03T15:42:14.4354392Z adding 'jev/predict.py'
2026-10-03T15:42:14.4360877Z adding 'jev/prefix_cache.py'
2026-10-03T15:42:14.4364357Z adding 'jev/public_data.py'
2026-10-03T15:42:14.4369993Z adding 'jev/recipes.py'
2026-10-03T15:42:14.4373752Z adding 'jev/server.py'
2026-10-03T15:42:14.4377776Z adding 'jev/serving.py'
2026-10-03T15:42:14.4383790Z adding 'jev/sharded_model.py'
2026-10-03T15:42:14.4392308Z adding 'jev/shared_resources.py'
2026-10-03T15:42:14.4398217Z adding 'jev/silent_failure_data.py'
2026-10-03T15:42:14.4408947Z adding 'jev/sql_semantics_v3.py'
2026-10-03T15:42:14.4412505Z adding 'jev/temporal_windows_v5.py'
2026-10-03T15:42:14.4422906Z adding 'jev/train.py'
2026-10-03T15:42:14.4434645Z adding 'jev/train_distributed.py'
2026-10-03T15:42:14.4438443Z adding 'jev/wanli_data.py'
2026-10-03T15:42:14.4447182Z adding 'jev/workflows.py'
2026-10-03T15:42:14.4449913Z adding 'jev/kernels/__init__.py'
2026-10-03T15:42:14.4452669Z adding 'jev/kernels/final_score.py'
2026-10-03T15:42:14.4455103Z adding 'jev/kernels/triton_tail.py'
2026-10-03T15:42:14.4458984Z adding 'open_jev-0.1.0.dev0.dist-info/licenses/LICENSE'
2026-10-03T15:42:14.4461448Z adding 'third_party/__init__.py'
2026-10-03T15:42:14.4464059Z adding 'third_party/open_jev_fast/LICENSE'
2026-10-03T15:42:14.4466369Z adding 'third_party/open_jev_fast/PROVENANCE.json'
2026-10-03T15:42:14.4470238Z adding 'third_party/open_jev_fast/THIRD_PARTY_NOTICES.md'
2026-10-03T15:42:14.4472158Z adding 'third_party/open_jev_fast/__init__.py'
2026-10-03T15:42:14.4474414Z adding 'third_party/open_jev_fast/src/__init__.py'
2026-10-03T15:42:14.4477309Z adding 'third_party/open_jev_fast/src/ext.py'
2026-10-03T15:42:14.4487543Z adding 'third_party/open_jev_fast/src/fastmodel.py'
2026-10-03T15:42:14.4539008Z adding 'third_party/open_jev_fast/src/kernels.cu'
2026-10-03T15:42:14.4544897Z adding 'third_party/open_jev_fast/src/lt.cpp'
2026-10-03T15:42:14.4547147Z adding 'third_party/open_jev_fast/src/lt_ext.py'
2026-10-03T15:42:14.4558802Z adding 'open_jev-0.1.0.dev0.dist-info/METADATA'
2026-10-03T15:42:14.4560695Z adding 'open_jev-0.1.0.dev0.dist-info/WHEEL'
2026-10-03T15:42:14.4562130Z adding 'open_jev-0.1.0.dev0.dist-info/entry_points.txt'
2026-10-03T15:42:14.4563888Z adding 'open_jev-0.1.0.dev0.dist-info/top_level.txt'
2026-10-03T15:42:14.4567914Z adding 'open_jev-0.1.0.dev0.dist-info/RECORD'
2026-10-03T15:42:14.4571063Z removing build/bdist.linux-x86_64/wheel
2026-10-03T15:42:14.4922974Z Successfully built open_jev-0.1.0.dev0-py3-none-any.whl
2026-10-03T15:42:14.5105919Z ##[group]Run python - <<'PY'
2026-10-03T15:42:14.5106244Z [36;1mpython - <<'PY'[0m
2026-10-03T15:42:14.5106490Z [36;1mfrom pathlib import Path[0m
2026-10-03T15:42:14.5106766Z [36;1mfrom zipfile import ZipFile[0m
2026-10-03T15:42:14.5107085Z [36;1mwheel = next(Path('dist').glob('*.whl'))[0m
2026-10-03T15:42:14.5107389Z [36;1mrequired = {[0m
2026-10-03T15:42:14.5107630Z [36;1m    'jev/kernels/triton_tail.py',[0m
2026-10-03T15:42:14.5107976Z [36;1m    'third_party/open_jev_fast/src/fastmodel.py',[0m
2026-10-03T15:42:14.5108349Z [36;1m    'third_party/open_jev_fast/src/kernels.cu',[0m
2026-10-03T15:42:14.5108901Z [36;1m    'third_party/open_jev_fast/src/lt.cpp',[0m
2026-10-03T15:42:14.5109222Z [36;1m    'third_party/open_jev_fast/LICENSE',[0m
2026-10-03T15:42:14.5109574Z [36;1m    'third_party/open_jev_fast/PROVENANCE.json',[0m
2026-10-03T15:42:14.5109949Z [36;1m    'third_party/open_jev_fast/THIRD_PARTY_NOTICES.md',[0m
2026-10-03T15:42:14.5110290Z [36;1m}[0m
2026-10-03T15:42:14.5110498Z [36;1mwith ZipFile(wheel) as package:[0m
2026-10-03T15:42:14.5110931Z [36;1m    assert required <= set(package.namelist()), required - set(package.namelist())[0m
2026-10-03T15:42:14.5111356Z [36;1mPY[0m
2026-10-03T15:42:14.5174270Z shell: /usr/bin/bash -e {0}
2026-10-03T15:42:14.5174521Z env:
2026-10-03T15:42:14.5174791Z   pythonLocation: /opt/hostedtoolcache/Python/3.10.21/x64
2026-10-03T15:42:14.5175239Z   PKG_CONFIG_PATH: /opt/hostedtoolcache/Python/3.10.21/x64/lib/pkgconfig
2026-10-03T15:42:14.5175674Z   Python_ROOT_DIR: /opt/hostedtoolcache/Python/3.10.21/x64
2026-10-03T15:42:14.5176066Z   Python2_ROOT_DIR: /opt/hostedtoolcache/Python/3.10.21/x64
2026-10-03T15:42:14.5176456Z   Python3_ROOT_DIR: /opt/hostedtoolcache/Python/3.10.21/x64
2026-10-03T15:42:14.5176844Z   LD_LIBRARY_PATH: /opt/hostedtoolcache/Python/3.10.21/x64/lib
2026-10-03T15:42:14.5177340Z ##[endgroup]
2026-10-03T15:42:14.5652229Z Post job cleanup.
2026-10-03T15:42:14.6812316Z (node:16408) [DEP0040] DeprecationWarning: The `punycode` module is deprecated. Please use a userland alternative instead.
2026-10-03T15:42:14.6813338Z (Use `node --trace-deprecation ...` to show where the warning was created)
2026-10-03T15:42:14.7056125Z Post job cleanup.
2026-10-03T15:42:14.7962762Z [command]/usr/bin/git version
2026-10-03T15:42:14.8005003Z git version 2.55.0
2026-10-03T15:42:14.8042779Z Temporarily overriding HOME='/home/runner/work/_temp/c60853de-00c2-46c9-a98f-34171b97520a' before making global git config changes
2026-10-03T15:42:14.8044080Z Adding repository directory to the temporary git global config as a safe directory
2026-10-03T15:42:14.8048778Z [command]/usr/bin/git config --global --add safe.directory /home/runner/work/Open-Jev/Open-Jev
2026-10-03T15:42:14.8088183Z [command]/usr/bin/git config --local --name-only --get-regexp core\.sshCommand
2026-10-03T15:42:14.8127236Z [command]/usr/bin/git submodule foreach --recursive sh -c "git config --local --name-only --get-regexp 'core\.sshCommand' && git config --local --unset-all 'core.sshCommand' || :"
2026-10-03T15:42:14.8417153Z [command]/usr/bin/git config --local --name-only --get-regexp http\.https\:\/\/github\.com\/\.extraheader
2026-10-03T15:42:14.8444910Z http.https://github.com/.extraheader
2026-10-03T15:42:14.8460920Z [command]/usr/bin/git config --local --unset-all http.https://github.com/.extraheader
2026-10-03T15:42:14.8503259Z [command]/usr/bin/git submodule foreach --recursive sh -c "git config --local --name-only --get-regexp 'http\.https\:\/\/github\.com\/\.extraheader' && git config --local --unset-all 'http.https://github.com/.extraheader' || :"
2026-10-03T15:42:14.8754580Z [command]/usr/bin/git config --local --name-only --get-regexp ^includeIf\.gitdir:
2026-10-03T15:42:14.8860528Z [command]/usr/bin/git submodule foreach --recursive git config --local --show-origin --name-only --get-regexp remote.origin.url
2026-10-03T15:42:14.9362039Z Cleaning up orphan processes
2026-10-03T15:42:14.9749024Z ##[warning]Node.js 20 is deprecated. The following actions target Node.js 20 but are being forced to run on Node.js 24: actions/checkout@v4, actions/setup-python@v5. For more information see: https://github.blog/changelog/2025-09-19-deprecation-of-node-20-on-github-actions-runners/
