2026-10-03T15:38:14.0311015Z Current runner version: '2.337.0'
2026-10-03T15:38:14.0336934Z ##[group]Runner Image Provisioner
2026-10-03T15:38:14.0337771Z Hosted Compute Agent
2026-10-03T15:38:14.0338363Z Version: 20260901.588
2026-10-03T15:38:14.0339090Z Commit: f88ec8081b781fac6c440065ac7ff9e710ce3d0b
2026-10-03T15:38:14.0339821Z Build Date: 2026-09-01T19:56:44Z
2026-10-03T15:38:14.0340516Z Worker ID: {bb98b327-c7cc-40d5-9570-42ed68795253}
2026-10-03T15:38:14.0341335Z Azure Region: eastus2
2026-10-03T15:38:14.0341914Z ##[endgroup]
2026-10-03T15:38:14.0343696Z ##[group]Operating System
2026-10-03T15:38:14.0344363Z Ubuntu
2026-10-03T15:38:14.0344860Z 24.04.5
2026-10-03T15:38:14.0345442Z LTS
2026-10-03T15:38:14.0345951Z ##[endgroup]
2026-10-03T15:38:14.0346675Z ##[group]Runner Image
2026-10-03T15:38:14.0347286Z Image: ubuntu-24.04
2026-10-03T15:38:14.0347852Z Version: 20260927.320.1
2026-10-03T15:38:14.0349161Z Included Software: https://github.com/actions/runner-images/blob/ubuntu24/20260927.320/images/ubuntu/Ubuntu2404-Readme.md
2026-10-03T15:38:14.0351166Z Image Release: https://github.com/actions/runner-images/releases/tag/ubuntu24%2F20260927.320
2026-10-03T15:38:14.0352176Z ##[endgroup]
2026-10-03T15:38:14.0353766Z ##[group]GITHUB_TOKEN Permissions
2026-10-03T15:38:14.0355958Z Contents: read
2026-10-03T15:38:14.0356692Z Metadata: read
2026-10-03T15:38:14.0357270Z Packages: read
2026-10-03T15:38:14.0357875Z ##[endgroup]
2026-10-03T15:38:14.0360108Z Secret source: Actions
2026-10-03T15:38:14.0361094Z Cache mode: write
2026-10-03T15:38:14.0362108Z Prepare workflow directory
2026-10-03T15:38:14.0690798Z Prepare all required actions
2026-10-03T15:38:14.0737660Z Getting action download info
2026-10-03T15:38:14.2966149Z Download action repository 'actions/checkout@v4' (SHA:11d5960a326750d5838078e36cf38b85af677262)
2026-10-03T15:38:14.6237747Z Download action repository 'actions/setup-python@v5' (SHA:a26af69be951a213d495a4c3e4e4022e16d87065)
2026-10-03T15:38:14.8286819Z Complete job name: portable (3.14)
2026-10-03T15:38:14.9038818Z ##[group]Run actions/checkout@v4
2026-10-03T15:38:14.9039699Z with:
2026-10-03T15:38:14.9040152Z   repository: Zefan-Cai/Open-Jev
2026-10-03T15:38:14.9044290Z   token: ***
2026-10-03T15:38:14.9044733Z   ssh-strict: true
2026-10-03T15:38:14.9045170Z   ssh-user: git
2026-10-03T15:38:14.9045612Z   persist-credentials: true
2026-10-03T15:38:14.9046090Z   clean: true
2026-10-03T15:38:14.9046543Z   sparse-checkout-cone-mode: true
2026-10-03T15:38:14.9047054Z   fetch-depth: 1
2026-10-03T15:38:14.9047480Z   fetch-tags: false
2026-10-03T15:38:14.9047916Z   show-progress: true
2026-10-03T15:38:14.9048353Z   lfs: false
2026-10-03T15:38:14.9048759Z   submodules: false
2026-10-03T15:38:14.9049198Z   set-safe-directory: true
2026-10-03T15:38:14.9049690Z   allow-unsafe-pr-checkout: false
2026-10-03T15:38:14.9050481Z ##[endgroup]
2026-10-03T15:38:15.0111099Z Syncing repository: Zefan-Cai/Open-Jev
2026-10-03T15:38:15.0113699Z ##[group]Getting Git version info
2026-10-03T15:38:15.0114920Z Working directory is '/home/runner/work/Open-Jev/Open-Jev'
2026-10-03T15:38:15.0116541Z [command]/usr/bin/git version
2026-10-03T15:38:15.1157279Z git version 2.55.0
2026-10-03T15:38:15.1180464Z ##[endgroup]
2026-10-03T15:38:15.1198156Z Temporarily overriding HOME='/home/runner/work/_temp/38ce67ba-98be-4e2a-a5bf-91a211db5532' before making global git config changes
2026-10-03T15:38:15.1200614Z Adding repository directory to the temporary git global config as a safe directory
2026-10-03T15:38:15.1205138Z [command]/usr/bin/git config --global --add safe.directory /home/runner/work/Open-Jev/Open-Jev
2026-10-03T15:38:15.1431754Z Deleting the contents of '/home/runner/work/Open-Jev/Open-Jev'
2026-10-03T15:38:15.1436693Z ##[group]Initializing the repository
2026-10-03T15:38:15.1441831Z [command]/usr/bin/git init /home/runner/work/Open-Jev/Open-Jev
2026-10-03T15:38:15.1872629Z hint: Using 'master' as the name for the initial branch. This default branch name
2026-10-03T15:38:15.1874262Z hint: will change to "main" in Git 3.0. To configure the initial branch name
2026-10-03T15:38:15.1875687Z hint: to use in all of your new repositories, which will suppress this warning,
2026-10-03T15:38:15.1876874Z hint: call:
2026-10-03T15:38:15.1877282Z hint:
2026-10-03T15:38:15.1878026Z hint: 	git config --global init.defaultBranch <name>
2026-10-03T15:38:15.1878897Z hint:
2026-10-03T15:38:15.1879516Z hint: Names commonly chosen instead of 'master' are 'main', 'trunk' and
2026-10-03T15:38:15.1880445Z hint: 'development'. The just-created branch can be renamed via this command:
2026-10-03T15:38:15.1881380Z hint:
2026-10-03T15:38:15.1881820Z hint: 	git branch -m <name>
2026-10-03T15:38:15.1882402Z hint:
2026-10-03T15:38:15.1883025Z hint: Disable this message with "git config set advice.defaultBranchName false"
2026-10-03T15:38:15.1884389Z Initialized empty Git repository in /home/runner/work/Open-Jev/Open-Jev/.git/
2026-10-03T15:38:15.1887263Z [command]/usr/bin/git remote add origin https://github.com/Zefan-Cai/Open-Jev
2026-10-03T15:38:15.2104133Z ##[endgroup]
2026-10-03T15:38:15.2104998Z ##[group]Disabling automatic garbage collection
2026-10-03T15:38:15.2107792Z [command]/usr/bin/git config --local gc.auto 0
2026-10-03T15:38:15.2142213Z ##[endgroup]
2026-10-03T15:38:15.2142945Z ##[group]Setting up auth
2026-10-03T15:38:15.2148994Z [command]/usr/bin/git config --local --name-only --get-regexp core\.sshCommand
2026-10-03T15:38:15.2183558Z [command]/usr/bin/git submodule foreach --recursive sh -c "git config --local --name-only --get-regexp 'core\.sshCommand' && git config --local --unset-all 'core.sshCommand' || :"
2026-10-03T15:38:15.3924511Z [command]/usr/bin/git config --local --name-only --get-regexp http\.https\:\/\/github\.com\/\.extraheader
2026-10-03T15:38:15.3961934Z [command]/usr/bin/git submodule foreach --recursive sh -c "git config --local --name-only --get-regexp 'http\.https\:\/\/github\.com\/\.extraheader' && git config --local --unset-all 'http.https://github.com/.extraheader' || :"
2026-10-03T15:38:15.4204485Z [command]/usr/bin/git config --local --name-only --get-regexp ^includeIf\.gitdir:
2026-10-03T15:38:15.4245405Z [command]/usr/bin/git submodule foreach --recursive git config --local --show-origin --name-only --get-regexp remote.origin.url
2026-10-03T15:38:15.4490560Z [command]/usr/bin/git config --local http.https://github.com/.extraheader AUTHORIZATION: basic ***
2026-10-03T15:38:15.4530980Z ##[endgroup]
2026-10-03T15:38:15.4532765Z ##[group]Fetching the repository
2026-10-03T15:38:15.4541738Z [command]/usr/bin/git -c protocol.version=2 fetch --no-tags --prune --no-recurse-submodules --depth=1 origin +0a8bc5adb06a7b0a0618b46d7bb908bb7c170e19:refs/remotes/origin/codex/open-jev-v8-operational-bridge-20261003
2026-10-03T15:38:16.9124226Z From https://github.com/Zefan-Cai/Open-Jev
2026-10-03T15:38:16.9125882Z  * [new ref]         0a8bc5adb06a7b0a0618b46d7bb908bb7c170e19 -> origin/codex/open-jev-v8-operational-bridge-20261003
2026-10-03T15:38:16.9128700Z ##[endgroup]
2026-10-03T15:38:16.9129782Z ##[group]Determining the checkout info
2026-10-03T15:38:16.9131818Z ##[endgroup]
2026-10-03T15:38:16.9138208Z [command]/usr/bin/git sparse-checkout disable
2026-10-03T15:38:16.9305095Z [command]/usr/bin/git config --local --unset-all extensions.worktreeConfig
2026-10-03T15:38:16.9337330Z ##[group]Checking out the ref
2026-10-03T15:38:16.9344369Z [command]/usr/bin/git checkout --progress --force -B codex/open-jev-v8-operational-bridge-20261003 refs/remotes/origin/codex/open-jev-v8-operational-bridge-20261003
2026-10-03T15:38:17.3549119Z Switched to a new branch 'codex/open-jev-v8-operational-bridge-20261003'
2026-10-03T15:38:17.3553727Z branch 'codex/open-jev-v8-operational-bridge-20261003' set up to track 'origin/codex/open-jev-v8-operational-bridge-20261003'.
2026-10-03T15:38:17.3584277Z ##[endgroup]
2026-10-03T15:38:17.3630551Z [command]/usr/bin/git log -1 --format=%H
2026-10-03T15:38:17.3658078Z 0a8bc5adb06a7b0a0618b46d7bb908bb7c170e19
2026-10-03T15:38:17.3927083Z ##[group]Run actions/setup-python@v5
2026-10-03T15:38:17.3927456Z with:
2026-10-03T15:38:17.3927701Z   python-version: 3.14
2026-10-03T15:38:17.3928167Z   check-latest: false
2026-10-03T15:38:17.3930659Z   token: ***
2026-10-03T15:38:17.3930925Z   update-environment: true
2026-10-03T15:38:17.3931224Z   allow-prereleases: false
2026-10-03T15:38:17.3931515Z   freethreaded: false
2026-10-03T15:38:17.3931773Z ##[endgroup]
2026-10-03T15:38:17.5272647Z ##[group]Installed versions
2026-10-03T15:38:17.5617844Z (node:2296) [DEP0040] DeprecationWarning: The `punycode` module is deprecated. Please use a userland alternative instead.
2026-10-03T15:38:17.5618730Z (Use `node --trace-deprecation ...` to show where the warning was created)
2026-10-03T15:38:17.5619428Z Successfully set up CPython (3.14.7)
2026-10-03T15:38:17.5620323Z ##[endgroup]
2026-10-03T15:38:17.5811597Z ##[group]Run python -m pip install build
2026-10-03T15:38:17.5812078Z [36;1mpython -m pip install build[0m
2026-10-03T15:38:17.7269191Z shell: /usr/bin/bash -e {0}
2026-10-03T15:38:17.7269605Z env:
2026-10-03T15:38:17.7269989Z   pythonLocation: /opt/hostedtoolcache/Python/3.14.7/x64
2026-10-03T15:38:17.7270638Z   PKG_CONFIG_PATH: /opt/hostedtoolcache/Python/3.14.7/x64/lib/pkgconfig
2026-10-03T15:38:17.7271120Z   Python_ROOT_DIR: /opt/hostedtoolcache/Python/3.14.7/x64
2026-10-03T15:38:17.7271560Z   Python2_ROOT_DIR: /opt/hostedtoolcache/Python/3.14.7/x64
2026-10-03T15:38:17.7272003Z   Python3_ROOT_DIR: /opt/hostedtoolcache/Python/3.14.7/x64
2026-10-03T15:38:17.7272427Z   LD_LIBRARY_PATH: /opt/hostedtoolcache/Python/3.14.7/x64/lib
2026-10-03T15:38:17.7272790Z ##[endgroup]
2026-10-03T15:38:20.6449464Z Collecting build
2026-10-03T15:38:20.7128179Z   Downloading build-1.6.1-py3-none-any.whl.metadata (5.6 kB)
2026-10-03T15:38:20.7368739Z Collecting packaging>=24.0 (from build)
2026-10-03T15:38:20.7444241Z   Downloading packaging-26.3-py3-none-any.whl.metadata (3.5 kB)
2026-10-03T15:38:20.7611182Z Collecting pyproject_hooks (from build)
2026-10-03T15:38:20.7687873Z   Downloading pyproject_hooks-1.3.3-py3-none-any.whl.metadata (1.3 kB)
2026-10-03T15:38:20.7796215Z Downloading build-1.6.1-py3-none-any.whl (31 kB)
2026-10-03T15:38:20.7941249Z Downloading packaging-26.3-py3-none-any.whl (129 kB)
2026-10-03T15:38:20.8152272Z Downloading pyproject_hooks-1.3.3-py3-none-any.whl (10 kB)
2026-10-03T15:38:20.9412848Z Installing collected packages: pyproject_hooks, packaging, build
2026-10-03T15:38:21.0993022Z 
2026-10-03T15:38:21.1005907Z Successfully installed build-1.6.1 packaging-26.3 pyproject_hooks-1.3.3
2026-10-03T15:38:21.1565174Z ##[group]Run python -m unittest discover -s tests -v
2026-10-03T15:38:21.1565626Z [36;1mpython -m unittest discover -s tests -v[0m
2026-10-03T15:38:21.1631189Z shell: /usr/bin/bash -e {0}
2026-10-03T15:38:21.1631455Z env:
2026-10-03T15:38:21.1631728Z   pythonLocation: /opt/hostedtoolcache/Python/3.14.7/x64
2026-10-03T15:38:21.1632174Z   PKG_CONFIG_PATH: /opt/hostedtoolcache/Python/3.14.7/x64/lib/pkgconfig
2026-10-03T15:38:21.1632598Z   Python_ROOT_DIR: /opt/hostedtoolcache/Python/3.14.7/x64
2026-10-03T15:38:21.1632990Z   Python2_ROOT_DIR: /opt/hostedtoolcache/Python/3.14.7/x64
2026-10-03T15:38:21.1633815Z   Python3_ROOT_DIR: /opt/hostedtoolcache/Python/3.14.7/x64
2026-10-03T15:38:21.1634212Z   LD_LIBRARY_PATH: /opt/hostedtoolcache/Python/3.14.7/x64/lib
2026-10-03T15:38:21.1634533Z ##[endgroup]
2026-10-03T15:38:23.6868946Z test_case_family_split_and_all_candidate_coverage_are_checked (test_amount_extraction_control.AmountCorpusAuditTest.test_case_family_split_and_all_candidate_coverage_are_checked) ... ok
2026-10-03T15:38:23.6902718Z test_generator_refuses_existing_dataset (test_amount_extraction_control.AmountCorpusAuditTest.test_generator_refuses_existing_dataset) ... ok
2026-10-03T15:38:23.7842812Z test_hidden_labels_and_metadata_do_not_enter_candidate_prompts (test_amount_extraction_control.AmountCorpusAuditTest.test_hidden_labels_and_metadata_do_not_enter_candidate_prompts) ... ok
2026-10-03T15:38:23.9526609Z test_joint_selection_reference_and_target_mutation_is_rejected (test_amount_extraction_control.AmountCorpusAuditTest.test_joint_selection_reference_and_target_mutation_is_rejected) ... ok
2026-10-03T15:38:24.2971382Z test_original_dataset_counts_recall_and_all_candidate_attributes (test_amount_extraction_control.AmountCorpusAuditTest.test_original_dataset_counts_recall_and_all_candidate_attributes) ... ok
2026-10-03T15:38:24.6538560Z test_output_exclusive_creation_preserves_concurrent_file (test_amount_extraction_control.AmountCorpusAuditTest.test_output_exclusive_creation_preserves_concurrent_file) ... ok
2026-10-03T15:38:24.6651881Z test_output_rejects_dataset_paths_aliases_existing_files_and_symlinks (test_amount_extraction_control.AmountCorpusAuditTest.test_output_rejects_dataset_paths_aliases_existing_files_and_symlinks) ... ok
2026-10-03T15:38:24.6769676Z test_source_hash_binding_and_unsealed_bytes_fail (test_amount_extraction_control.AmountCorpusAuditTest.test_source_hash_binding_and_unsealed_bytes_fail) ... ok
2026-10-03T15:38:24.9991614Z test_undefined_is_credit_cannot_gain_a_false_supervised_target (test_amount_extraction_control.AmountCorpusAuditTest.test_undefined_is_credit_cannot_gain_a_false_supervised_target) ... ok
2026-10-03T15:38:25.3181559Z test_visible_flow_mutation_and_wrong_normalization_are_independently_detected (test_amount_extraction_control.AmountCorpusAuditTest.test_visible_flow_mutation_and_wrong_normalization_are_independently_detected) ... ok
2026-10-03T15:38:25.3198493Z test_absent_unsupported_and_unrecalled_populated_fields_remain_distinct (test_amount_extraction_control.AmountRuntimeTest.test_absent_unsupported_and_unrecalled_populated_fields_remain_distinct) ... ok
2026-10-03T15:38:25.3225944Z test_ascii_numeric_grammar_rejects_mixed_unicode_malformed_grouping_and_signs (test_amount_extraction_control.AmountRuntimeTest.test_ascii_numeric_grammar_rejects_mixed_unicode_malformed_grouping_and_signs) ... ok
2026-10-03T15:38:25.3261295Z test_candidate_limit_no_candidates_and_actual_candidate_binding (test_amount_extraction_control.AmountRuntimeTest.test_candidate_limit_no_candidates_and_actual_candidate_binding) ... ok
2026-10-03T15:38:25.3270592Z test_candidates_are_query_blind_and_preserve_original_character_offsets (test_amount_extraction_control.AmountRuntimeTest.test_candidates_are_query_blind_and_preserve_original_character_offsets) ... ok
2026-10-03T15:38:25.3282700Z test_exact_long_decimal_credit_and_zero_ignore_decimal_context (test_amount_extraction_control.AmountRuntimeTest.test_exact_long_decimal_credit_and_zero_ignore_decimal_context) ... ok
2026-10-03T15:38:25.3307866Z test_independent_candidate_scanner_matches_prefix_suffix_and_boundary_cases (test_amount_extraction_control.AmountRuntimeTest.test_independent_candidate_scanner_matches_prefix_suffix_and_boundary_cases) ... ok
2026-10-03T15:38:25.3310035Z test_locale_headers_are_required_unique_and_consistent (test_amount_extraction_control.AmountRuntimeTest.test_locale_headers_are_required_unique_and_consistent) ... ok
2026-10-03T15:38:25.3327325Z test_partial_candidates_cannot_be_rescued_by_counterfeit_predictions (test_amount_extraction_control.AmountRuntimeTest.test_partial_candidates_cannot_be_rescued_by_counterfeit_predictions) ... ok
2026-10-03T15:38:25.3332536Z test_same_value_different_offsets_and_duplicate_target_roles (test_amount_extraction_control.AmountRuntimeTest.test_same_value_different_offsets_and_duplicate_target_roles) ... ok
2026-10-03T15:38:25.3357776Z test_unsigned_signed_conflicting_and_unknown_directions (test_amount_extraction_control.AmountRuntimeTest.test_unsigned_signed_conflicting_and_unknown_directions) ... ok
2026-10-03T15:38:25.3390351Z test_visible_currency_markers_declarations_and_unsupported_currency (test_amount_extraction_control.AmountRuntimeTest.test_visible_currency_markers_declarations_and_unsupported_currency) ... ok
2026-10-03T15:38:25.3431514Z test_changed_artifact_manifest_and_producer_fail_before_dispatch (test_amount_service.AmountDriverFixtures.test_changed_artifact_manifest_and_producer_fail_before_dispatch) ... ok
2026-10-03T15:38:25.3528045Z test_driver_preserves_actual_wire_and_labels_fixture_evidence (test_amount_service.AmountDriverFixtures.test_driver_preserves_actual_wire_and_labels_fixture_evidence) ... ok
2026-10-03T15:38:25.3593469Z test_failed_default_http_path_never_marks_model_quality_evidence (test_amount_service.AmountDriverFixtures.test_failed_default_http_path_never_marks_model_quality_evidence) ... ok
2026-10-03T15:38:25.3658089Z test_interruption_during_b_retains_a_and_all_fixed_denominators (test_amount_service.AmountDriverFixtures.test_interruption_during_b_retains_a_and_all_fixed_denominators) ... ok
2026-10-03T15:38:25.3662413Z test_invalid_identity_split_and_transport_flags_fail_before_dispatch (test_amount_service.AmountDriverFixtures.test_invalid_identity_split_and_transport_flags_fail_before_dispatch) ... ok
2026-10-03T15:38:25.3700475Z test_loader_never_decodes_nonheldout_or_typed_targets (test_amount_service.AmountDriverFixtures.test_loader_never_decodes_nonheldout_or_typed_targets) ... ok
2026-10-03T15:38:25.3728450Z test_outputs_cannot_overwrite_data_or_follow_output_symlink (test_amount_service.AmountDriverFixtures.test_outputs_cannot_overwrite_data_or_follow_output_symlink) ... ok
2026-10-03T15:38:25.3817400Z test_postrun_artifact_change_invalidates_evidence (test_amount_service.AmountDriverFixtures.test_postrun_artifact_change_invalidates_evidence) ... ok
2026-10-03T15:38:25.3837890Z test_absent_and_ambiguous_refusals_have_no_unique_target_denominator (test_amount_service.AmountPipelineFixtures.test_absent_and_ambiguous_refusals_have_no_unique_target_denominator) ... ok
2026-10-03T15:38:25.3875900Z test_b_http_schema_and_identity_failure_preserve_a (test_amount_service.AmountPipelineFixtures.test_b_http_schema_and_identity_failure_preserve_a) ... ok
2026-10-03T15:38:25.3896750Z test_b_uses_actual_wrong_role_even_when_presence_is_false (test_amount_service.AmountPipelineFixtures.test_b_uses_actual_wrong_role_even_when_presence_is_false) ... ok
2026-10-03T15:38:25.3916215Z test_equal_amount_at_other_offset_is_not_extraction_success (test_amount_service.AmountPipelineFixtures.test_equal_amount_at_other_offset_is_not_extraction_success) ... ok
2026-10-03T15:38:25.3926498Z test_forced_single_none_still_requires_a_valid_response (test_amount_service.AmountPipelineFixtures.test_forced_single_none_still_requires_a_valid_response) ... ok
2026-10-03T15:38:25.3941751Z test_metadata_locks_before_invalid_a_answers (test_amount_service.AmountPipelineFixtures.test_metadata_locks_before_invalid_a_answers) ... ok
2026-10-03T15:38:25.3952011Z test_miss_none_is_span_correct_but_never_extracted (test_amount_service.AmountPipelineFixtures.test_miss_none_is_span_correct_but_never_extracted) ... ok
2026-10-03T15:38:25.3968736Z test_partial_selection_cannot_be_repaired_by_predicted_known (test_amount_service.AmountPipelineFixtures.test_partial_selection_cannot_be_repaired_by_predicted_known) ... ok
2026-10-03T15:38:25.3987963Z test_predicted_known_cannot_make_unknown_reference_normalizable (test_amount_service.AmountPipelineFixtures.test_predicted_known_cannot_make_unknown_reference_normalizable) ... ok
2026-10-03T15:38:25.4004714Z test_presence_false_keeps_value_score_but_fails_complete_output (test_amount_service.AmountPipelineFixtures.test_presence_false_keeps_value_score_but_fails_complete_output) ... ok
2026-10-03T15:38:25.4021409Z test_reference_currency_review_keeps_known_credit_denominator (test_amount_service.AmountPipelineFixtures.test_reference_currency_review_keeps_known_credit_denominator) ... ok
2026-10-03T15:38:25.4054473Z test_reference_known_credit_scored_even_when_predicted_unknown (test_amount_service.AmountPipelineFixtures.test_reference_known_credit_scored_even_when_predicted_unknown) ... ok
2026-10-03T15:38:25.4118952Z test_supported_currencies_signs_and_long_decimal_remain_exact (test_amount_service.AmountPipelineFixtures.test_supported_currencies_signs_and_long_decimal_remain_exact) ... ok
2026-10-03T15:38:25.4169507Z test_undefined_credit_still_requires_protocol_valid_probability (test_amount_service.AmountPipelineFixtures.test_undefined_credit_still_requires_protocol_valid_probability) ... ok
2026-10-03T15:38:25.4216349Z test_undefined_credit_valid_probabilities_do_not_change_defined_score (test_amount_service.AmountPipelineFixtures.test_undefined_credit_valid_probabilities_do_not_change_defined_score) ... ok
2026-10-03T15:38:25.4264220Z test_wrong_b_heads_collapsing_to_review_do_not_succeed (test_amount_service.AmountPipelineFixtures.test_wrong_b_heads_collapsing_to_review_do_not_succeed) ... ok
2026-10-03T15:38:25.4266243Z test_all_primitives_have_exact_typed_outputs (test_api.TypedAPITest.test_all_primitives_have_exact_typed_outputs) ... ok
2026-10-03T15:38:25.4532670Z test_api_cold_import_has_no_torch_dependency (test_api.TypedAPITest.test_api_cold_import_has_no_torch_dependency) ... ok
2026-10-03T15:38:25.4537237Z test_cardinality_and_primitive_validation (test_api.TypedAPITest.test_cardinality_and_primitive_validation) ... ok
2026-10-03T15:38:25.4538945Z test_input_mutation_does_not_modify_compiled_state (test_api.TypedAPITest.test_input_mutation_does_not_modify_compiled_state) ... ok
2026-10-03T15:38:25.4541031Z test_invalid_model_probabilities_are_never_formatted_as_answers (test_api.TypedAPITest.test_invalid_model_probabilities_are_never_formatted_as_answers) ... ok
2026-10-03T15:38:25.4542881Z test_noul_accepts_optional_true_and_false_criteria (test_api.TypedAPITest.test_noul_accepts_optional_true_and_false_criteria) ... ok
2026-10-03T15:38:25.4545529Z test_question_ids_labels_targets_and_siblings_are_isolated (test_api.TypedAPITest.test_question_ids_labels_targets_and_siblings_are_isolated) ... ok
2026-10-03T15:38:25.4546991Z test_score_sees_own_description_without_neighbor_or_number (test_api.TypedAPITest.test_score_sees_own_description_without_neighbor_or_number) ... ok
2026-10-03T15:38:25.4548437Z test_structured_descriptions_and_null_choice_descriptions (test_api.TypedAPITest.test_structured_descriptions_and_null_choice_descriptions) ... ok
2026-10-03T15:38:25.5244499Z test_cli_writes_fresh_receipt_and_sparse_stdout (test_audit_boundary_controls_v7.IndependentDirectoryTests.test_cli_writes_fresh_receipt_and_sparse_stdout) ... ok
2026-10-03T15:38:25.5597929Z test_complete_hand_authored_groups_and_structural_limits (test_audit_boundary_controls_v7.IndependentDirectoryTests.test_complete_hand_authored_groups_and_structural_limits) ... ok
2026-10-03T15:38:25.6343874Z test_condition_target_and_incomplete_group_rejected (test_audit_boundary_controls_v7.IndependentDirectoryTests.test_condition_target_and_incomplete_group_rejected) ... ok
2026-10-03T15:38:25.7039281Z test_directory_receipt_hashes_and_changed_bytes (test_audit_boundary_controls_v7.IndependentDirectoryTests.test_directory_receipt_hashes_and_changed_bytes) ... ok
2026-10-03T15:38:25.7449646Z test_kind_truth_coupled_structure_rejected (test_audit_boundary_controls_v7.IndependentDirectoryTests.test_kind_truth_coupled_structure_rejected) ... ok
2026-10-03T15:38:25.8001106Z test_rehashed_wrong_rule_still_fails_independent_replay (test_audit_boundary_controls_v7.IndependentDirectoryTests.test_rehashed_wrong_rule_still_fails_independent_replay) ... ok
2026-10-03T15:38:25.8006670Z test_gregorian_offset_manual_epoch_fixtures (test_audit_boundary_controls_v7.IndependentGoldTests.test_gregorian_offset_manual_epoch_fixtures) ... ok
2026-10-03T15:38:25.8008776Z test_integer_ledger_cancellation_negative_and_one_cent_without_float (test_audit_boundary_controls_v7.IndependentGoldTests.test_integer_ledger_cancellation_negative_and_one_cent_without_float) ... ok
2026-10-03T15:38:25.8011302Z test_joint_latest_valid_scope_and_minimum_capacity (test_audit_boundary_controls_v7.IndependentGoldTests.test_joint_latest_valid_scope_and_minimum_capacity) ... ok
2026-10-03T15:38:25.8013840Z test_policy_withdrawal_and_absence_precede_fraud_no_fallback (test_audit_boundary_controls_v7.IndependentGoldTests.test_policy_withdrawal_and_absence_precede_fraud_no_fallback) ... ok
2026-10-03T15:38:25.8015270Z test_revocation_precedes_missing_consent (test_audit_boundary_controls_v7.IndependentGoldTests.test_revocation_precedes_missing_consent) ... ok
2026-10-03T15:38:25.8016731Z test_temporal_closed_endpoints_and_exception_precedence (test_audit_boundary_controls_v7.IndependentGoldTests.test_temporal_closed_endpoints_and_exception_precedence) ... ok
2026-10-03T15:38:25.8018839Z test_visible_question_and_contract_mutations_rejected (test_audit_boundary_controls_v7.IndependentGoldTests.test_visible_question_and_contract_mutations_rejected) ... ok
2026-10-03T15:38:25.8020309Z test_exact_integer_and_boolean_types (test_audit_frontier_controls_v8.PrimitiveOracleTests.test_exact_integer_and_boolean_types) ... ok
2026-10-03T15:38:25.8021889Z test_money_format_is_exact_for_negative_and_large_cents (test_audit_frontier_controls_v8.PrimitiveOracleTests.test_money_format_is_exact_for_negative_and_large_cents) ... ok
2026-10-03T15:38:25.8023324Z test_time_uses_absolute_instants_across_offsets_and_leap_day (test_audit_frontier_controls_v8.PrimitiveOracleTests.test_time_uses_absolute_instants_across_offsets_and_leap_day) ... ok
2026-10-03T15:38:25.8025140Z test_account_closed_paused_unknown_active_priority_and_latest_status (test_audit_frontier_controls_v8.StateOracleTests.test_account_closed_paused_unknown_active_priority_and_latest_status) ... ok
2026-10-03T15:38:25.8028289Z test_canonical_balance_candidates_and_visible_proposition (test_audit_frontier_controls_v8.StateOracleTests.test_canonical_balance_candidates_and_visible_proposition) ... ok
2026-10-03T15:38:25.8031195Z test_composed_signed_ledgers_and_no_boolean_or_neutral_operands (test_audit_frontier_controls_v8.StateOracleTests.test_composed_signed_ledgers_and_no_boolean_or_neutral_operands) ... ok
2026-10-03T15:38:25.8033903Z test_department_fraud_before_missing_or_withdrawn_policy (test_audit_frontier_controls_v8.StateOracleTests.test_department_fraud_before_missing_or_withdrawn_policy) ... ok
2026-10-03T15:38:25.8038116Z test_department_normalization_preserves_unequal_components_under_reversal (test_audit_frontier_controls_v8.StateOracleTests.test_department_normalization_preserves_unequal_components_under_reversal) ... ok
2026-10-03T15:38:25.8040134Z test_foreign_reference_equality_is_preserved_even_when_gold_ignores_it (test_audit_frontier_controls_v8.StateOracleTests.test_foreign_reference_equality_is_preserved_even_when_gold_ignores_it) ... ok
2026-10-03T15:38:25.8042399Z test_full_matcher_accepts_consistent_renaming_and_rejects_identity_merge (test_audit_frontier_controls_v8.StateOracleTests.test_full_matcher_accepts_consistent_renaming_and_rejects_identity_merge) ... ok
2026-10-03T15:38:25.8045446Z test_full_typed_presentation_matcher_preserves_all_ids_and_values (test_audit_frontier_controls_v8.StateOracleTests.test_full_typed_presentation_matcher_preserves_all_ids_and_values) ... ok
2026-10-03T15:38:25.8047412Z test_joint_exact_capacity_scope_and_revoke_before_missing_or_amount (test_audit_frontier_controls_v8.StateOracleTests.test_joint_exact_capacity_scope_and_revoke_before_missing_or_amount) ... ok
2026-10-03T15:38:25.8048867Z test_joint_regrant_and_tied_authority (test_audit_frontier_controls_v8.StateOracleTests.test_joint_regrant_and_tied_authority) ... ok
2026-10-03T15:38:25.8057599Z test_old_directory_and_symlink_are_rejected_before_any_row_read (test_audit_frontier_controls_v8.StateOracleTests.test_old_directory_and_symlink_are_rejected_before_any_row_read) ... ok
2026-10-03T15:38:25.8059980Z test_policy_identity_normalization_ignores_mapping_key_order (test_audit_frontier_controls_v8.StateOracleTests.test_policy_identity_normalization_ignores_mapping_key_order) ... ok
2026-10-03T15:38:25.8071780Z test_provisional_split_hash_rejected_before_row_json_parse (test_audit_frontier_controls_v8.StateOracleTests.test_provisional_split_hash_rejected_before_row_json_parse) ... ok
2026-10-03T15:38:25.8075520Z test_refund_canonical_first_last_annotations_survive_verified_reversal (test_audit_frontier_controls_v8.StateOracleTests.test_refund_canonical_first_last_annotations_survive_verified_reversal) ... ok
2026-10-03T15:38:25.8077390Z test_refund_recall_before_document_ineligibility_and_total_capacity (test_audit_frontier_controls_v8.StateOracleTests.test_refund_recall_before_document_ineligibility_and_total_capacity) ... ok
2026-10-03T15:38:25.8079401Z test_temporal_advance_and_duplicate_applicable_sequences (test_audit_frontier_controls_v8.StateOracleTests.test_temporal_advance_and_duplicate_applicable_sequences) ... ok
2026-10-03T15:38:25.8081276Z test_temporal_corrected_anchor_inclusive_endpoints_exception_and_invalid_records (test_audit_frontier_controls_v8.StateOracleTests.test_temporal_corrected_anchor_inclusive_endpoints_exception_and_invalid_records) ... ok
2026-10-03T15:38:25.8083486Z test_topic_scope_exactness_and_duplicate_valid_revision (test_audit_frontier_controls_v8.StateOracleTests.test_topic_scope_exactness_and_duplicate_valid_revision) ... ok
2026-10-03T15:38:25.8085890Z test_topics_resolve_all_authority_before_fraud_and_ignore_invalid_high_revision (test_audit_frontier_controls_v8.StateOracleTests.test_topics_resolve_all_authority_before_fraud_and_ignore_invalid_high_revision) ... ok
2026-10-03T15:38:25.8087919Z test_visible_policy_and_proposition_gold_ignore_metadata_conditions (test_audit_frontier_controls_v8.StateOracleTests.test_visible_policy_and_proposition_gold_ignore_metadata_conditions) ... ok
2026-10-03T15:38:25.8110896Z test_every_git_variable_scrubbed_and_exact_commit_used (test_audit_frontier_training_v8.CommittedSourceTests.test_every_git_variable_scrubbed_and_exact_commit_used) ... ok
2026-10-03T15:38:25.8138647Z test_wrong_repository_root_or_source_bytes_rejected (test_audit_frontier_training_v8.CommittedSourceTests.test_wrong_repository_root_or_source_bytes_rejected) ... ok
2026-10-03T15:38:25.8160815Z test_full_numeric_menu_origin_changes_block_but_shared_atom_alone_does_not (test_audit_frontier_training_v8.InputIsolationTests.test_full_numeric_menu_origin_changes_block_but_shared_atom_alone_does_not) ... ok
2026-10-03T15:38:25.8174830Z test_inherited_typed_query_clone_blocks_and_exports_no_old_body (test_audit_frontier_training_v8.InputIsolationTests.test_inherited_typed_query_clone_blocks_and_exports_no_old_body) ... ok
2026-10-03T15:38:25.8178530Z test_noul_query_outcome_and_negation_cannot_be_ignored (test_audit_frontier_training_v8.InputIsolationTests.test_noul_query_outcome_and_negation_cannot_be_ignored) ... ok
2026-10-03T15:38:25.8183907Z test_option_rotation_and_invisible_metadata_do_not_disguise_compiled_copy (test_audit_frontier_training_v8.InputIsolationTests.test_option_rotation_and_invisible_metadata_do_not_disguise_compiled_copy) ... ok
2026-10-03T15:38:25.8210468Z test_parent_closure_excludes_unmatched_siblings_without_label_selection (test_audit_frontier_training_v8.InputIsolationTests.test_parent_closure_excludes_unmatched_siblings_without_label_selection) ... ok
2026-10-03T15:38:25.8216549Z test_parent_identifier_cannot_cross_splits_with_different_facts (test_audit_frontier_training_v8.InputIsolationTests.test_parent_identifier_cannot_cross_splits_with_different_facts) ... ok
2026-10-03T15:38:25.8302895Z test_preserved_full_receipt_to_exact_declared_derivative_passes (test_audit_frontier_training_v8.InputIsolationTests.test_preserved_full_receipt_to_exact_declared_derivative_passes) ... ok
2026-10-03T15:38:25.8311080Z test_reserved_to_reserved_collision_is_checked (test_audit_frontier_training_v8.InputIsolationTests.test_reserved_to_reserved_collision_is_checked) ... ok
2026-10-03T15:38:25.8318760Z test_subject_edges_are_preserved_independently (test_audit_frontier_training_v8.InputIsolationTests.test_subject_edges_are_preserved_independently) ... ok
2026-10-03T15:38:25.8336968Z test_unreviewed_question_does_not_claim_proven_semantic_clone (test_audit_frontier_training_v8.InputIsolationTests.test_unreviewed_question_does_not_claim_proven_semantic_clone) ... ok
2026-10-03T15:38:25.8365570Z test_actual_bytes_and_order_pass (test_audit_frontier_training_v8.StageIsolationTests.test_actual_bytes_and_order_pass) ... ok
2026-10-03T15:38:25.8367359Z test_blocked_preflight_fails_before_directory_read (test_audit_frontier_training_v8.StageIsolationTests.test_blocked_preflight_fails_before_directory_read) ... ok
2026-10-03T15:38:25.8393476Z test_changed_input_receipt_binding_rejected (test_audit_frontier_training_v8.StageIsolationTests.test_changed_input_receipt_binding_rejected) ... ok
2026-10-03T15:38:25.8508959Z test_declared_blocks_counts_and_membership_cannot_be_forged (test_audit_frontier_training_v8.StageIsolationTests.test_declared_blocks_counts_and_membership_cannot_be_forged) ... ok
2026-10-03T15:38:25.8558475Z test_missing_retained_or_changed_bytes_rejected (test_audit_frontier_training_v8.StageIsolationTests.test_missing_retained_or_changed_bytes_rejected) ... ok
2026-10-03T15:38:25.8637710Z test_promotion_model_calls_or_executable_argv_is_rejected (test_audit_frontier_training_v8.StageIsolationTests.test_promotion_model_calls_or_executable_argv_is_rejected) ... ok
2026-10-03T15:38:25.8698188Z test_reordered_or_mutated_row_is_rejected_even_if_manifest_self_consistent (test_audit_frontier_training_v8.StageIsolationTests.test_reordered_or_mutated_row_is_rejected_even_if_manifest_self_consistent) ... ok
2026-10-03T15:38:25.8785434Z test_unexpected_nonjsonl_jsonl_symlink_and_fifo_rejected_before_read (test_audit_frontier_training_v8.StageIsolationTests.test_unexpected_nonjsonl_jsonl_symlink_and_fifo_rejected_before_read) ... ok
2026-10-03T15:38:25.8793432Z test_bad_probabilities_and_derived_fields_are_schema_failures (test_benchmark_generation.GenerationBenchmarkTest.test_bad_probabilities_and_derived_fields_are_schema_failures) ... ok
2026-10-03T15:38:25.8809161Z test_cli_rejects_unknown_contract_and_existing_outputs_before_model_loading (test_benchmark_generation.GenerationBenchmarkTest.test_cli_rejects_unknown_contract_and_existing_outputs_before_model_loading) ... ok
2026-10-03T15:38:25.8812620Z test_complete_typed_response_and_json_validate (test_benchmark_generation.GenerationBenchmarkTest.test_complete_typed_response_and_json_validate) ... ok
2026-10-03T15:38:25.8816106Z test_contracts_are_explicit_and_never_inferred_from_output (test_benchmark_generation.GenerationBenchmarkTest.test_contracts_are_explicit_and_never_inferred_from_output) ... ok
2026-10-03T15:38:25.8818362Z test_generation_prompt_contains_same_state_all_questions_and_full_output (test_benchmark_generation.GenerationBenchmarkTest.test_generation_prompt_contains_same_state_all_questions_and_full_output) ... ok
2026-10-03T15:38:25.8821852Z test_missing_questions_candidates_and_fields_are_coverage_failures (test_benchmark_generation.GenerationBenchmarkTest.test_missing_questions_candidates_and_fields_are_coverage_failures) ... ok
2026-10-03T15:38:25.8823761Z test_no_ratio_when_even_one_output_is_invalid (test_benchmark_generation.GenerationBenchmarkTest.test_no_ratio_when_even_one_output_is_invalid) ... ok
2026-10-03T15:38:25.8825852Z test_parse_failure_is_not_repaired (test_benchmark_generation.GenerationBenchmarkTest.test_parse_failure_is_not_repaired) ... ok
2026-10-03T15:38:25.8828981Z test_probability_json_rejects_fences_duplicate_keys_and_nonfinite_literals (test_benchmark_generation.GenerationBenchmarkTest.test_probability_json_rejects_fences_duplicate_keys_and_nonfinite_literals) ... ok
2026-10-03T15:38:25.8833528Z test_probability_mapping_requires_exact_question_and_candidate_coverage (test_benchmark_generation.GenerationBenchmarkTest.test_probability_mapping_requires_exact_question_and_candidate_coverage) ... ok
2026-10-03T15:38:25.8837592Z test_probability_mapping_uses_identical_typed_formatter_without_mutation (test_benchmark_generation.GenerationBenchmarkTest.test_probability_mapping_uses_identical_typed_formatter_without_mutation) ... ok
2026-10-03T15:38:25.8839934Z test_probability_prompt_retains_request_and_omits_derived_output_fields (test_benchmark_generation.GenerationBenchmarkTest.test_probability_prompt_retains_request_and_omits_derived_output_fields) ... ok
2026-10-03T15:38:25.8845874Z test_probability_simplex_is_strict_and_invalid_numbers_are_not_repaired (test_benchmark_generation.GenerationBenchmarkTest.test_probability_simplex_is_strict_and_invalid_numbers_are_not_repaired) ... ok
2026-10-03T15:38:25.8854531Z test_timed_probability_trials_retain_raw_text_on_success_and_failure (test_benchmark_generation.GenerationBenchmarkTest.test_timed_probability_trials_retain_raw_text_on_success_and_failure) ... ok
2026-10-03T15:38:26.1375083Z test_complete_schema_split_counts_independent_replay_and_determinism (test_boundary_controls_v7.BoundaryControlsV7Tests.test_complete_schema_split_counts_independent_replay_and_determinism) ... ok
2026-10-03T15:38:26.1570529Z test_condition_kind_truth_correct_position_and_action_coverage (test_boundary_controls_v7.BoundaryControlsV7Tests.test_condition_kind_truth_correct_position_and_action_coverage) ... ok
2026-10-03T15:38:26.5710918Z test_corrupt_target_proposal_incomplete_group_and_same_split_duplicate (test_boundary_controls_v7.BoundaryControlsV7Tests.test_corrupt_target_proposal_incomplete_group_and_same_split_duplicate) ... ok
2026-10-03T15:38:26.9105934Z test_frozen_output_hashes_and_hidden_metadata_are_absent_from_prompts (test_boundary_controls_v7.BoundaryControlsV7Tests.test_frozen_output_hashes_and_hidden_metadata_are_absent_from_prompts) ... ok
2026-10-03T15:38:26.9111395Z test_independent_replay_rejects_malformed_authority_facts (test_boundary_controls_v7.BoundaryControlsV7Tests.test_independent_replay_rejects_malformed_authority_facts) ... ok
2026-10-03T15:38:26.9115944Z test_joint_scope_sequence_revocation_missing_and_one_cent_mutations (test_boundary_controls_v7.BoundaryControlsV7Tests.test_joint_scope_sequence_revocation_missing_and_one_cent_mutations) ... ok
2026-10-03T15:38:26.9118829Z test_latest_authority_missing_withdrawal_and_fraud_priority_mutations (test_boundary_controls_v7.BoundaryControlsV7Tests.test_latest_authority_missing_withdrawal_and_fraud_priority_mutations) ... ok
2026-10-03T15:38:26.9174088Z test_numeric_signed_zero_cancelled_integer_money_and_nonmedian_gold (test_boundary_controls_v7.BoundaryControlsV7Tests.test_numeric_signed_zero_cancelled_integer_money_and_nonmedian_gold) ... ok
2026-10-03T15:38:27.4695027Z test_separate_audit_rejects_changed_rules_conditions_and_labels (test_boundary_controls_v7.BoundaryControlsV7Tests.test_separate_audit_rejects_changed_rules_conditions_and_labels) ... ok
2026-10-03T15:38:27.4743811Z test_structural_alternatives_cross_kind_and_noul_truth (test_boundary_controls_v7.BoundaryControlsV7Tests.test_structural_alternatives_cross_kind_and_noul_truth) ... ok
2026-10-03T15:38:27.4783026Z test_temporal_inclusive_offsets_exception_and_equivalent_negative (test_boundary_controls_v7.BoundaryControlsV7Tests.test_temporal_inclusive_offsets_exception_and_equivalent_negative) ... ok
2026-10-03T15:38:27.4785228Z test_exact_frozen_train_and_only_train_row_file_read (test_boundary_train_coverage.TrainCoverageTests.test_exact_frozen_train_and_only_train_row_file_read) ... skipped 'Frozen Train artifact is not part of a clean checkout'
2026-10-03T15:38:27.4794565Z test_exact_state_margins_and_authority_blocked_exclusion (test_boundary_train_coverage.TrainCoverageTests.test_exact_state_margins_and_authority_blocked_exclusion) ... ok
2026-10-03T15:38:27.4800892Z test_missing_choice_action_and_no_input_mutation (test_boundary_train_coverage.TrainCoverageTests.test_missing_choice_action_and_no_input_mutation) ... ok
2026-10-03T15:38:27.4803032Z test_non_train_rows_rejected (test_boundary_train_coverage.TrainCoverageTests.test_non_train_rows_rejected) ... ok
2026-10-03T15:38:27.4811238Z test_symlink_to_heldout_filename_rejected_before_read (test_boundary_train_coverage.TrainCoverageTests.test_symlink_to_heldout_filename_rejected_before_read) ... ok
2026-10-03T15:38:27.4818652Z test_unsafe_heldout_filename_rejected_before_read (test_boundary_train_coverage.TrainCoverageTests.test_unsafe_heldout_filename_rejected_before_read) ... ok
2026-10-03T15:38:27.4823885Z test_wrong_hash_rejected_before_json_parsing (test_boundary_train_coverage.TrainCoverageTests.test_wrong_hash_rejected_before_json_parsing) ... ok
2026-10-03T15:38:28.1110092Z test_disclosed_done_wait_blocked_precedence (test_browser_data.BrowserDataTest.test_disclosed_done_wait_blocked_precedence) ... ok
2026-10-03T15:38:28.9298640Z test_disk_roundtrip_preserves_runtime_indices_and_refuses_overwrite (test_browser_data.BrowserDataTest.test_disk_roundtrip_preserves_runtime_indices_and_refuses_overwrite) ... ok
2026-10-03T15:38:28.9322194Z test_exact_scope_ignores_completed_or_busy_distractors (test_browser_data.BrowserDataTest.test_exact_scope_ignores_completed_or_busy_distractors) ... ok
2026-10-03T15:38:28.9736261Z test_forced_active_heads_are_counted_and_never_invent_candidates (test_browser_data.BrowserDataTest.test_forced_active_heads_are_counted_and_never_invent_candidates) ... ok
2026-10-03T15:38:29.3386049Z test_group_and_ood_isolation_and_determinism (test_browser_data.BrowserDataTest.test_group_and_ood_isolation_and_determinism) ... ok
2026-10-03T15:38:29.4004914Z test_id_and_order_permutation_preserves_semantic_proposal (test_browser_data.BrowserDataTest.test_id_and_order_permutation_preserves_semantic_proposal) ... ok
2026-10-03T15:38:29.4021618Z test_injection_cannot_change_any_active_answer (test_browser_data.BrowserDataTest.test_injection_cannot_change_any_active_answer) ... ok
2026-10-03T15:38:29.4094400Z test_metadata_cannot_leak_into_model_prompts (test_browser_data.BrowserDataTest.test_metadata_cannot_leak_into_model_prompts) ... ok
2026-10-03T15:38:29.4115147Z test_rejects_changed_runtime_questions_and_saved_answers (test_browser_data.BrowserDataTest.test_rejects_changed_runtime_questions_and_saved_answers) ... ok
2026-10-03T15:38:29.7289239Z test_rows_are_exact_runtime_inputs_with_only_active_labels (test_browser_data.BrowserDataTest.test_rows_are_exact_runtime_inputs_with_only_active_labels) ... ok
2026-10-03T15:38:29.7742258Z test_same_snapshot_value_counterfactuals_require_the_goal (test_browser_data.BrowserDataTest.test_same_snapshot_value_counterfactuals_require_the_goal) ... ok
2026-10-03T15:38:29.7765466Z test_unavailable_or_nonunique_values_are_blocked (test_browser_data.BrowserDataTest.test_unavailable_or_nonunique_values_are_blocked) ... ok
2026-10-03T15:38:29.8995370Z test_active_heads_are_scored_even_for_wrong_operation_and_forced_heads_are_separate (test_browser_service_eval.BrowserServiceEvaluationTests.test_active_heads_are_scored_even_for_wrong_operation_and_forced_heads_are_separate) ... ok
2026-10-03T15:38:29.9085531Z test_confidence_is_required_and_consistent_even_on_inactive_heads (test_browser_service_eval.BrowserServiceEvaluationTests.test_confidence_is_required_and_consistent_even_on_inactive_heads) ... ok
2026-10-03T15:38:30.4603837Z test_identity_drift_and_missing_checkpoint_are_failures (test_browser_service_eval.BrowserServiceEvaluationTests.test_identity_drift_and_missing_checkpoint_are_failures) ... ok
2026-10-03T15:38:31.0066003Z test_real_http_failures_remain_in_denominators_and_wire_bytes_are_retained (test_browser_service_eval.BrowserServiceEvaluationTests.test_real_http_failures_remain_in_denominators_and_wire_bytes_are_retained) ... ok
2026-10-03T15:38:31.0426730Z test_selection_is_label_independent_grouped_balanced_and_order_invariant (test_browser_service_eval.BrowserServiceEvaluationTests.test_selection_is_label_independent_grouped_balanced_and_order_invariant) ... ok
2026-10-03T15:38:31.0429694Z test_largest_fanout_is_not_necessarily_longest_sequence (test_candidate_length_audit.CandidateLengthStatsTests.test_largest_fanout_is_not_necessarily_longest_sequence) ... ok
2026-10-03T15:38:31.0432362Z test_limits_count_rows_and_sequences_with_strict_exceeds_semantics (test_candidate_length_audit.CandidateLengthStatsTests.test_limits_count_rows_and_sequences_with_strict_exceeds_semantics) ... ok
2026-10-03T15:38:31.0914540Z test_cosmetic_reproduction_does_not_describe_broken_functionality (test_case_customer.CustomerCaseTests.test_cosmetic_reproduction_does_not_describe_broken_functionality) ... ok
2026-10-03T15:38:31.0916856Z test_hidden_worlds_with_identical_observations_have_identical_targets (test_case_customer.CustomerCaseTests.test_hidden_worlds_with_identical_observations_have_identical_targets) ... ok
2026-10-03T15:38:31.0919414Z test_latent_marginal_is_defined_not_a_guessed_confidence (test_case_customer.CustomerCaseTests.test_latent_marginal_is_defined_not_a_guessed_confidence) ... ok
2026-10-03T15:38:31.1240574Z test_ood_full_utterances_and_templates_are_reserved (test_case_customer.CustomerCaseTests.test_ood_full_utterances_and_templates_are_reserved) ... ok
2026-10-03T15:38:31.2111454Z test_saved_workflow_choice_order_roundtrip (test_case_customer.CustomerCaseTests.test_saved_workflow_choice_order_roundtrip) ... ok
2026-10-03T15:38:31.2114092Z test_source_question_forms_and_independent_score_descriptions (test_case_customer.CustomerCaseTests.test_source_question_forms_and_independent_score_descriptions) ... ok
2026-10-03T15:38:31.3220007Z test_workflows_compile_to_the_training_inputs_and_targets (test_case_customer.CustomerCaseTests.test_workflows_compile_to_the_training_inputs_and_targets) ... ok
2026-10-03T15:38:31.3222256Z test_bearing_coordinate_convention_and_wrap (test_case_doom.DoomDecisionTests.test_bearing_coordinate_convention_and_wrap) ... ok
2026-10-03T15:38:31.3252965Z test_episode_splits_and_ood_seed_ranges (test_case_doom.DoomDecisionTests.test_episode_splits_and_ood_seed_ranges) ... ok
2026-10-03T15:38:31.3255305Z test_movement_momentum_and_action_button_order (test_case_doom.DoomDecisionTests.test_movement_momentum_and_action_button_order) ... ok
2026-10-03T15:38:31.3257140Z test_shot_grade_boundaries_and_attack (test_case_doom.DoomDecisionTests.test_shot_grade_boundaries_and_attack) ... ok
2026-10-03T15:38:31.3258871Z test_three_tasks_share_episode_group_and_keep_labels_out_of_input (test_case_doom.DoomDecisionTests.test_three_tasks_share_episode_group_and_keep_labels_out_of_input) ... ok
2026-10-03T15:38:31.3260908Z test_real_rollout_replay_and_tamper_detection (test_case_doom.DoomEngineTests.test_real_rollout_replay_and_tamper_detection) ... skipped 'optional vizdoom environment unavailable'
2026-10-03T15:38:31.3263112Z test_small_engine_dataset_validates_and_replays_id_and_ood (test_case_doom.DoomEngineTests.test_small_engine_dataset_validates_and_replays_id_and_ood) ... skipped 'optional vizdoom environment unavailable'
2026-10-03T15:38:31.3265259Z test_arithmetic_uses_exact_integer_floor_and_remainder (test_case_reasoning.ReasoningControlTest.test_arithmetic_uses_exact_integer_floor_and_remainder) ... ok
2026-10-03T15:38:31.3309995Z test_code_interpreter_matches_hand_calculated_branches (test_case_reasoning.ReasoningControlTest.test_code_interpreter_matches_hand_calculated_branches) ... ok
2026-10-03T15:38:31.3312780Z test_directed_reachability_handles_cycles_and_disconnected_nodes (test_case_reasoning.ReasoningControlTest.test_directed_reachability_handles_cycles_and_disconnected_nodes) ... ok
2026-10-03T15:38:31.3315311Z test_evidence_filters_aliases_retractions_and_tied_conflicts (test_case_reasoning.ReasoningControlTest.test_evidence_filters_aliases_retractions_and_tied_conflicts) ... ok
2026-10-03T15:38:31.3316653Z test_filter_sort_and_missing_rank (test_case_reasoning.ReasoningControlTest.test_filter_sort_and_missing_rank) ... ok
2026-10-03T15:38:31.3878950Z test_generated_records_have_domain_coverage_and_grouped_splits (test_case_reasoning.ReasoningControlTest.test_generated_records_have_domain_coverage_and_grouped_splits) ... ok
2026-10-03T15:38:31.3880385Z test_logic_truth_tables (test_case_reasoning.ReasoningControlTest.test_logic_truth_tables) ... ok
2026-10-03T15:38:31.3882909Z test_oracles_labels_and_ids_do_not_leak_into_candidate_prompts (test_case_reasoning.ReasoningControlTest.test_oracles_labels_and_ids_do_not_leak_into_candidate_prompts) ... ok
2026-10-03T15:38:31.3884847Z test_temporal_order_compares_instants_not_local_dates (test_case_reasoning.ReasoningControlTest.test_temporal_order_compares_instants_not_local_dates) ... ok
2026-10-03T15:38:31.3886961Z test_all_unreachable_candidates_are_filtered_without_gold_insertion (test_case_wikiracing.WikiCaseTest.test_all_unreachable_candidates_are_filtered_without_gold_insertion) ... ok
2026-10-03T15:38:31.3888601Z test_browser_back_replays_navigation_stack (test_case_wikiracing.WikiCaseTest.test_browser_back_replays_navigation_stack) ... ok
2026-10-03T15:38:31.3892575Z test_candidates_do_not_change_with_hidden_distances_or_human_trace (test_case_wikiracing.WikiCaseTest.test_candidates_do_not_change_with_hidden_distances_or_human_trace) ... ok
2026-10-03T15:38:31.3893903Z test_invalid_limits_are_rejected (test_case_wikiracing.WikiCaseTest.test_invalid_limits_are_rejected) ... ok
2026-10-03T15:38:31.3895492Z test_path_separators_are_split_before_title_decoding (test_case_wikiracing.WikiCaseTest.test_path_separators_are_split_before_title_decoding) ... ok
2026-10-03T15:38:31.3898713Z test_policy_ties_are_uniform_over_best_candidates (test_case_wikiracing.WikiCaseTest.test_policy_ties_are_uniform_over_best_candidates) ... ok
2026-10-03T15:38:31.3899947Z test_reverse_bfs_is_directed_and_leaves_unreachable_absent (test_case_wikiracing.WikiCaseTest.test_reverse_bfs_is_directed_and_leaves_unreachable_absent) ... ok
2026-10-03T15:38:31.4175159Z test_target_isolation_determinism_and_workflow_paths (test_case_wikiracing.WikiCaseTest.test_target_isolation_determinism_and_workflow_paths) ... ok
2026-10-03T15:38:31.4177394Z test_unreachable_option_is_zero_and_distance_stays_metadata (test_case_wikiracing.WikiCaseTest.test_unreachable_option_is_zero_and_distance_stays_metadata) ... ok
2026-10-03T15:38:31.4842439Z test_calibration_split_count_ids_temperature_and_targets_are_bound (test_checkpoint_package.CheckpointPackageTests.test_calibration_split_count_ids_temperature_and_targets_are_bound) ... ok
2026-10-03T15:38:31.5601731Z test_completed_single_2b_9b_and_ddp_27b_package_without_source_data (test_checkpoint_package.CheckpointPackageTests.test_completed_single_2b_9b_and_ddp_27b_package_without_source_data) ... ok
2026-10-03T15:38:31.5827967Z test_data_relocation_keeps_hashes_and_changes_are_rejected (test_checkpoint_package.CheckpointPackageTests.test_data_relocation_keeps_hashes_and_changes_are_rejected) ... ok
2026-10-03T15:38:31.5830021Z test_duplicate_json_keys_are_rejected (test_checkpoint_package.CheckpointPackageTests.test_duplicate_json_keys_are_rejected) ... ok
2026-10-03T15:38:31.6166506Z test_incomplete_resume_only_and_noncontiguous_training_are_rejected (test_checkpoint_package.CheckpointPackageTests.test_incomplete_resume_only_and_noncontiguous_training_are_rejected) ... ok
2026-10-03T15:38:31.6453766Z test_missing_extra_symlinked_and_ambiguous_checkpoint_files_are_rejected (test_checkpoint_package.CheckpointPackageTests.test_missing_extra_symlinked_and_ambiguous_checkpoint_files_are_rejected) ... ok
2026-10-03T15:38:31.7231839Z test_model_revision_adapter_and_ddp_identity_are_bound (test_checkpoint_package.CheckpointPackageTests.test_model_revision_adapter_and_ddp_identity_are_bound) ... ok
2026-10-03T15:38:31.7445528Z test_output_no_overwrite_and_source_race_leaves_no_published_partial (test_checkpoint_package.CheckpointPackageTests.test_output_no_overwrite_and_source_race_leaves_no_published_partial) ... ok
2026-10-03T15:38:31.7835742Z test_pinned_upstream_license_and_metric_scope_are_required (test_checkpoint_package.CheckpointPackageTests.test_pinned_upstream_license_and_metric_scope_are_required) ... ok
2026-10-03T15:38:31.8328684Z test_reload_requires_finite_equal_shape_real_saved_evidence (test_checkpoint_package.CheckpointPackageTests.test_reload_requires_finite_equal_shape_real_saved_evidence) ... ok
2026-10-03T15:38:31.8961342Z test_stale_metrics_calibration_and_prediction_grouping_are_rejected (test_checkpoint_package.CheckpointPackageTests.test_stale_metrics_calibration_and_prediction_grouping_are_rejected) ... ok
2026-10-03T15:38:32.1013001Z test_absent_quote_cannot_acquire_confidence_or_a_semantic_record (test_citation_control.CitationCorpusAuditTest.test_absent_quote_cannot_acquire_confidence_or_a_semantic_record) ... ok
2026-10-03T15:38:32.1750252Z test_auxiliary_spec_is_not_the_semantic_oracle (test_citation_control.CitationCorpusAuditTest.test_auxiliary_spec_is_not_the_semantic_oracle) ... ok
2026-10-03T15:38:32.1770509Z test_build_refuses_to_overwrite_existing_corpus (test_citation_control.CitationCorpusAuditTest.test_build_refuses_to_overwrite_existing_corpus) ... ok
2026-10-03T15:38:32.2122724Z test_entire_source_document_and_claims_remain_in_one_split (test_citation_control.CitationCorpusAuditTest.test_entire_source_document_and_claims_remain_in_one_split) ... ok
2026-10-03T15:38:32.2539296Z test_final_rendered_fact_change_is_detected_despite_unchanged_auxiliary_spec (test_citation_control.CitationCorpusAuditTest.test_final_rendered_fact_change_is_detected_despite_unchanged_auxiliary_spec) ... ok
2026-10-03T15:38:32.2897322Z test_gate_offsets_and_typography_modes_are_checked (test_citation_control.CitationCorpusAuditTest.test_gate_offsets_and_typography_modes_are_checked) ... ok
2026-10-03T15:38:32.2981804Z test_labels_ids_provenance_and_specs_are_absent_from_model_inputs (test_citation_control.CitationCorpusAuditTest.test_labels_ids_provenance_and_specs_are_absent_from_model_inputs) ... ok
2026-10-03T15:38:32.3383162Z test_matching_wrong_reference_and_target_are_rejected (test_citation_control.CitationCorpusAuditTest.test_matching_wrong_reference_and_target_are_rejected) ... ok
2026-10-03T15:38:32.4710290Z test_original_corpus_audits_and_generation_is_deterministic (test_citation_control.CitationCorpusAuditTest.test_original_corpus_audits_and_generation_is_deterministic) ... ok
2026-10-03T15:38:32.6127623Z test_report_can_only_create_a_new_file_and_uses_exclusive_open (test_citation_control.CitationCorpusAuditTest.test_report_can_only_create_a_new_file_and_uses_exclusive_open) ... ok
2026-10-03T15:38:32.6176919Z test_report_cannot_write_inside_input_data_or_through_directory_alias (test_citation_control.CitationCorpusAuditTest.test_report_cannot_write_inside_input_data_or_through_directory_alias) ... ok
2026-10-03T15:38:32.6210687Z test_report_refuses_existing_files_and_normal_or_dangling_symlinks (test_citation_control.CitationCorpusAuditTest.test_report_refuses_existing_files_and_normal_or_dangling_symlinks) ... ok
2026-10-03T15:38:32.6240779Z test_unsealed_bytes_fail_before_semantic_audit (test_citation_control.CitationCorpusAuditTest.test_unsealed_bytes_fail_before_semantic_audit) ... ok
2026-10-03T15:38:32.6249274Z test_delivery_negation_and_irrelevant_numbers (test_citation_control.CitationSemanticsTest.test_delivery_negation_and_irrelevant_numbers) ... ok
2026-10-03T15:38:32.6258102Z test_inclusive_amount_and_leap_date_boundaries_in_both_grammars (test_citation_control.CitationSemanticsTest.test_inclusive_amount_and_leap_date_boundaries_in_both_grammars) ... ok
2026-10-03T15:38:32.6260436Z test_quote_gate_only_normalizes_typography_and_whitespace (test_citation_control.CitationSemanticsTest.test_quote_gate_only_normalizes_typography_and_whitespace) ... ok
2026-10-03T15:38:32.6271903Z test_unknown_completions_and_dominating_known_failure (test_citation_control.CitationSemanticsTest.test_unknown_completions_and_dominating_known_failure) ... ok
2026-10-03T15:38:32.6275222Z test_unsupported_rules_ambiguous_registers_and_claims_fail_closed (test_citation_control.CitationSemanticsTest.test_unsupported_rules_ambiguous_registers_and_claims_fail_closed) ... ok
2026-10-03T15:38:32.6296547Z test_browser_does_not_offer_arbitrary_text_generation (test_community.CommunityTest.test_browser_does_not_offer_arbitrary_text_generation) ... ok
2026-10-03T15:38:32.6315212Z test_browser_rejects_missing_and_duplicate_observations (test_community.CommunityTest.test_browser_rejects_missing_and_duplicate_observations) ... ok
2026-10-03T15:38:32.6334678Z test_browser_rejects_stale_revision_before_postprocessing (test_community.CommunityTest.test_browser_rejects_stale_revision_before_postprocessing) ... ok
2026-10-03T15:38:32.6355723Z test_browser_resolves_only_supplied_text_and_observed_target (test_community.CommunityTest.test_browser_resolves_only_supplied_text_and_observed_target) ... ok
2026-10-03T15:38:32.6377783Z test_browser_select_options_and_click_ids_remain_observed (test_community.CommunityTest.test_browser_select_options_and_click_ids_remain_observed) ... ok
2026-10-03T15:38:32.6395440Z test_builders_reject_empty_observations (test_community.CommunityTest.test_builders_reject_empty_observations) ... ok
2026-10-03T15:38:32.6416322Z test_drone_requires_verified_climb_clearance_and_never_motor_commands (test_community.CommunityTest.test_drone_requires_verified_climb_clearance_and_never_motor_commands) ... ok
2026-10-03T15:38:32.6447443Z test_every_example_compiles_and_declared_field_scales_are_exact (test_community.CommunityTest.test_every_example_compiles_and_declared_field_scales_are_exact) ... ok
2026-10-03T15:38:32.6469189Z test_heist_uses_one_guards_local_observation_and_allows_no_target (test_community.CommunityTest.test_heist_uses_one_guards_local_observation_and_allows_no_target) ... ok
2026-10-03T15:38:32.6492020Z test_malformed_responses_cannot_become_proposals (test_community.CommunityTest.test_malformed_responses_cannot_become_proposals) ... ok
2026-10-03T15:38:32.6513771Z test_pokemon_faint_forecast_is_conditioned_on_selected_move (test_community.CommunityTest.test_pokemon_faint_forecast_is_conditioned_on_selected_move) ... ok
2026-10-03T15:38:32.6533102Z test_runescape_keeps_catalog_and_poll_intervals_closed (test_community.CommunityTest.test_runescape_keeps_catalog_and_poll_intervals_closed) ... ok
2026-10-03T15:38:32.9686073Z test_candidate_permutation_and_metadata_do_not_determine_the_label (test_community_diversity_v2.CommunityDiversityV2Test.test_candidate_permutation_and_metadata_do_not_determine_the_label) ... ok
2026-10-03T15:38:33.1584041Z test_eighty_authored_families_and_all_schema_kinds (test_community_diversity_v2.CommunityDiversityV2Test.test_eighty_authored_families_and_all_schema_kinds) ... ok
2026-10-03T15:38:34.4827225Z test_family_and_source_instance_are_disjoint (test_community_diversity_v2.CommunityDiversityV2Test.test_family_and_source_instance_are_disjoint) ... ok
2026-10-03T15:38:35.9622702Z test_generation_has_no_input_file_reads_and_is_reproducible (test_community_diversity_v2.CommunityDiversityV2Test.test_generation_has_no_input_file_reads_and_is_reproducible) ... ok
2026-10-03T15:38:36.0212472Z test_minimal_counterfactuals_change_winner_and_only_one_visible_fact (test_community_diversity_v2.CommunityDiversityV2Test.test_minimal_counterfactuals_change_winner_and_only_one_visible_fact) ... ok
2026-10-03T15:38:36.0888317Z test_target_tampering_and_visible_policy_tampering_fail (test_community_diversity_v2.CommunityDiversityV2Test.test_target_tampering_and_visible_policy_tampering_fail) ... ok
2026-10-03T15:38:36.0890848Z test_three_valued_negation_exception_and_arithmetic (test_community_diversity_v2.CommunityDiversityV2Test.test_three_valued_negation_exception_and_arithmetic) ... ok
2026-10-03T15:38:36.0893054Z test_boolean_truth_tables_and_unknown_comparisons (test_community_diversity_v2_audit.IndependentVisibleRulesTest.test_boolean_truth_tables_and_unknown_comparisons) ... ok
2026-10-03T15:38:36.0900854Z test_independent_end_to_end_choice_probe_and_target_corruption (test_community_diversity_v2_audit.IndependentVisibleRulesTest.test_independent_end_to_end_choice_probe_and_target_corruption) ... ok
2026-10-03T15:38:36.0903514Z test_nested_arithmetic_sets_and_quoted_literals (test_community_diversity_v2_audit.IndependentVisibleRulesTest.test_nested_arithmetic_sets_and_quoted_literals) ... ok
2026-10-03T15:38:36.0906020Z test_benchmark_labels_are_excluded_and_candidate_order_ignored (test_community_hard_mix.HardMixtureTests.test_benchmark_labels_are_excluded_and_candidate_order_ignored) ... ok
2026-10-03T15:38:36.0907913Z test_empty_benchmark_cannot_pass_screen (test_community_hard_mix.HardMixtureTests.test_empty_benchmark_cannot_pass_screen) ... ok
2026-10-03T15:38:36.0942537Z test_mixture_allows_empty_output_but_never_overwrites_existing_data (test_community_hard_mix.HardMixtureTests.test_mixture_allows_empty_output_but_never_overwrites_existing_data) ... ok
2026-10-03T15:38:36.1014197Z test_mixture_checks_both_manifest_schemas_and_caps_across_replay_folders (test_community_hard_mix.HardMixtureTests.test_mixture_checks_both_manifest_schemas_and_caps_across_replay_folders) ... ok
2026-10-03T15:38:36.1039765Z test_mixture_rejects_stale_or_missing_source_hashes (test_community_hard_mix.HardMixtureTests.test_mixture_rejects_stale_or_missing_source_hashes) ... ok
2026-10-03T15:38:36.1084805Z test_quarantine_removes_whole_training_group (test_community_hard_mix.HardMixtureTests.test_quarantine_removes_whole_training_group) ... ok
2026-10-03T15:38:36.1087161Z test_replay_spreads_across_groups_and_never_duplicates (test_community_hard_mix.HardMixtureTests.test_replay_spreads_across_groups_and_never_duplicates) ... ok
2026-10-03T15:38:36.1088989Z test_request_index_reads_only_visible_fields (test_community_hard_mix.HardMixtureTests.test_request_index_reads_only_visible_fields) ... ok
2026-10-03T15:38:36.1120166Z test_screen_never_exports_benchmark_text_or_uses_gold (test_community_hard_mix.HardMixtureTests.test_screen_never_exports_benchmark_text_or_uses_gold) ... ok
2026-10-03T15:38:36.1136598Z test_candidate_microbatches_preserve_all_logits_without_gold (test_community_pair.CommunityPairTest.test_candidate_microbatches_preserve_all_logits_without_gold) ... ok
2026-10-03T15:38:36.1211345Z test_completed_checkpoint_identity_and_changed_content (test_community_pair.CommunityPairTest.test_completed_checkpoint_identity_and_changed_content) ... ok
2026-10-03T15:38:36.1274027Z test_cpu_panel_validation_precedes_gpu_environment_check (test_community_pair.CommunityPairTest.test_cpu_panel_validation_precedes_gpu_environment_check) ... ok
2026-10-03T15:38:36.1300185Z test_errors_and_soft_targets_keep_complete_denominators (test_community_pair.CommunityPairTest.test_errors_and_soft_targets_keep_complete_denominators) ... ok
2026-10-03T15:38:36.1399042Z test_frozen_panel_and_all_five_source_hashes_are_checked (test_community_pair.CommunityPairTest.test_frozen_panel_and_all_five_source_hashes_are_checked) ... ok
2026-10-03T15:38:36.1447234Z test_group_and_input_leakage_rejected_even_under_new_ids (test_community_pair.CommunityPairTest.test_group_and_input_leakage_rejected_even_under_new_ids) ... ok
2026-10-03T15:38:36.1475780Z test_group_macro_equal_weights_keep_errors_missing_and_soft_only_groups (test_community_pair.CommunityPairTest.test_group_macro_equal_weights_keep_errors_missing_and_soft_only_groups) ... ok
2026-10-03T15:38:36.1491628Z test_identical_checkpoint_content_is_a_valid_negative_result (test_community_pair.CommunityPairTest.test_identical_checkpoint_content_is_a_valid_negative_result) ... ok
2026-10-03T15:38:36.1584645Z test_incomplete_wrong_revision_reload_and_calibration_fail_closed (test_community_pair.CommunityPairTest.test_incomplete_wrong_revision_reload_and_calibration_fail_closed) ... ok
2026-10-03T15:38:36.1601615Z test_nonfinite_logits_and_deadline_record_no_fake_probabilities (test_community_pair.CommunityPairTest.test_nonfinite_logits_and_deadline_record_no_fake_probabilities) ... ok
2026-10-03T15:38:36.1642152Z test_noul_imbalance_and_failures_have_class_conditional_denominators (test_community_pair.CommunityPairTest.test_noul_imbalance_and_failures_have_class_conditional_denominators) ... ok
2026-10-03T15:38:36.1726556Z test_panel_is_reproducible_group_round_robin_with_honest_counts (test_community_pair.CommunityPairTest.test_panel_is_reproducible_group_round_robin_with_honest_counts) ... ok
2026-10-03T15:38:36.1810303Z test_three_new_versions_and_multiple_sources_are_bound (test_community_pair.CommunityPairTest.test_three_new_versions_and_multiple_sources_are_bound) ... ok
2026-10-03T15:38:36.2178488Z test_catalog_specific_shared_labels_keep_one_global_split_and_explicit_catalog (test_community_routing_v3.RoutingV3Tests.test_catalog_specific_shared_labels_keep_one_global_split_and_explicit_catalog) ... ok
2026-10-03T15:38:36.3046481Z test_choice_target_and_abstain_positions_and_noul_labels_are_balanced (test_community_routing_v3.RoutingV3Tests.test_choice_target_and_abstain_positions_and_noul_labels_are_balanced) ... ok
2026-10-03T15:38:36.3485268Z test_full_catalog_protocol_uses_only_official_test_and_is_not_training_rows (test_community_routing_v3.RoutingV3Tests.test_full_catalog_protocol_uses_only_official_test_and_is_not_training_rows) ... ok
2026-10-03T15:38:36.3494037Z test_global_official_holdouts_are_reserved_before_duplicate_and_conflict_filtering (test_community_routing_v3.RoutingV3Tests.test_global_official_holdouts_are_reserved_before_duplicate_and_conflict_filtering) ... ok
2026-10-03T15:38:36.4047490Z test_gold_present_omitted_and_noul_contracts_are_exact_and_bounded (test_community_routing_v3.RoutingV3Tests.test_gold_present_omitted_and_noul_contracts_are_exact_and_bounded) ... ok
2026-10-03T15:38:36.4489469Z test_order_independence_and_duplicate_conflicts (test_community_routing_v3.RoutingV3Tests.test_order_independence_and_duplicate_conflicts) ... ok
2026-10-03T15:38:36.4500973Z test_pinned_source_mutation_and_existing_output_fail_without_overwrite (test_community_routing_v3.RoutingV3Tests.test_pinned_source_mutation_and_existing_output_fail_without_overwrite) ... ok
2026-10-03T15:38:36.4834101Z test_approval_manual_counterevidence_absence_and_conflict (test_community_workflow_v3.WorkflowV3Tests.test_approval_manual_counterevidence_absence_and_conflict) ... ok
2026-10-03T15:38:36.6864735Z test_builder_preserves_existing_outputs_and_reproduces_hashes (test_community_workflow_v3.WorkflowV3Tests.test_builder_preserves_existing_outputs_and_reproduces_hashes) ... ok
2026-10-03T15:38:36.6866546Z test_claimed_authorization_and_negated_requests_do_not_execute (test_community_workflow_v3.WorkflowV3Tests.test_claimed_authorization_and_negated_requests_do_not_execute) ... ok
2026-10-03T15:38:36.6868390Z test_cms_is_multilabel_and_not_tag_name_matching (test_community_workflow_v3.WorkflowV3Tests.test_cms_is_multilabel_and_not_tag_name_matching) ... ok
2026-10-03T15:38:36.6869697Z test_cms_quotes_archives_hypotheses_withdrawal_and_contradiction (test_community_workflow_v3.WorkflowV3Tests.test_cms_quotes_archives_hypotheses_withdrawal_and_contradiction) ... ok
2026-10-03T15:38:36.7663048Z test_cosmetic_duplicate_scenarios_are_rejected (test_community_workflow_v3.WorkflowV3Tests.test_cosmetic_duplicate_scenarios_are_rejected) ... ok
2026-10-03T15:38:38.1038256Z test_eighteen_semantic_scenarios_survive_prefix_and_order_normalization (test_community_workflow_v3.WorkflowV3Tests.test_eighteen_semantic_scenarios_survive_prefix_and_order_normalization) ... ok
2026-10-03T15:38:38.1041317Z test_exception_has_a_visible_scope_and_cannot_waive_everything (test_community_workflow_v3.WorkflowV3Tests.test_exception_has_a_visible_scope_and_cannot_waive_everything) ... ok
2026-10-03T15:38:38.1364473Z test_generation_is_deterministic_and_reads_no_examples (test_community_workflow_v3.WorkflowV3Tests.test_generation_is_deterministic_and_reads_no_examples) ... ok
2026-10-03T15:38:38.2483544Z test_schema_prose_only_counts_and_whole_family_splits (test_community_workflow_v3.WorkflowV3Tests.test_schema_prose_only_counts_and_whole_family_splits) ... ok
2026-10-03T15:38:38.2486154Z test_secondary_tag_unknown_and_conflict_are_distinct_evidence (test_community_workflow_v3.WorkflowV3Tests.test_secondary_tag_unknown_and_conflict_are_distinct_evidence) ... ok
2026-10-03T15:38:38.2983081Z test_target_corruption_and_prose_contract_tampering_fail (test_community_workflow_v3.WorkflowV3Tests.test_target_corruption_and_prose_contract_tampering_fail) ... ok
2026-10-03T15:38:38.4922668Z test_visible_input_alone_reconstructs_targets_and_tracks_candidate_order (test_community_workflow_v3.WorkflowV3Tests.test_visible_input_alone_reconstructs_targets_and_tracks_candidate_order) ... ok
2026-10-03T15:38:38.8070996Z test_all_abstain_31_and_32_accepted_and_single_accepted_error (test_compare_boundary_training_v7.BoundaryComparisonMetricsTests.test_all_abstain_31_and_32_accepted_and_single_accepted_error) ... ok
2026-10-03T15:38:38.8110672Z test_committed_source_allows_new_driver_but_refuses_frozen_changes (test_compare_boundary_training_v7.BoundaryComparisonMetricsTests.test_committed_source_allows_new_driver_but_refuses_frozen_changes) ... ok
2026-10-03T15:38:39.1145867Z test_exception_scope_fraud_and_capacity_unsafe_actions_are_caught (test_compare_boundary_training_v7.BoundaryComparisonMetricsTests.test_exception_scope_fraud_and_capacity_unsafe_actions_are_caught) ... ok
2026-10-03T15:38:39.8379532Z test_four_cells_fixed_calibrated_gate_and_all_paired_regressions (test_compare_boundary_training_v7.BoundaryComparisonMetricsTests.test_four_cells_fixed_calibrated_gate_and_all_paired_regressions) ... ok
2026-10-03T15:38:39.8385365Z test_gpu_uuid_requires_complete_physical_identifier (test_compare_boundary_training_v7.BoundaryComparisonMetricsTests.test_gpu_uuid_requires_complete_physical_identifier) ... ok
2026-10-03T15:38:39.8388875Z test_inclusive_thresholds_and_nearest_floats (test_compare_boundary_training_v7.BoundaryComparisonMetricsTests.test_inclusive_thresholds_and_nearest_floats) ... ok
2026-10-03T15:38:39.9527070Z test_missing_slices_or_family_and_partial_predictions_are_rejected (test_compare_boundary_training_v7.BoundaryComparisonMetricsTests.test_missing_slices_or_family_and_partial_predictions_are_rejected) ... ok
2026-10-03T15:38:40.1056091Z test_old_state_derived_safety_denominators_and_failures (test_compare_boundary_training_v7.BoundaryComparisonMetricsTests.test_old_state_derived_safety_denominators_and_failures) ... ok
2026-10-03T15:38:40.1071370Z test_state_derived_roles_and_scope_field_cross_groups (test_compare_boundary_training_v7.BoundaryComparisonMetricsTests.test_state_derived_roles_and_scope_field_cross_groups) ... ok
2026-10-03T15:38:42.9864012Z test_calibration_reorder_test_fit_and_partial_evidence_rejected (test_compare_boundary_training_v7.BoundaryComparisonPreflightTests.test_calibration_reorder_test_fit_and_partial_evidence_rejected) ... ok
2026-10-03T15:38:44.3875317Z test_complete_artifact_stub_all_14_retained_and_904_rows (test_compare_boundary_training_v7.BoundaryComparisonPreflightTests.test_complete_artifact_stub_all_14_retained_and_904_rows) ... ok
2026-10-03T15:38:46.8565195Z test_execution_request_stage_and_base_content_tampering_rejected (test_compare_boundary_training_v7.BoundaryComparisonPreflightTests.test_execution_request_stage_and_base_content_tampering_rejected) ... ok
2026-10-03T15:38:48.7459476Z test_initialization_and_gradient_proof_tampering_or_false_status_rejected (test_compare_boundary_training_v7.BoundaryComparisonPreflightTests.test_initialization_and_gradient_proof_tampering_or_false_status_rejected) ... ok
2026-10-03T15:38:54.6225328Z test_non_uuid_runtime_changes_fail_before_adapted_predictions (test_compare_boundary_training_v7.BoundaryComparisonPreflightTests.test_non_uuid_runtime_changes_fail_before_adapted_predictions) ... ok
2026-10-03T15:38:57.7948849Z test_partial_nonfinite_unordered_journal_and_wrong_run_identity_rejected (test_compare_boundary_training_v7.BoundaryComparisonPreflightTests.test_partial_nonfinite_unordered_journal_and_wrong_run_identity_rejected) ... ok
2026-10-03T15:38:59.0949593Z test_raw_plan_main_retained_and_checkpoint_tampering_rejected (test_compare_boundary_training_v7.BoundaryComparisonPreflightTests.test_raw_plan_main_retained_and_checkpoint_tampering_rejected) ... ok
2026-10-03T15:38:59.8581421Z test_retained_missing_reorder_and_provenance_rejected_independently (test_compare_boundary_training_v7.BoundaryComparisonPreflightTests.test_retained_missing_reorder_and_provenance_rejected_independently) ... ok
2026-10-03T15:39:08.6925375Z test_runtime_requires_bf16_base_fp32_head_and_single_assigned_uuid (test_compare_boundary_training_v7.BoundaryComparisonPreflightTests.test_runtime_requires_bf16_base_fp32_head_and_single_assigned_uuid) ... ok
2026-10-03T15:39:11.0457243Z test_sequential_raw_logits_and_failed_quality_gate_without_gpu (test_compare_boundary_training_v7.BoundaryComparisonPreflightTests.test_sequential_raw_logits_and_failed_quality_gate_without_gpu) ... ok
2026-10-03T15:39:13.5460893Z test_settings_resume_missing_completion_and_output_overlap_rejected (test_compare_boundary_training_v7.BoundaryComparisonPreflightTests.test_settings_resume_missing_completion_and_output_overlap_rejected) ... ok
2026-10-03T15:39:14.9840410Z test_bundle_all_calibration_precedes_heldout_with_four_loads (test_compare_frontier_training_v8.FrontierArithmeticTests.test_bundle_all_calibration_precedes_heldout_with_four_loads) ... ok
2026-10-03T15:39:14.9849147Z test_cli_execute_fails_before_any_input_read (test_compare_frontier_training_v8.FrontierArithmeticTests.test_cli_execute_fails_before_any_input_read) ... ok
2026-10-03T15:39:15.0791759Z test_core_rejects_changed_runtime_and_denominators (test_compare_frontier_training_v8.FrontierArithmeticTests.test_core_rejects_changed_runtime_and_denominators) ... ok
2026-10-03T15:39:15.0794023Z test_inclusive_thresholds_and_floor (test_compare_frontier_training_v8.FrontierArithmeticTests.test_inclusive_thresholds_and_floor) ... ok
2026-10-03T15:39:15.0838545Z test_missing_runtime_fields_and_checkpoint_binding_fail_before_journal (test_compare_frontier_training_v8.FrontierArithmeticTests.test_missing_runtime_fields_and_checkpoint_binding_fail_before_journal) ... ok
2026-10-03T15:39:15.2360728Z test_noul_errors_coverage_and_observed_denominators (test_compare_frontier_training_v8.FrontierArithmeticTests.test_noul_errors_coverage_and_observed_denominators) ... ok
2026-10-03T15:39:15.2363864Z test_paired_threshold_changes_and_all_timing_outliers (test_compare_frontier_training_v8.FrontierArithmeticTests.test_paired_threshold_changes_and_all_timing_outliers) ... ok
2026-10-03T15:39:15.2371928Z test_prediction_bindings_reject_each_mutation (test_compare_frontier_training_v8.FrontierArithmeticTests.test_prediction_bindings_reject_each_mutation) ... ok
2026-10-03T15:39:15.2549859Z test_preflight_recomputes_completion_without_parsing_heldout (test_compare_frontier_training_v8.FrontierArithmeticTests.test_preflight_recomputes_completion_without_parsing_heldout) ... ok
2026-10-03T15:39:15.3483583Z test_preflight_rejects_changed_sources_data_completion_runtime_and_overlap (test_compare_frontier_training_v8.FrontierArithmeticTests.test_preflight_rejects_changed_sources_data_completion_runtime_and_overlap) ... ok
2026-10-03T15:39:15.7216749Z test_safety_all_six_permissive_actions_and_numeric_reporting (test_compare_frontier_training_v8.FrontierArithmeticTests.test_safety_all_six_permissive_actions_and_numeric_reporting) ... ok
2026-10-03T15:39:15.7219702Z test_four_temperature_cells_preserve_argmax_and_change_probability_metrics (test_compare_policy_training_v6.ComparisonMetricsTests.test_four_temperature_cells_preserve_argmax_and_change_probability_metrics) ... ok
2026-10-03T15:39:15.7246514Z test_frozen_source_and_committed_evaluation_bytes (test_compare_policy_training_v6.ComparisonMetricsTests.test_frozen_source_and_committed_evaluation_bytes) ... ok
2026-10-03T15:39:15.7390299Z test_injection_options_align_by_text_and_consistent_wrong_is_separate (test_compare_policy_training_v6.ComparisonMetricsTests.test_injection_options_align_by_text_and_consistent_wrong_is_separate) ... ok
2026-10-03T15:39:15.7395082Z test_noul_inclusive_thresholds_nextafter_and_zero_accepted (test_compare_policy_training_v6.ComparisonMetricsTests.test_noul_inclusive_thresholds_nextafter_and_zero_accepted) ... ok
2026-10-03T15:39:15.7400988Z test_prediction_binding_and_paired_transitions (test_compare_policy_training_v6.ComparisonMetricsTests.test_prediction_binding_and_paired_transitions) ... ok
2026-10-03T15:39:15.7789517Z test_semantic_temporal_and_joint_authority_subgroups (test_compare_policy_training_v6.ComparisonMetricsTests.test_semantic_temporal_and_joint_authority_subgroups) ... ok
2026-10-03T15:39:15.8456043Z test_calibration_order_temperature_and_split_cannot_be_changed (test_compare_policy_training_v6.ComparisonPreflightTests.test_calibration_order_temperature_and_split_cannot_be_changed) ... ok
2026-10-03T15:39:15.8825236Z test_first_cuda_synchronize_failure_is_journaled (test_compare_policy_training_v6.ComparisonPreflightTests.test_first_cuda_synchronize_failure_is_journaled) ... ok
2026-10-03T15:39:15.9195917Z test_nonfinite_inference_writes_failed_record_and_raises (test_compare_policy_training_v6.ComparisonPreflightTests.test_nonfinite_inference_writes_failed_record_and_raises) ... ok
2026-10-03T15:39:15.9583414Z test_plan_and_data_byte_tampering_rejected (test_compare_policy_training_v6.ComparisonPreflightTests.test_plan_and_data_byte_tampering_rejected) ... ok
2026-10-03T15:39:15.9979703Z test_regression_order_and_output_containment_rejected (test_compare_policy_training_v6.ComparisonPreflightTests.test_regression_order_and_output_containment_rejected) ... ok
2026-10-03T15:39:16.2469393Z test_sequential_model_lifecycle_lock_and_four_cell_output_without_gpu (test_compare_policy_training_v6.ComparisonPreflightTests.test_sequential_model_lifecycle_lock_and_four_cell_output_without_gpu) ... ok
2026-10-03T15:39:16.3050106Z test_source_settings_completion_and_reload_error_rejected (test_compare_policy_training_v6.ComparisonPreflightTests.test_source_settings_completion_and_reload_error_rejected) ... ok
2026-10-03T15:39:16.3567649Z test_swapped_final_weights_or_modified_completion_receipt_rejected (test_compare_policy_training_v6.ComparisonPreflightTests.test_swapped_final_weights_or_modified_completion_receipt_rejected) ... ok
2026-10-03T15:39:16.4038433Z test_valid_preflight_locks_complete_receipt_and_all_six_sets (test_compare_policy_training_v6.ComparisonPreflightTests.test_valid_preflight_locks_complete_receipt_and_all_six_sets) ... ok
2026-10-03T15:39:16.4041538Z test_allow_offload_never_allows_unloaded_parameters (test_consumer_gpu_loading.ConsumerGpuLoadingTest.test_allow_offload_never_allows_unloaded_parameters) ... skipped 'requires torch, transformers and peft'
2026-10-03T15:39:16.4044715Z test_backbone_dtype_defaults_to_released_bfloat16_and_is_selectable (test_consumer_gpu_loading.ConsumerGpuLoadingTest.test_backbone_dtype_defaults_to_released_bfloat16_and_is_selectable) ... skipped 'requires torch, transformers and peft'
2026-10-03T15:39:16.4046806Z test_cpu_embedding_is_reused_by_uncached_and_cached_scoring (test_consumer_gpu_loading.ConsumerGpuLoadingTest.test_cpu_embedding_is_reused_by_uncached_and_cached_scoring) ... skipped 'requires torch, transformers and peft'
2026-10-03T15:39:16.4048458Z test_explicit_transformer_cpu_offload_is_rejected (test_consumer_gpu_loading.ConsumerGpuLoadingTest.test_explicit_transformer_cpu_offload_is_rejected) ... skipped 'requires torch, transformers and peft'
2026-10-03T15:39:16.4050333Z test_hub_id_meta_head_uses_pinned_shard_and_original_subtraction_dtype (test_consumer_gpu_loading.ConsumerGpuLoadingTest.test_hub_id_meta_head_uses_pinned_shard_and_original_subtraction_dtype) ... skipped 'requires torch, transformers and peft'
2026-10-03T15:39:16.4051933Z test_load_revalidates_adapter_parameters (test_consumer_gpu_loading.ConsumerGpuLoadingTest.test_load_revalidates_adapter_parameters) ... skipped 'requires torch, transformers and peft'
2026-10-03T15:39:16.4053418Z test_local_snapshot_resolution (test_consumer_gpu_loading.ConsumerGpuLoadingTest.test_local_snapshot_resolution) ... skipped 'requires torch, transformers and peft'
2026-10-03T15:39:16.4055647Z test_provenance_records_loaded_rather_than_requested_backbone_dtypes (test_consumer_gpu_loading.ConsumerGpuLoadingTest.test_provenance_records_loaded_rather_than_requested_backbone_dtypes) ... skipped 'requires torch, transformers and peft'
2026-10-03T15:39:16.4058340Z test_quantized_loading_is_refused_on_apple_mps_before_loading (test_consumer_gpu_loading.ConsumerGpuLoadingTest.test_quantized_loading_is_refused_on_apple_mps_before_loading) ... skipped 'requires torch, transformers and peft'
2026-10-03T15:39:16.4061053Z test_similar_embedding_module_name_does_not_bypass_guard (test_consumer_gpu_loading.ConsumerGpuLoadingTest.test_similar_embedding_module_name_does_not_bypass_guard) ... skipped 'requires torch, transformers and peft'
2026-10-03T15:39:16.4064142Z test_unknown_backbone_dtype_is_rejected_before_loading (test_consumer_gpu_loading.ConsumerGpuLoadingTest.test_unknown_backbone_dtype_is_rejected_before_loading) ... skipped 'requires torch, transformers and peft'
2026-10-03T15:39:16.4065887Z test_unsharded_snapshot_resolution (test_consumer_gpu_loading.ConsumerGpuLoadingTest.test_unsharded_snapshot_resolution) ... skipped 'requires torch, transformers and peft'
2026-10-03T15:39:16.4078151Z test_changed_manifest_artifact_and_source_are_rejected (test_contact_service.ContactDriverFixtures.test_changed_manifest_artifact_and_source_are_rejected) ... ok
2026-10-03T15:39:16.4081525Z test_expected_identity_and_split_flags_fail_before_any_transport (test_contact_service.ContactDriverFixtures.test_expected_identity_and_split_flags_fail_before_any_transport) ... ok
2026-10-03T15:39:16.4166994Z test_failed_default_http_path_never_marks_model_quality_evidence (test_contact_service.ContactDriverFixtures.test_failed_default_http_path_never_marks_model_quality_evidence) ... ok
2026-10-03T15:39:16.4225323Z test_fixture_driver_preserves_original_requests_and_raw_responses (test_contact_service.ContactDriverFixtures.test_fixture_driver_preserves_original_requests_and_raw_responses) ... ok
2026-10-03T15:39:16.4273721Z test_interruption_retains_unattempted_documents_in_denominators (test_contact_service.ContactDriverFixtures.test_interruption_retains_unattempted_documents_in_denominators) ... ok
2026-10-03T15:39:16.4302000Z test_loader_hashes_training_bytes_without_parsing_targets (test_contact_service.ContactDriverFixtures.test_loader_hashes_training_bytes_without_parsing_targets) ... ok
2026-10-03T15:39:16.4324265Z test_outputs_cannot_overwrite_inputs_or_follow_output_symlink (test_contact_service.ContactDriverFixtures.test_outputs_cannot_overwrite_inputs_or_follow_output_symlink) ... ok
2026-10-03T15:39:16.4336999Z test_absent_and_ambiguous_refusals_do_not_enter_unique_target_metric (test_contact_service.ContactPipelineFixtures.test_absent_and_ambiguous_refusals_do_not_enter_unique_target_metric) ... ok
2026-10-03T15:39:16.4338717Z test_b_failure_retains_a_score_and_b_fixed_denominator (test_contact_service.ContactPipelineFixtures.test_b_failure_retains_a_score_and_b_fixed_denominator) ... skipped 'requires optional .[phone] extra'
2026-10-03T15:39:16.4344493Z test_choice_tie_preserves_actual_service_choice (test_contact_service.ContactPipelineFixtures.test_choice_tie_preserves_actual_service_choice) ... ok
2026-10-03T15:39:16.4351438Z test_email_wrong_role_copy_is_not_requested_target_success (test_contact_service.ContactPipelineFixtures.test_email_wrong_role_copy_is_not_requested_target_success) ... ok
2026-10-03T15:39:16.4358846Z test_equal_email_at_other_offset_still_fails (test_contact_service.ContactPipelineFixtures.test_equal_email_at_other_offset_still_fails) ... ok
2026-10-03T15:39:16.4366564Z test_forced_no_candidate_still_requires_valid_response (test_contact_service.ContactPipelineFixtures.test_forced_no_candidate_still_requires_valid_response) ... ok
2026-10-03T15:39:16.4371226Z test_http_error_preserves_wire_bytes_and_all_case_denominators (test_contact_service.ContactPipelineFixtures.test_http_error_preserves_wire_bytes_and_all_case_denominators) ... ok
2026-10-03T15:39:16.4373832Z test_identity_change_between_a_b_and_across_corpora_is_rejected (test_contact_service.ContactPipelineFixtures.test_identity_change_between_a_b_and_across_corpora_is_rejected) ... skipped 'requires optional .[phone] extra'
2026-10-03T15:39:16.4395730Z test_json_probability_candidate_and_sequence_errors_cannot_succeed (test_contact_service.ContactPipelineFixtures.test_json_probability_candidate_and_sequence_errors_cannot_succeed) ... ok
2026-10-03T15:39:16.4405679Z test_metadata_identity_locks_even_when_first_answers_are_invalid (test_contact_service.ContactPipelineFixtures.test_metadata_identity_locks_even_when_first_answers_are_invalid) ... ok
2026-10-03T15:39:16.4411355Z test_miss_none_is_span_correct_but_extraction_failure (test_contact_service.ContactPipelineFixtures.test_miss_none_is_span_correct_but_extraction_failure) ... ok
2026-10-03T15:39:16.4413774Z test_partial_actual_candidate_gets_b_without_gold_repair (test_contact_service.ContactPipelineFixtures.test_partial_actual_candidate_gets_b_without_gold_repair) ... skipped 'requires optional .[phone] extra'
2026-10-03T15:39:16.4415763Z test_phone_b_uses_actual_wrong_role_even_when_presence_is_false (test_contact_service.ContactPipelineFixtures.test_phone_b_uses_actual_wrong_role_even_when_presence_is_false) ... skipped 'requires optional .[phone] extra'
2026-10-03T15:39:16.4422202Z test_phone_none_with_presence_true_does_not_send_b (test_contact_service.ContactPipelineFixtures.test_phone_none_with_presence_true_does_not_send_b) ... ok
2026-10-03T15:39:16.4424567Z test_possible_but_invalid_gb_can_succeed_with_exact_e164 (test_contact_service.ContactPipelineFixtures.test_possible_but_invalid_gb_can_succeed_with_exact_e164) ... skipped 'requires optional .[phone] extra'
2026-10-03T15:39:16.4426479Z test_unknown_region_none_output_is_not_extraction_success (test_contact_service.ContactPipelineFixtures.test_unknown_region_none_output_is_not_extraction_success) ... skipped 'requires optional .[phone] extra'
2026-10-03T15:39:16.5007201Z test_build_and_report_never_overwrite_existing_inputs (test_context_retention_data.RetentionDataTests.test_build_and_report_never_overwrite_existing_inputs) ... ok
2026-10-03T15:39:16.5712886Z test_generated_ood_has_unseen_shared_dependency_structure (test_context_retention_data.RetentionDataTests.test_generated_ood_has_unseen_shared_dependency_structure) ... ok
2026-10-03T15:39:16.6888331Z test_hidden_spec_and_same_length_output_contents_do_not_determine_labels (test_context_retention_data.RetentionDataTests.test_hidden_spec_and_same_length_output_contents_do_not_determine_labels) ... ok
2026-10-03T15:39:16.7568815Z test_inputs_exclude_metadata_targets_and_full_outputs (test_context_retention_data.RetentionDataTests.test_inputs_exclude_metadata_targets_and_full_outputs) ... ok
2026-10-03T15:39:16.8764512Z test_matching_wrong_reference_and_target_cannot_pass (test_context_retention_data.RetentionDataTests.test_matching_wrong_reference_and_target_cannot_pass) ... ok
2026-10-03T15:39:16.9954655Z test_mutated_visible_goal_is_checked_without_consulting_spec (test_context_retention_data.RetentionDataTests.test_mutated_visible_goal_is_checked_without_consulting_spec) ... ok
2026-10-03T15:39:17.1029875Z test_pinned_and_unpaired_gates_never_acquire_probabilities (test_context_retention_data.RetentionDataTests.test_pinned_and_unpaired_gates_never_acquire_probabilities) ... ok
2026-10-03T15:39:17.1663643Z test_policy_tampering_and_extra_rule_are_rejected (test_context_retention_data.RetentionDataTests.test_policy_tampering_and_extra_rule_are_rejected) ... ok
2026-10-03T15:39:17.3009371Z test_small_corpus_is_deterministic_and_independently_verified (test_context_retention_data.RetentionDataTests.test_small_corpus_is_deterministic_and_independently_verified) ... ok
2026-10-03T15:39:17.4081432Z test_source_result_pairing_and_omission_are_checked (test_context_retention_data.RetentionDataTests.test_source_result_pairing_and_omission_are_checked) ... ok
2026-10-03T15:39:17.4675362Z test_unsealed_data_mutation_fails_before_semantic_checks (test_context_retention_data.RetentionDataTests.test_unsealed_data_mutation_fails_before_semantic_checks) ... ok
2026-10-03T15:39:17.4682706Z test_group_spanning_source_train_and_test_is_rejected (test_data.ImportDataTests.test_group_spanning_source_train_and_test_is_rejected) ... ok
2026-10-03T15:39:17.4697438Z test_noul_maps_labels_and_preserves_official_test (test_data.ImportDataTests.test_noul_maps_labels_and_preserves_official_test) ... ok
2026-10-03T15:39:17.4789872Z test_source_train_never_becomes_test_and_duplicates_share_group (test_data.ImportDataTests.test_source_train_never_becomes_test_and_duplicates_share_group) ... ok
2026-10-03T15:39:17.4794649Z test_unknown_label_is_not_silently_remapped (test_data.ImportDataTests.test_unknown_label_is_not_silently_remapped) ... ok
2026-10-03T15:39:17.4973034Z test_build_roundtrip (test_data.SyntheticDataTests.test_build_roundtrip) ... ok
2026-10-03T15:39:17.5281195Z test_deterministic_and_every_target_matches_explicit_oracle (test_data.SyntheticDataTests.test_deterministic_and_every_target_matches_explicit_oracle) ... ok
2026-10-03T15:39:17.5365874Z test_directory_validation_ignores_auxiliary_workflow_jsonl (test_data.SyntheticDataTests.test_directory_validation_ignores_auxiliary_workflow_jsonl) ... ok
2026-10-03T15:39:17.5368924Z test_duplicate_input_cannot_evade_detection_by_shuffling (test_data.SyntheticDataTests.test_duplicate_input_cannot_evade_detection_by_shuffling) ... ok
2026-10-03T15:39:17.5370608Z test_evidence_absence_is_unknown (test_data.SyntheticDataTests.test_evidence_absence_is_unknown) ... ok
2026-10-03T15:39:17.5371607Z test_policy_boundaries_and_rule_precedence (test_data.SyntheticDataTests.test_policy_boundaries_and_rule_precedence) ... ok
2026-10-03T15:39:17.5373456Z test_rejects_bad_probabilities_and_provenance (test_data.SyntheticDataTests.test_rejects_bad_probabilities_and_provenance) ... ok
2026-10-03T15:39:17.5374618Z test_routing_priorities_and_threshold (test_data.SyntheticDataTests.test_routing_priorities_and_threshold) ... ok
2026-10-03T15:39:17.5377390Z test_same_context_with_changed_candidates_cannot_cross_splits (test_data.SyntheticDataTests.test_same_context_with_changed_candidates_cannot_cross_splits) ... ok
2026-10-03T15:39:17.5381276Z test_same_split_allows_changed_candidates_and_question_variants (test_data.SyntheticDataTests.test_same_split_allows_changed_candidates_and_question_variants) ... ok
2026-10-03T15:39:17.5386757Z test_split_directory_rejects_row_in_wrong_split_file (test_data.SyntheticDataTests.test_split_directory_rejects_row_in_wrong_split_file) ... ok
2026-10-03T15:39:17.5710050Z test_split_grouping_and_ood_isolation (test_data.SyntheticDataTests.test_split_grouping_and_ood_isolation) ... ok
2026-10-03T15:39:17.5983537Z test_full_pass_has_no_padding_skips_or_reordering (test_distributed_training.DistributedContractTests.test_full_pass_has_no_padding_skips_or_reordering) ... ok
2026-10-03T15:39:17.5985280Z test_reload_rejects_nonfinite_length_mismatch_and_large_error (test_distributed_training.DistributedContractTests.test_reload_rejects_nonfinite_length_mismatch_and_large_error) ... ok
2026-10-03T15:39:17.5986943Z test_resource_policy_requires_exact_host_and_physical_uuids (test_distributed_training.DistributedContractTests.test_resource_policy_requires_exact_host_and_physical_uuids) ... ok
2026-10-03T15:39:17.6010076Z test_resume_rejects_changed_data_order_schedule_runtime_topology_and_code (test_distributed_training.DistributedContractTests.test_resume_rejects_changed_data_order_schedule_runtime_topology_and_code) ... ok
2026-10-03T15:39:17.6029166Z test_snapshot_checksums_and_optimizer_cursor_are_checked_before_tensors (test_distributed_training.DistributedContractTests.test_snapshot_checksums_and_optimizer_cursor_are_checked_before_tensors) ... ok
2026-10-03T15:39:17.6031102Z test_cpu_final_evaluation_fits_calibration_and_preserves_original_baselines (test_distributed_training.DistributedNumericalTests.test_cpu_final_evaluation_fits_calibration_and_preserves_original_baselines) ... skipped 'requires optional torch runtime'
2026-10-03T15:39:17.6033013Z test_four_rank_dropout_python_torch_rng_and_optimizer_resume (test_distributed_training.DistributedNumericalTests.test_four_rank_dropout_python_torch_rng_and_optimizer_resume) ... skipped 'requires optional torch runtime'
2026-10-03T15:39:17.6035068Z test_four_rank_global_batch_matches_serial_parameters_optimizer_and_losses (test_distributed_training.DistributedNumericalTests.test_four_rank_global_batch_matches_serial_parameters_optimizer_and_losses) ... skipped 'requires optional torch runtime'
2026-10-03T15:39:17.6036859Z test_restore_rejects_missing_optimizer_moment_and_reordered_parameter_groups (test_distributed_training.DistributedNumericalTests.test_restore_rejects_missing_optimizer_moment_and_reordered_parameter_groups) ... skipped 'requires optional torch runtime'
2026-10-03T15:39:17.6134226Z test_defaults_cache_opt_in_and_command_override (test_docker_deployment.DockerEntrypointTest.test_defaults_cache_opt_in_and_command_override) ... ok
2026-10-03T15:39:17.6170462Z test_empty_manifest_is_rejected (test_docker_deployment.DockerFetchTest.test_empty_manifest_is_rejected) ... ok
2026-10-03T15:39:17.6203289Z test_missing_manifest_is_rejected (test_docker_deployment.DockerFetchTest.test_missing_manifest_is_rejected) ... ok
2026-10-03T15:39:17.6239104Z test_tampered_package_is_rejected (test_docker_deployment.DockerFetchTest.test_tampered_package_is_rejected) ... ok
2026-10-03T15:39:17.6278371Z test_valid_package_records_verified_files (test_docker_deployment.DockerFetchTest.test_valid_package_records_verified_files) ... ok
2026-10-03T15:39:17.6311847Z test_wrong_base_revision_is_rejected (test_docker_deployment.DockerFetchTest.test_wrong_base_revision_is_rejected) ... ok
2026-10-03T15:39:17.6313672Z test_all_frozen_training_rows_match_runtime_prompts (test_doom_control.DoomControlTest.test_all_frozen_training_rows_match_runtime_prompts) ... skipped 'frozen local Doom corpus is unavailable'
2026-10-03T15:39:17.6360814Z test_attack_threshold_and_alignment_never_override_model_action (test_doom_control.DoomControlTest.test_attack_threshold_and_alignment_never_override_model_action) ... ok
2026-10-03T15:39:18.1471554Z test_audited_http_suite_records_typed_errors_without_fallback (test_doom_control.DoomControlTest.test_audited_http_suite_records_typed_errors_without_fallback) ... ok
2026-10-03T15:39:18.1487329Z test_http_typed_loop_keeps_raw_heads_and_never_calls_teacher (test_doom_control.DoomControlTest.test_http_typed_loop_keeps_raw_heads_and_never_calls_teacher) ... ok
2026-10-03T15:39:18.1536862Z test_legacy_mode_is_default_and_typed_cli_replay_is_explicit (test_doom_control.DoomControlTest.test_legacy_mode_is_default_and_typed_cli_replay_is_explicit) ... ok
2026-10-03T15:39:18.1577437Z test_malformed_heads_probabilities_confidence_and_legend_fail (test_doom_control.DoomControlTest.test_malformed_heads_probabilities_confidence_and_legend_fail) ... ok
2026-10-03T15:39:18.1578970Z test_real_typed_engine_rollout_and_replay (test_doom_control.DoomControlTest.test_real_typed_engine_rollout_and_replay) ... skipped 'optional local ViZDoom is unavailable'
2026-10-03T15:39:18.1581260Z test_service_identity_counts_noul_as_one_sequence (test_doom_control.DoomControlTest.test_service_identity_counts_noul_as_one_sequence) ... ok
2026-10-03T15:39:18.1585591Z test_training_and_runtime_candidate_prompts_are_identical (test_doom_control.DoomControlTest.test_training_and_runtime_candidate_prompts_are_identical) ... ok
2026-10-03T15:39:19.1157886Z test_all_actions_kinds_and_parent_ood_splits_are_present (test_drone_data.DroneDataTest.test_all_actions_kinds_and_parent_ood_splits_are_present) ... ok
2026-10-03T15:39:19.1178675Z test_corrupt_questions_answers_or_derivation_are_rejected (test_drone_data.DroneDataTest.test_corrupt_questions_answers_or_derivation_are_rejected) ... ok
2026-10-03T15:39:19.6495197Z test_disk_roundtrip_and_overwrite_protection (test_drone_data.DroneDataTest.test_disk_roundtrip_and_overwrite_protection) ... ok
2026-10-03T15:39:20.0555240Z test_exact_runtime_prompts_targets_and_typed_proposals (test_drone_data.DroneDataTest.test_exact_runtime_prompts_targets_and_typed_proposals) ... ok
2026-10-03T15:39:20.0849916Z test_ids_order_and_metadata_do_not_decide_references (test_drone_data.DroneDataTest.test_ids_order_and_metadata_do_not_decide_references) ... ok
2026-10-03T15:39:20.0868221Z test_same_sensor_facts_different_side_goals (test_drone_data.DroneDataTest.test_same_sensor_facts_different_side_goals) ... ok
2026-10-03T15:39:20.1028662Z test_single_candidate_omission_and_no_inactive_heads (test_drone_data.DroneDataTest.test_single_candidate_omission_and_no_inactive_heads) ... ok
2026-10-03T15:39:20.1042301Z test_climb_requires_permission_verified_clearance_and_geometry (test_drone_data.DroneRuleTest.test_climb_requires_permission_verified_clearance_and_geometry) ... ok
2026-10-03T15:39:20.1054351Z test_gap_width_tie_goal_and_all_barriers (test_drone_data.DroneRuleTest.test_gap_width_tie_goal_and_all_barriers) ... ok
2026-10-03T15:39:20.1062773Z test_goal_changes_reacquisition_but_not_evidence_or_risk (test_drone_data.DroneRuleTest.test_goal_changes_reacquisition_but_not_evidence_or_risk) ... ok
2026-10-03T15:39:20.1078909Z test_missing_disclosure_or_invalid_measurements_do_not_get_labels (test_drone_data.DroneRuleTest.test_missing_disclosure_or_invalid_measurements_do_not_get_labels) ... ok
2026-10-03T15:39:20.1093816Z test_relative_motion_and_off_course_obstacles (test_drone_data.DroneRuleTest.test_relative_motion_and_off_course_obstacles) ... ok
2026-10-03T15:39:20.1113166Z test_stopping_distance_ttc_and_clearance_boundaries (test_drone_data.DroneRuleTest.test_stopping_distance_ttc_and_clearance_boundaries) ... ok
2026-10-03T15:39:20.1134368Z test_target_loss_needs_independent_unoccluded_evidence (test_drone_data.DroneRuleTest.test_target_loss_needs_independent_unoccluded_evidence) ... ok
2026-10-03T15:39:20.2126973Z test_exact_requests_teacher_and_derivation_are_required (test_drone_service_eval.DroneServiceEvaluationTests.test_exact_requests_teacher_and_derivation_are_required) ... ok
2026-10-03T15:39:20.2145402Z test_forced_maneuver_is_separate_and_all_failures_stay_in_denominators (test_drone_service_eval.DroneServiceEvaluationTests.test_forced_maneuver_is_separate_and_all_failures_stay_in_denominators) ... ok
2026-10-03T15:39:20.2646245Z test_interrupted_run_preserves_all_denominators_and_frozen_requests (test_drone_service_eval.DroneServiceEvaluationTests.test_interrupted_run_preserves_all_denominators_and_frozen_requests) ... ok
2026-10-03T15:39:20.2661353Z test_modal_ties_scalar_error_and_noul_threshold (test_drone_service_eval.DroneServiceEvaluationTests.test_modal_ties_scalar_error_and_noul_threshold) ... ok
2026-10-03T15:39:20.2681968Z test_noul_has_one_scoring_sequence_and_artifact_identity_is_exact (test_drone_service_eval.DroneServiceEvaluationTests.test_noul_has_one_scoring_sequence_and_artifact_identity_is_exact) ... ok
2026-10-03T15:39:20.3490715Z test_offline_transport_failures_identity_and_wire_evidence (test_drone_service_eval.DroneServiceEvaluationTests.test_offline_transport_failures_identity_and_wire_evidence) ... ok
2026-10-03T15:39:20.3957244Z test_selection_is_label_independent_order_invariant_and_grouped (test_drone_service_eval.DroneServiceEvaluationTests.test_selection_is_label_independent_order_invariant_and_grouped) ... ok
2026-10-03T15:39:20.4038520Z test_strict_all_head_contracts_reject_malformed_fields (test_drone_service_eval.DroneServiceEvaluationTests.test_strict_all_head_contracts_reject_malformed_fields) ... ok
2026-10-03T15:39:20.4044833Z test_independent_suite_is_deterministic_and_compiles_mixed_types (test_efficiency_metrics.EfficiencyMetricsTest.test_independent_suite_is_deterministic_and_compiles_mixed_types) ... ok
2026-10-03T15:39:20.4046680Z test_interpolated_percentiles_and_throughput (test_efficiency_metrics.EfficiencyMetricsTest.test_interpolated_percentiles_and_throughput) ... ok
2026-10-03T15:39:20.9086715Z test_loopback_http_audits_real_transport_and_separates_scope (test_efficiency_metrics.EfficiencyMetricsTest.test_loopback_http_audits_real_transport_and_separates_scope) ... ok
2026-10-03T15:39:20.9089354Z test_missing_reordered_and_nonfinite_probabilities_fail (test_efficiency_metrics.EfficiencyMetricsTest.test_missing_reordered_and_nonfinite_probabilities_fail) ... ok
2026-10-03T15:39:20.9090848Z test_noul_equal_boundary_uses_true_at_half (test_efficiency_metrics.EfficiencyMetricsTest.test_noul_equal_boundary_uses_true_at_half) ... ok
2026-10-03T15:39:20.9092684Z test_official_noul_thresholds_point_two_and_point_eight_are_audited (test_efficiency_metrics.EfficiencyMetricsTest.test_official_noul_thresholds_point_two_and_point_eight_are_audited) ... ok
2026-10-03T15:39:20.9094407Z test_small_error_without_crossing_passes (test_efficiency_metrics.EfficiencyMetricsTest.test_small_error_without_crossing_passes) ... ok
2026-10-03T15:39:20.9095741Z test_tiny_coverage_boundary_flip_is_reported (test_efficiency_metrics.EfficiencyMetricsTest.test_tiny_coverage_boundary_flip_is_reported) ... ok
2026-10-03T15:39:20.9097285Z test_tiny_probability_error_still_fails_decision_boundary (test_efficiency_metrics.EfficiencyMetricsTest.test_tiny_probability_error_still_fails_decision_boundary) ... ok
2026-10-03T15:39:20.9098676Z test_usage_mismatch_fails_parity (test_efficiency_metrics.EfficiencyMetricsTest.test_usage_mismatch_fails_parity) ... ok
2026-10-03T15:39:20.9505920Z test_build_does_not_overwrite_existing_corpus (test_email_selection_control.EmailCorpusAuditTest.test_build_does_not_overwrite_existing_corpus) ... ok
2026-10-03T15:39:20.9723157Z test_candidate_copy_cannot_silently_lowercase_addresses (test_email_selection_control.EmailCorpusAuditTest.test_candidate_copy_cannot_silently_lowercase_addresses) ... ok
2026-10-03T15:39:21.0189797Z test_groups_and_contact_identity_are_isolated (test_email_selection_control.EmailCorpusAuditTest.test_groups_and_contact_identity_are_isolated) ... ok
2026-10-03T15:39:21.0414752Z test_hidden_reference_and_ids_do_not_enter_prompts (test_email_selection_control.EmailCorpusAuditTest.test_hidden_reference_and_ids_do_not_enter_prompts) ... ok
2026-10-03T15:39:21.0645014Z test_joint_reference_and_target_mutation_rejected (test_email_selection_control.EmailCorpusAuditTest.test_joint_reference_and_target_mutation_rejected) ... ok
2026-10-03T15:39:21.1479276Z test_original_counts_recall_omissions_and_deterministic_generation (test_email_selection_control.EmailCorpusAuditTest.test_original_counts_recall_omissions_and_deterministic_generation) ... ok
2026-10-03T15:39:21.2184283Z test_output_exclusive_creation_preserves_concurrent_file (test_email_selection_control.EmailCorpusAuditTest.test_output_exclusive_creation_preserves_concurrent_file) ... ok
2026-10-03T15:39:21.2234961Z test_output_rejects_input_paths_aliases_existing_files_and_symlinks (test_email_selection_control.EmailCorpusAuditTest.test_output_rejects_input_paths_aliases_existing_files_and_symlinks) ... ok
2026-10-03T15:39:21.2272726Z test_source_hash_binding_and_unsealed_bytes_are_checked (test_email_selection_control.EmailCorpusAuditTest.test_source_hash_binding_and_unsealed_bytes_are_checked) ... ok
2026-10-03T15:39:21.2504892Z test_visible_current_status_mutation_is_rejected_without_trusting_reference (test_email_selection_control.EmailCorpusAuditTest.test_visible_current_status_mutation_is_rejected_without_trusting_reference) ... ok
2026-10-03T15:39:21.2511979Z test_card_offsets_and_unicode_prefix_use_original_characters (test_email_selection_control.EmailRuntimeTest.test_card_offsets_and_unicode_prefix_use_original_characters) ... ok
2026-10-03T15:39:21.2518614Z test_copy_preserves_case_and_can_copy_wrong_role_or_superseded_contacts (test_email_selection_control.EmailRuntimeTest.test_copy_preserves_case_and_can_copy_wrong_role_or_superseded_contacts) ... ok
2026-10-03T15:39:21.2526753Z test_current_superseded_order_and_query_blind_candidates (test_email_selection_control.EmailRuntimeTest.test_current_superseded_order_and_query_blind_candidates) ... ok
2026-10-03T15:39:21.2531278Z test_duplicate_current_addresses_are_ambiguous_but_other_roles_are_not (test_email_selection_control.EmailRuntimeTest.test_duplicate_current_addresses_are_ambiguous_but_other_roles_are_not) ... ok
2026-10-03T15:39:21.2536327Z test_new_original_example_recompiles_and_keeps_copy_separate (test_email_selection_control.EmailRuntimeTest.test_new_original_example_recompiles_and_keeps_copy_separate) ... ok
2026-10-03T15:39:21.2577924Z test_no_candidates_maximum_candidates_and_corrupted_cache (test_email_selection_control.EmailRuntimeTest.test_no_candidates_maximum_candidates_and_corrupted_cache) ... ok
2026-10-03T15:39:21.2584742Z test_quoted_unicode_local_and_unicode_domain_remain_present_but_unrecalled (test_email_selection_control.EmailRuntimeTest.test_quoted_unicode_local_and_unicode_domain_remain_present_but_unrecalled) ... ok
2026-10-03T15:39:21.2590627Z test_superseded_only_missing_and_unrecorded_do_not_establish_current_presence (test_email_selection_control.EmailRuntimeTest.test_superseded_only_missing_and_unrecorded_do_not_establish_current_presence) ... ok
2026-10-03T15:39:21.2597678Z test_unknown_recognized_status_rejected_in_both_layouts (test_email_selection_control.EmailRuntimeTest.test_unknown_recognized_status_rejected_in_both_layouts) ... ok
2026-10-03T15:39:21.4484632Z test_aliases_cannot_leak_between_families (test_entity_alignment_control.EntityCorpusAuditTest.test_aliases_cannot_leak_between_families) ... ok
2026-10-03T15:39:21.4695477Z test_auxiliary_labels_and_ids_are_not_model_inputs (test_entity_alignment_control.EntityCorpusAuditTest.test_auxiliary_labels_and_ids_are_not_model_inputs) ... ok
2026-10-03T15:39:21.4719856Z test_build_refuses_to_overwrite_existing_data (test_entity_alignment_control.EntityCorpusAuditTest.test_build_refuses_to_overwrite_existing_data) ... ok
2026-10-03T15:39:21.5739196Z test_family_spec_is_auxiliary_and_not_an_oracle (test_entity_alignment_control.EntityCorpusAuditTest.test_family_spec_is_auxiliary_and_not_an_oracle) ... ok
2026-10-03T15:39:21.6717823Z test_identifiers_cannot_leak_between_families (test_entity_alignment_control.EntityCorpusAuditTest.test_identifiers_cannot_leak_between_families) ... ok
2026-10-03T15:39:21.7601493Z test_joint_wrong_reference_and_target_mutation_is_rejected (test_entity_alignment_control.EntityCorpusAuditTest.test_joint_wrong_reference_and_target_mutation_is_rejected) ... ok
2026-10-03T15:39:21.9409390Z test_original_dataset_audits_and_generation_is_deterministic (test_entity_alignment_control.EntityCorpusAuditTest.test_original_dataset_audits_and_generation_is_deterministic) ... ok
2026-10-03T15:39:21.9465033Z test_output_cannot_target_input_manifest_jsonl_or_directory_symlink (test_entity_alignment_control.EntityCorpusAuditTest.test_output_cannot_target_input_manifest_jsonl_or_directory_symlink) ... ok
2026-10-03T15:39:22.2037572Z test_output_exclusive_creation_preserves_a_concurrently_arriving_file (test_entity_alignment_control.EntityCorpusAuditTest.test_output_exclusive_creation_preserves_a_concurrently_arriving_file) ... ok
2026-10-03T15:39:22.2078109Z test_output_refuses_existing_files_and_normal_or_dangling_symlinks (test_entity_alignment_control.EntityCorpusAuditTest.test_output_refuses_existing_files_and_normal_or_dangling_symlinks) ... ok
2026-10-03T15:39:22.2845206Z test_pairs_and_all_heads_remain_in_the_family_split (test_entity_alignment_control.EntityCorpusAuditTest.test_pairs_and_all_heads_remain_in_the_family_split) ... ok
2026-10-03T15:39:22.2923122Z test_runtime_source_hash_binding_and_unsealed_bytes_are_checked (test_entity_alignment_control.EntityCorpusAuditTest.test_runtime_source_hash_binding_and_unsealed_bytes_are_checked) ... ok
2026-10-03T15:39:22.3747850Z test_visible_input_change_is_detected_with_unchanged_family_spec (test_entity_alignment_control.EntityCorpusAuditTest.test_visible_input_change_is_detected_with_unchanged_family_spec) ... ok
2026-10-03T15:39:22.3790694Z test_all_fields_agreement_conflict_and_missing_under_both_wordings (test_entity_alignment_control.EntityVisibleSemanticsTest.test_all_fields_agreement_conflict_and_missing_under_both_wordings) ... ok
2026-10-03T15:39:22.3796899Z test_equal_unlisted_text_does_not_establish_agreement (test_entity_alignment_control.EntityVisibleSemanticsTest.test_equal_unlisted_text_does_not_establish_agreement) ... ok
2026-10-03T15:39:22.3808295Z test_exact_units_long_decimals_and_visible_custom_factors (test_entity_alignment_control.EntityVisibleSemanticsTest.test_exact_units_long_decimals_and_visible_custom_factors) ... ok
2026-10-03T15:39:22.3817438Z test_forged_capacity_evidence_unsupported_policy_and_ambiguous_alias_fail (test_entity_alignment_control.EntityVisibleSemanticsTest.test_forged_capacity_evidence_unsupported_policy_and_ambiguous_alias_fail) ... ok
2026-10-03T15:39:22.3831583Z test_identifier_precedence_and_different_namespaces (test_entity_alignment_control.EntityVisibleSemanticsTest.test_identifier_precedence_and_different_namespaces) ... ok
2026-10-03T15:39:22.3845598Z test_identifiers_trim_outer_whitespace_but_preserve_case_and_internal_text (test_entity_alignment_control.EntityVisibleSemanticsTest.test_identifiers_trim_outer_whitespace_but_preserve_case_and_internal_text) ... ok
2026-10-03T15:39:22.3870583Z test_invalid_capacity_is_unknown_instead_of_equal_or_conflicting (test_entity_alignment_control.EntityVisibleSemanticsTest.test_invalid_capacity_is_unknown_instead_of_equal_or_conflicting) ... ok
2026-10-03T15:39:22.3886298Z test_mixed_unicode_digits_are_unknown_capacity_even_with_matching_identifiers (test_entity_alignment_control.EntityVisibleSemanticsTest.test_mixed_unicode_digits_are_unknown_capacity_even_with_matching_identifiers) ... ok
2026-10-03T15:39:22.3889632Z test_new_original_example_recompiles_to_four_heads (test_entity_alignment_control.EntityVisibleSemanticsTest.test_new_original_example_recompiles_to_four_heads) ... ok
2026-10-03T15:39:22.3898871Z test_same_identifier_permits_same_with_missing_fields (test_entity_alignment_control.EntityVisibleSemanticsTest.test_same_identifier_permits_same_with_missing_fields) ... ok
2026-10-03T15:39:22.3900467Z test_all_300_published_request_hashes_and_reference_statistics_reproduce (test_eval_frontier.FrontierFrozenSourceTests.test_all_300_published_request_hashes_and_reference_statistics_reproduce) ... skipped 'requires external pinned JF100 checkout'
2026-10-03T15:39:22.3925624Z test_audit_requires_all_trials_correct_rotated_gold_and_request_identity (test_eval_frontier.FrontierProtocolTests.test_audit_requires_all_trials_correct_rotated_gold_and_request_identity) ... ok
2026-10-03T15:39:22.3936464Z test_checksum_or_source_commit_change_is_rejected_before_loading_items (test_eval_frontier.FrontierProtocolTests.test_checksum_or_source_commit_change_is_rejected_before_loading_items) ... ok
2026-10-03T15:39:22.3939495Z test_native_choice_rotation_preserves_meaning_and_remaps_gold (test_eval_frontier.FrontierProtocolTests.test_native_choice_rotation_preserves_meaning_and_remaps_gold) ... ok
2026-10-03T15:39:22.3941364Z test_native_probability_validation_catches_invalid_answers_without_retry (test_eval_frontier.FrontierProtocolTests.test_native_probability_validation_catches_invalid_answers_without_retry) ... ok
2026-10-03T15:39:22.3943415Z test_request_builder_never_reads_gold_rationale_or_other_hidden_metadata (test_eval_frontier.FrontierProtocolTests.test_request_builder_never_reads_gold_rationale_or_other_hidden_metadata) ... ok
2026-10-03T15:39:22.3945366Z test_request_hash_matches_upstream_json_normalization (test_eval_frontier.FrontierProtocolTests.test_request_hash_matches_upstream_json_normalization) ... ok
2026-10-03T15:39:22.4006856Z test_statistics_keep_template_pairs_and_score_service_failures_zero (test_eval_frontier.FrontierProtocolTests.test_statistics_keep_template_pairs_and_score_service_failures_zero) ... ok
2026-10-03T15:39:22.4054177Z test_audit_checks_bytes_and_counts_for_each_manifest_layout (test_eval_separation.EvaluationSeparationTests.test_audit_checks_bytes_and_counts_for_each_manifest_layout) ... ok
2026-10-03T15:39:22.4056685Z test_exact_match_ignores_option_rotation_and_standard_list_labels (test_eval_separation.EvaluationSeparationTests.test_exact_match_ignores_option_rotation_and_standard_list_labels) ... ok
2026-10-03T15:39:22.4058842Z test_manifest_layouts_preserve_identical_frozen_hashes_and_counts (test_eval_separation.EvaluationSeparationTests.test_manifest_layouts_preserve_identical_frozen_hashes_and_counts) ... ok
2026-10-03T15:39:22.4062446Z test_manifest_rejects_missing_and_contradictory_definitions (test_eval_separation.EvaluationSeparationTests.test_manifest_rejects_missing_and_contradictory_definitions) ... ok
2026-10-03T15:39:22.4065546Z test_matcher_uses_only_visible_fields_and_catches_embedded_state (test_eval_separation.EvaluationSeparationTests.test_matcher_uses_only_visible_fields_and_catches_embedded_state) ... ok
2026-10-03T15:39:22.4068065Z test_semantic_or_partial_option_prefixes_are_not_stripped (test_eval_separation.EvaluationSeparationTests.test_semantic_or_partial_option_prefixes_are_not_stripped) ... ok
2026-10-03T15:39:22.4070571Z test_short_state_is_excluded_only_from_substrings_and_boundaries_hold (test_eval_separation.EvaluationSeparationTests.test_short_state_is_excluded_only_from_substrings_and_boundaries_hold) ... ok
2026-10-03T15:39:22.4073007Z test_structured_state_keys_normalize_without_erasing_values_or_case (test_eval_separation.EvaluationSeparationTests.test_structured_state_keys_normalize_without_erasing_values_or_case) ... ok
2026-10-03T15:39:22.4086753Z test_absent_evidence_writes_failed_report_and_preserves_existing_output (test_expansion_data_audit.Entrypoints.test_absent_evidence_writes_failed_report_and_preserves_existing_output) ... ok
2026-10-03T15:39:22.4106403Z test_archive_traversal_and_duplicate_members_rejected (test_expansion_data_audit.Entrypoints.test_archive_traversal_and_duplicate_members_rejected) ... ok
2026-10-03T15:39:22.4109963Z test_fixed_contract_matches_preflight_metadata (test_expansion_data_audit.Entrypoints.test_fixed_contract_matches_preflight_metadata) ... ok
2026-10-03T15:39:22.4112266Z test_full_size_assignment_counts_without_reading_dataset_rows (test_expansion_data_audit.Entrypoints.test_full_size_assignment_counts_without_reading_dataset_rows) ... ok
2026-10-03T15:39:22.4120631Z test_modified_pinned_producer_archive_is_rejected (test_expansion_data_audit.Entrypoints.test_modified_pinned_producer_archive_is_rejected) ... ok
2026-10-03T15:39:22.4126829Z test_not_ready_capture_does_not_copy_or_create_output (test_expansion_data_audit.Entrypoints.test_not_ready_capture_does_not_copy_or_create_output) ... ok
2026-10-03T15:39:22.4398001Z test_pinned_producer_schemas_and_source_bytes (test_expansion_data_audit.Entrypoints.test_pinned_producer_schemas_and_source_bytes) ... ok
2026-10-03T15:39:22.4429859Z test_probe_missing_final_artifacts_returns_not_ready_without_subprocess (test_expansion_data_audit.Entrypoints.test_probe_missing_final_artifacts_returns_not_ready_without_subprocess) ... ok
2026-10-03T15:39:22.4704445Z test_changed_calibration_rejected_after_rehash (test_expansion_data_audit.SyntheticEvidence.test_changed_calibration_rejected_after_rehash) ... ok
2026-10-03T15:39:22.5059409Z test_complete_synthetic_capture (test_expansion_data_audit.SyntheticEvidence.test_complete_synthetic_capture) ... ok
2026-10-03T15:39:22.5902830Z test_failed_duplicate_wrong_probability_or_missing_prediction_rejected (test_expansion_data_audit.SyntheticEvidence.test_failed_duplicate_wrong_probability_or_missing_prediction_rejected) ... ok
2026-10-03T15:39:22.6046475Z test_global_partition_continues_across_split_boundary (test_expansion_data_audit.SyntheticEvidence.test_global_partition_continues_across_split_boundary) ... ok
2026-10-03T15:39:22.6324013Z test_package_payload_mismatch_even_with_updated_manifest (test_expansion_data_audit.SyntheticEvidence.test_package_payload_mismatch_even_with_updated_manifest) ... ok
2026-10-03T15:39:22.7150848Z test_partial_training_or_wrong_revision_rejected_after_rehash (test_expansion_data_audit.SyntheticEvidence.test_partial_training_or_wrong_revision_rejected_after_rehash) ... ok
2026-10-03T15:39:22.7362588Z test_source_bytes_or_before_after_change_rejected (test_expansion_data_audit.SyntheticEvidence.test_source_bytes_or_before_after_change_rejected) ... ok
2026-10-03T15:39:22.7707562Z test_summary_metric_mutation_rejected_after_rehash (test_expansion_data_audit.SyntheticEvidence.test_summary_metric_mutation_rejected_after_rehash) ... ok
2026-10-03T15:39:22.7964376Z test_symlinked_package_payload_rejected (test_expansion_data_audit.SyntheticEvidence.test_symlinked_package_payload_rejected) ... ok
2026-10-03T15:39:22.8436872Z test_wrong_profile_or_controller_cleanup_rejected (test_expansion_data_audit.SyntheticEvidence.test_wrong_profile_or_controller_cleanup_rejected) ... ok
2026-10-03T15:39:22.8438909Z test_all_profile_widths_and_residual_are_close (test_fast_backend.CudaTailTest.test_all_profile_widths_and_residual_are_close) ... skipped 'requires CUDA and Triton'
2026-10-03T15:39:22.8441004Z test_out_of_range_cuda_indices_cannot_read_memory (test_fast_backend.CudaTailTest.test_out_of_range_cuda_indices_cannot_read_memory) ... skipped 'requires CUDA and Triton'
2026-10-03T15:39:22.8443689Z test_copied_source_projections_are_released_and_output_alias_survives (test_fast_backend.OwnershipAndReferenceTest.test_copied_source_projections_are_released_and_output_alias_survives) ... skipped 'requires torch'
2026-10-03T15:39:22.8446188Z test_invalid_indices_and_residual_shape_fail (test_fast_backend.OwnershipAndReferenceTest.test_invalid_indices_and_residual_shape_fail) ... skipped 'requires torch'
2026-10-03T15:39:22.8448404Z test_reference_matches_full_dense_qwen_norm_then_head (test_fast_backend.OwnershipAndReferenceTest.test_reference_matches_full_dense_qwen_norm_then_head) ... skipped 'requires torch'
2026-10-03T15:39:22.8450656Z test_reference_zero_rows_and_multiplier_convention (test_fast_backend.OwnershipAndReferenceTest.test_reference_zero_rows_and_multiplier_convention) ... skipped 'requires torch'
2026-10-03T15:39:22.8452553Z test_all_three_profiles_are_explicit_for_tail (test_fast_backend.ProfileTest.test_all_three_profiles_are_explicit_for_tail) ... ok
2026-10-03T15:39:22.8454350Z test_config_and_layer_layout_mismatches_fail (test_fast_backend.ProfileTest.test_config_and_layer_layout_mismatches_fail) ... ok
2026-10-03T15:39:22.8455883Z test_license_and_pinned_source_are_retained (test_fast_backend.ProfileTest.test_license_and_pinned_source_are_retained) ... ok
2026-10-03T15:39:22.8457565Z test_packed_rows_shares_root_and_question_prefixes (test_fast_backend.ProfileTest.test_packed_rows_shares_root_and_question_prefixes) ... ok
2026-10-03T15:39:22.8459376Z test_unrecognized_model_and_backend_do_not_fallback (test_fast_backend.ProfileTest.test_unrecognized_model_and_backend_do_not_fallback) ... ok
2026-10-03T15:39:22.8461246Z test_unvalidated_smaller_tree_profiles_fail_explicitly (test_fast_backend.ProfileTest.test_unvalidated_smaller_tree_profiles_fail_explicitly) ... ok
2026-10-03T15:39:22.8475126Z test_bad_reload_or_calibration_provenance_rejected (test_four_gpu_handoff.HandoffTests.test_bad_reload_or_calibration_provenance_rejected) ... ok
2026-10-03T15:39:22.8498459Z test_changed_frozen_inputs_after_wait_prevent_retirement (test_four_gpu_handoff.HandoffTests.test_changed_frozen_inputs_after_wait_prevent_retirement) ... ok
2026-10-03T15:39:22.8529629Z test_evaluation_failure_prevents_training (test_four_gpu_handoff.HandoffTests.test_evaluation_failure_prevents_training) ... ok
2026-10-03T15:39:22.8534434Z test_foreign_gpu_process_blocks_retirement (test_four_gpu_handoff.HandoffTests.test_foreign_gpu_process_blocks_retirement) ... ok
2026-10-03T15:39:22.8546323Z test_last_optimizer_step_is_not_completion (test_four_gpu_handoff.HandoffTests.test_last_optimizer_step_is_not_completion) ... ok
2026-10-03T15:39:22.8550385Z test_pid_reuse_never_permits_signal (test_four_gpu_handoff.HandoffTests.test_pid_reuse_never_permits_signal) ... ok
2026-10-03T15:39:23.2305071Z test_real_termination_reaps_owned_child (test_four_gpu_handoff.HandoffTests.test_real_termination_reaps_owned_child) ... ok
2026-10-03T15:39:23.2318194Z test_recording_failure_reaps_already_started_child (test_four_gpu_handoff.HandoffTests.test_recording_failure_reaps_already_started_child) ... ok
2026-10-03T15:39:23.2320081Z test_signals_enter_cleanup_path (test_four_gpu_handoff.HandoffTests.test_signals_enter_cleanup_path) ... ok
2026-10-03T15:39:23.2325431Z test_snapshot_failure_precedes_pidfd_and_signal (test_four_gpu_handoff.HandoffTests.test_snapshot_failure_precedes_pidfd_and_signal) ... ok
2026-10-03T15:39:23.2331744Z test_wrong_model_or_noop_phase_commands_are_rejected (test_four_gpu_handoff.HandoffTests.test_wrong_model_or_noop_phase_commands_are_rejected) ... ok
2026-10-03T15:39:23.2337117Z test_zero_exit_does_not_replace_completed_eval_manifest (test_four_gpu_handoff.HandoffTests.test_zero_exit_does_not_replace_completed_eval_manifest) ... ok
2026-10-03T15:39:23.2646150Z test_freeze_refuses_overwrite_and_aggregate_preserves_development_scope (test_frontier_controls_v4.FrontierControlsV4Test.test_freeze_refuses_overwrite_and_aggregate_preserves_development_scope) ... ok
2026-10-03T15:39:23.2986317Z test_frozen_groups_and_executable_oracle (test_frontier_controls_v4.FrontierControlsV4Test.test_frozen_groups_and_executable_oracle) ... ok
2026-10-03T15:39:23.2988420Z test_identity_and_latest_direct_authorization (test_frontier_controls_v4.FrontierControlsV4Test.test_identity_and_latest_direct_authorization) ... ok
2026-10-03T15:39:23.3136824Z test_oracle_rejects_corrupted_target (test_frontier_controls_v4.FrontierControlsV4Test.test_oracle_rejects_corrupted_target) ... ok
2026-10-03T15:39:23.7780845Z test_declared_disposition_schedule_is_equal_for_every_scaffold (test_frontier_controls_v8.FrontierV8Tests.test_declared_disposition_schedule_is_equal_for_every_scaffold) ... ok
2026-10-03T15:39:24.4421058Z test_deterministic_counts_and_schema (test_frontier_controls_v8.FrontierV8Tests.test_deterministic_counts_and_schema) ... ok
2026-10-03T15:39:24.4494490Z test_every_essential_component_can_change_an_outcome (test_frontier_controls_v8.FrontierV8Tests.test_every_essential_component_can_change_an_outcome) ... ok
2026-10-03T15:39:24.4500751Z test_existing_output_rejected_without_mutation (test_frontier_controls_v8.FrontierV8Tests.test_existing_output_rejected_without_mutation) ... ok
2026-10-03T15:39:24.4823016Z test_four_presentations_no_truth_layout_shortcut (test_frontier_controls_v8.FrontierV8Tests.test_four_presentations_no_truth_layout_shortcut) ... ok
2026-10-03T15:39:25.2349642Z test_generation_reads_no_data_or_models_and_opaque_ids (test_frontier_controls_v8.FrontierV8Tests.test_generation_reads_no_data_or_models_and_opaque_ids) ... ok
2026-10-03T15:39:25.2389482Z test_no_neutral_ledger_padding_and_positions_balanced (test_frontier_controls_v8.FrontierV8Tests.test_no_neutral_ledger_padding_and_positions_balanced) ... ok
2026-10-03T15:39:25.2392506Z test_account_membership_permutation_and_irrelevant_events (test_frontier_isolation_v8.FrontierIsolationTests.test_account_membership_permutation_and_irrelevant_events) ... ok
2026-10-03T15:39:25.2404053Z test_actual_parent_cannot_cross_splits_and_unknown_noul_is_not_guessed (test_frontier_isolation_v8.FrontierIsolationTests.test_actual_parent_cannot_cross_splits_and_unknown_noul_is_not_guessed) ... ok
2026-10-03T15:39:25.2408676Z test_clock_representation_normalizes_absolute_instants (test_frontier_isolation_v8.FrontierIsolationTests.test_clock_representation_normalizes_absolute_instants) ... ok
2026-10-03T15:39:25.2412049Z test_compiled_rotations_and_metadata_cannot_disguise_input (test_frontier_isolation_v8.FrontierIsolationTests.test_compiled_rotations_and_metadata_cannot_disguise_input) ... ok
2026-10-03T15:39:25.2419881Z test_dynamic_topic_mapping_renaming_and_permutation_preserve_edges (test_frontier_isolation_v8.FrontierIsolationTests.test_dynamic_topic_mapping_renaming_and_permutation_preserve_edges) ... ok
2026-10-03T15:39:25.2429544Z test_full_menu_numeric_and_time_origin_clones_are_blocked (test_frontier_isolation_v8.FrontierIsolationTests.test_full_menu_numeric_and_time_origin_clones_are_blocked) ... ok
2026-10-03T15:39:25.2431308Z test_ignored_corrections_cannot_supply_temporal_width (test_frontier_isolation_v8.FrontierIsolationTests.test_ignored_corrections_cannot_supply_temporal_width) ... ok
2026-10-03T15:39:25.2435044Z test_multi_entry_neutral_padding_is_blocked_but_whole_zero_balance_is_valid (test_frontier_isolation_v8.FrontierIsolationTests.test_multi_entry_neutral_padding_is_blocked_but_whole_zero_balance_is_valid) ... ok
2026-10-03T15:39:25.2438168Z test_observed_overlap_exposes_only_opaque_fingerprints (test_frontier_isolation_v8.FrontierIsolationTests.test_observed_overlap_exposes_only_opaque_fingerprints) ... ok
2026-10-03T15:39:25.2446358Z test_repeated_rotations_and_noop_padding_do_not_make_new_parent (test_frontier_isolation_v8.FrontierIsolationTests.test_repeated_rotations_and_noop_padding_do_not_make_new_parent) ... ok
2026-10-03T15:39:25.2450666Z test_required_role_line_and_item_permutations_keep_causal_membership (test_frontier_isolation_v8.FrontierIsolationTests.test_required_role_line_and_item_permutations_keep_causal_membership) ... ok
2026-10-03T15:39:25.2457147Z test_shared_numeric_atom_with_different_parent_menu_is_disclosed (test_frontier_isolation_v8.FrontierIsolationTests.test_shared_numeric_atom_with_different_parent_menu_is_disclosed) ... ok
2026-10-03T15:39:25.2469456Z test_wording_identity_record_order_and_visible_noul_are_normalized (test_frontier_isolation_v8.FrontierIsolationTests.test_wording_identity_record_order_and_visible_noul_are_normalized) ... ok
2026-10-03T15:39:25.2472121Z test_zero_operands_and_cancellation_pairs_cannot_inflate_v8_width (test_frontier_isolation_v8.FrontierIsolationTests.test_zero_operands_and_cancellation_pairs_cannot_inflate_v8_width) ... ok
2026-10-03T15:39:29.1128653Z test_exclusive_replay_receipt_with_explicitly_mocked_provenance (test_frontier_v8_comparison_replay_integration.ComparatorReplayIntegrationTests.test_exclusive_replay_receipt_with_explicitly_mocked_provenance) ... ok
2026-10-03T15:39:31.5571376Z test_independent_replay_matches_all_metrics_gates_pairs_and_efficiency (test_frontier_v8_comparison_replay_integration.ComparatorReplayIntegrationTests.test_independent_replay_matches_all_metrics_gates_pairs_and_efficiency) ... ok
2026-10-03T15:39:38.8143418Z test_replay_rejects_rehashed_events_runtime_and_scientific_summary (test_frontier_v8_comparison_replay_integration.ComparatorReplayIntegrationTests.test_replay_rejects_rehashed_events_runtime_and_scientific_summary) ... ok
2026-10-03T15:39:38.8867667Z test_replay_rejects_unbound_journal_sha_and_prediction_order (test_frontier_v8_comparison_replay_integration.ComparatorReplayIntegrationTests.test_replay_rejects_unbound_journal_sha_and_prediction_order) ... ok
2026-10-03T15:39:39.0557576Z test_real_fresh_worker_checks_pidfds_but_receipt_never_grants_gpu_authority (test_frontier_v8_live_host.LiveHostLinuxTests.test_real_fresh_worker_checks_pidfds_but_receipt_never_grants_gpu_authority) ... ok
2026-10-03T15:39:39.0633864Z test_acquisition_race_fails_after_pidfds_without_issuing_authority (test_frontier_v8_live_host.LiveHostUnitTests.test_acquisition_race_fails_after_pidfds_without_issuing_authority) ... ok
2026-10-03T15:39:39.0671865Z test_alias_ip_and_hostname_are_checked_before_gpu_or_lease (test_frontier_v8_live_host.LiveHostUnitTests.test_alias_ip_and_hostname_are_checked_before_gpu_or_lease) ... ok
2026-10-03T15:39:39.0758509Z test_bound_guard_nonce_birth_and_ancestry_are_rechecked (test_frontier_v8_live_host.LiveHostUnitTests.test_bound_guard_nonce_birth_and_ancestry_are_rechecked) ... ok
2026-10-03T15:39:39.0817797Z test_bound_loader_source_executes_instead_of_forged_timestamp_pyc (test_frontier_v8_live_host.LiveHostUnitTests.test_bound_loader_source_executes_instead_of_forged_timestamp_pyc) ... ok
2026-10-03T15:39:39.0918227Z test_closed_descriptor_is_detected_and_close_preserves_reservation (test_frontier_v8_live_host.LiveHostUnitTests.test_closed_descriptor_is_detected_and_close_preserves_reservation) ... ok
2026-10-03T15:39:39.0995756Z test_controller_birth_uid_boot_or_bound_exit_invalidates_owner (test_frontier_v8_live_host.LiveHostUnitTests.test_controller_birth_uid_boot_or_bound_exit_invalidates_owner) ... ok
2026-10-03T15:39:39.1039372Z test_current_guard_identity_nonce_and_direct_fresh_session_are_required (test_frontier_v8_live_host.LiveHostUnitTests.test_current_guard_identity_nonce_and_direct_fresh_session_are_required) ... ok
2026-10-03T15:39:39.1088880Z test_deadline_precedes_process_gpu_reads_and_delayed_probe_is_rechecked (test_frontier_v8_live_host.LiveHostUnitTests.test_deadline_precedes_process_gpu_reads_and_delayed_probe_is_rechecked) ... ok
2026-10-03T15:39:39.1189398Z test_host_loss_and_new_selected_compute_invalidate_existing_owner (test_frontier_v8_live_host.LiveHostUnitTests.test_host_loss_and_new_selected_compute_invalidate_existing_owner) ... ok
2026-10-03T15:39:39.1270660Z test_owned_deadline_expiry_stops_before_fresh_probe_and_clock_errors_stay_distinct (test_frontier_v8_live_host.LiveHostUnitTests.test_owned_deadline_expiry_stops_before_fresh_probe_and_clock_errors_stay_distinct) ... ok
2026-10-03T15:39:39.1364992Z test_positive_fixture_is_immutable_check_only_and_cannot_be_promoted (test_frontier_v8_live_host.LiveHostUnitTests.test_positive_fixture_is_immutable_check_only_and_cannot_be_promoted) ... ok
2026-10-03T15:39:39.1468180Z test_private_lease_flock_inode_and_exact_marker_bytes_are_required (test_frontier_v8_live_host.LiveHostUnitTests.test_private_lease_flock_inode_and_exact_marker_bytes_are_required) ... ok
2026-10-03T15:39:39.1493815Z test_production_cli_and_unissued_owner_remain_closed (test_frontier_v8_live_host.LiveHostUnitTests.test_production_cli_and_unissued_owner_remain_closed) ... ok
2026-10-03T15:39:39.1612057Z test_protected_compute_birth_and_command_bytes_are_bound (test_frontier_v8_live_host.LiveHostUnitTests.test_protected_compute_birth_and_command_bytes_are_bound) ... ok
2026-10-03T15:39:39.1728428Z test_protected_unknown_non_h100_and_occupied_selected_gpus_are_refused (test_frontier_v8_live_host.LiveHostUnitTests.test_protected_unknown_non_h100_and_occupied_selected_gpus_are_refused) ... ok
2026-10-03T15:39:39.1777633Z test_public_lease_permissions_are_refused_before_marker (test_frontier_v8_live_host.LiveHostUnitTests.test_public_lease_permissions_are_refused_before_marker) ... ok
2026-10-03T15:39:39.1811956Z test_real_host_reader_uses_hostname_and_only_local_fib_addresses (test_frontier_v8_live_host.LiveHostUnitTests.test_real_host_reader_uses_hostname_and_only_local_fib_addresses) ... ok
2026-10-03T15:39:39.2012995Z test_selected_and_protected_uuid_mutation_invalidates_existing_owner (test_frontier_v8_live_host.LiveHostUnitTests.test_selected_and_protected_uuid_mutation_invalidates_existing_owner) ... ok
2026-10-03T15:39:39.2096436Z test_selected_gpu_requires_idle_memory_and_utilization_measurements (test_frontier_v8_live_host.LiveHostUnitTests.test_selected_gpu_requires_idle_memory_and_utilization_measurements) ... ok
2026-10-03T15:39:39.2150481Z test_source_hash_mismatch_and_source_overlapping_lease_fail_before_reservation (test_frontier_v8_live_host.LiveHostUnitTests.test_source_hash_mismatch_and_source_overlapping_lease_fail_before_reservation) ... ok
2026-10-03T15:39:39.2257895Z test_source_receipt_dependency_and_stage_mutations_are_refused (test_frontier_v8_live_host.LiveHostUnitTests.test_source_receipt_dependency_and_stage_mutations_are_refused) ... ok
2026-10-03T15:39:39.2286806Z test_strict_spec_rejects_borrowed_routes_and_unbounded_or_untyped_values (test_frontier_v8_live_host.LiveHostUnitTests.test_strict_spec_rejects_borrowed_routes_and_unbounded_or_untyped_values) ... ok
2026-10-03T15:39:39.2381711Z test_wrong_stage_attempt_source_and_cuda_flag_are_refused_even_when_rehashed (test_frontier_v8_live_host.LiveHostUnitTests.test_wrong_stage_attempt_source_and_cuda_flag_are_refused_even_when_rehashed) ... ok
2026-10-03T15:39:39.6146141Z test_cached_scientific_dependencies_from_another_root_reject (test_frontier_v8_native_model.NativeModelTests.test_cached_scientific_dependencies_from_another_root_reject) ... ok
2026-10-03T15:39:39.6898068Z test_checkpoint_fullhash_tampering_precedes_dependencies (test_frontier_v8_native_model.NativeModelTests.test_checkpoint_fullhash_tampering_precedes_dependencies) ... ok
2026-10-03T15:39:39.7653811Z test_dtype_quantization_env_is_scrubbed_and_restored (test_frontier_v8_native_model.NativeModelTests.test_dtype_quantization_env_is_scrubbed_and_restored) ... ok
2026-10-03T15:39:39.8391521Z test_exact_runtime_row_scope_original_flags_and_cleanup (test_frontier_v8_native_model.NativeModelTests.test_exact_runtime_row_scope_original_flags_and_cleanup) ... ok
2026-10-03T15:39:40.1233997Z test_four_contexts_are_fresh_and_no_extra_forward (test_frontier_v8_native_model.NativeModelTests.test_four_contexts_are_fresh_and_no_extra_forward) ... ok
2026-10-03T15:39:40.1930615Z test_import_is_lazy_and_owner_failure_precedes_dependencies (test_frontier_v8_native_model.NativeModelTests.test_import_is_lazy_and_owner_failure_precedes_dependencies) ... ok
2026-10-03T15:39:40.2061657Z test_incomplete_training_or_changed_settings_do_not_report_success (test_frontier_v8_native_model.NativeModelTests.test_incomplete_training_or_changed_settings_do_not_report_success) ... ok
2026-10-03T15:39:40.7728386Z test_none_trainable_gradient_is_reported_without_imputation (test_frontier_v8_native_model.NativeModelTests.test_none_trainable_gradient_is_reported_without_imputation) ... ok
2026-10-03T15:39:40.7980138Z test_nonfinite_zero_group_or_base_grad_fails_before_original_step_and_restores (test_frontier_v8_native_model.NativeModelTests.test_nonfinite_zero_group_or_base_grad_fails_before_original_step_and_restores) ... ok
2026-10-03T15:39:41.4536607Z test_observer_does_not_keep_model_alive_across_original_checkpoint_reload (test_frontier_v8_native_model.NativeModelTests.test_observer_does_not_keep_model_alive_across_original_checkpoint_reload) ... ok
2026-10-03T15:39:41.5411001Z test_owner_loss_before_row_and_exception_cleanup (test_frontier_v8_native_model.NativeModelTests.test_owner_loss_before_row_and_exception_cleanup) ... ok
2026-10-03T15:39:41.8421579Z test_physical_uuid_or_multiple_visible_devices_fail_before_load (test_frontier_v8_native_model.NativeModelTests.test_physical_uuid_or_multiple_visible_devices_fail_before_load) ... ok
2026-10-03T15:39:41.9161999Z test_saved_trainable_dtype_cannot_round_into_exact_identity (test_frontier_v8_native_model.NativeModelTests.test_saved_trainable_dtype_cannot_round_into_exact_identity) ... ok
2026-10-03T15:39:42.0610719Z test_source_and_import_location_fail_closed (test_frontier_v8_native_model.NativeModelTests.test_source_and_import_location_fail_closed) ... ok
2026-10-03T15:39:42.4214327Z test_tensor_value_missing_key_dtype_and_merged_adapter_reject (test_frontier_v8_native_model.NativeModelTests.test_tensor_value_missing_key_dtype_and_merged_adapter_reject) ... ok
2026-10-03T15:39:42.9932493Z test_training_original_adamw_first_accumulated_step_zero_bias_and_restoration (test_frontier_v8_native_model.NativeModelTests.test_training_original_adamw_first_accumulated_step_zero_bias_and_restoration) ... ok
2026-10-03T15:39:43.8651200Z test_actual_operational_graph_origins_real_functions_and_caller_restore (test_frontier_v8_operational_bridge.OperationalBridgeTests.test_actual_operational_graph_origins_real_functions_and_caller_restore) ... ok
2026-10-03T15:39:44.5783943Z test_body_exception_import_failure_and_assertion_pollution_restore_state (test_frontier_v8_operational_bridge.OperationalBridgeTests.test_body_exception_import_failure_and_assertion_pollution_restore_state) ... ok
2026-10-03T15:39:44.9791215Z test_bootstrap_source_loader_hash_and_bridge_origin_checked (test_frontier_v8_operational_bridge.OperationalBridgeTests.test_bootstrap_source_loader_hash_and_bridge_origin_checked) ... ok
2026-10-03T15:39:45.8357473Z test_cli_cpu_import_scope_and_production_refusal_before_context_read (test_frontier_v8_operational_bridge.OperationalBridgeTests.test_cli_cpu_import_scope_and_production_refusal_before_context_read) ... ok
2026-10-03T15:39:45.9491105Z test_cpu_assertion_required_cannot_use_boolean_receipt (test_frontier_v8_operational_bridge.OperationalBridgeTests.test_cpu_assertion_required_cannot_use_boolean_receipt) ... ok
2026-10-03T15:39:46.8000008Z test_exact_entry_negative_cache_retained_and_foreign_or_positive_entries_refused (test_frontier_v8_operational_bridge.OperationalBridgeTests.test_exact_entry_negative_cache_retained_and_foreign_or_positive_entries_refused) ... ok
2026-10-03T15:39:46.9154197Z test_foreign_meta_path_hook_and_cache_contamination_rejected (test_frontier_v8_operational_bridge.OperationalBridgeTests.test_foreign_meta_path_hook_and_cache_contamination_rejected) ... ok
2026-10-03T15:39:47.7624209Z test_foreign_path_rejected_and_hostile_cwd_pythonpath_ignored (test_frontier_v8_operational_bridge.OperationalBridgeTests.test_foreign_path_rejected_and_hostile_cwd_pythonpath_ignored) ... ok
2026-10-03T15:39:48.0009597Z test_forged_timestamp_bytecode_is_rejected_without_executing (test_frontier_v8_operational_bridge.OperationalBridgeTests.test_forged_timestamp_bytecode_is_rejected_without_executing) ... ok
2026-10-03T15:39:48.9357028Z test_genuine_file_cli_imports_captured_cpu_helpers_without_execution (test_frontier_v8_operational_bridge.OperationalBridgeTests.test_genuine_file_cli_imports_captured_cpu_helpers_without_execution) ... ok
2026-10-03T15:39:49.7913673Z test_lazy_restoration_and_optional_model_imports_remain_undeclared (test_frontier_v8_operational_bridge.OperationalBridgeTests.test_lazy_restoration_and_optional_model_imports_remain_undeclared) ... ok
2026-10-03T15:39:49.9334958Z test_legitimate_preloaded_and_forged_scripts_modules_rejected (test_frontier_v8_operational_bridge.OperationalBridgeTests.test_legitimate_preloaded_and_forged_scripts_modules_rejected) ... ok
2026-10-03T15:39:52.3544990Z test_org_probe_hook_instance_method_code_defaults_and_finder_binding_mutations_refused (test_frontier_v8_operational_bridge.OperationalBridgeTests.test_org_probe_hook_instance_method_code_defaults_and_finder_binding_mutations_refused) ... ok
2026-10-03T15:39:55.0993402Z test_ownership_loss_before_during_after_import_and_callback_restores_state (test_frontier_v8_operational_bridge.OperationalBridgeTests.test_ownership_loss_before_during_after_import_and_callback_restores_state) ... ok
2026-10-03T15:39:55.2120296Z test_preloaded_org_package_and_submodule_aliases_are_refused (test_frontier_v8_operational_bridge.OperationalBridgeTests.test_preloaded_org_package_and_submodule_aliases_are_refused) ... ok
2026-10-03T15:39:55.7982132Z test_private_verifier_substitution_rejected_before_fresh_capture (test_frontier_v8_operational_bridge.OperationalBridgeTests.test_private_verifier_substitution_rejected_before_fresh_capture) ... ok
2026-10-03T15:39:58.6768221Z test_scope_container_cache_and_captured_loader_mutations_rejected (test_frontier_v8_operational_bridge.OperationalBridgeTests.test_scope_container_cache_and_captured_loader_mutations_rejected) ... ok
2026-10-03T15:40:02.0136378Z test_scope_rejects_module_function_and_class_method_replacement (test_frontier_v8_operational_bridge.OperationalBridgeTests.test_scope_rejects_module_function_and_class_method_replacement) ... ok
2026-10-03T15:40:03.1599351Z test_sources_changed_inside_scope_and_during_import_rejected (test_frontier_v8_operational_bridge.OperationalBridgeTests.test_sources_changed_inside_scope_and_during_import_rejected) ... ok
2026-10-03T15:40:04.0188205Z test_stdlib_org_absence_probe_never_falls_through_to_positive_import (test_frontier_v8_operational_bridge.OperationalBridgeTests.test_stdlib_org_absence_probe_never_falls_through_to_positive_import) ... ok
2026-10-03T15:40:04.2709430Z test_wrong_commit_and_dirty_helper_rejected (test_frontier_v8_operational_bridge.OperationalBridgeTests.test_wrong_commit_and_dirty_helper_rejected) ... ok
2026-10-03T15:40:04.2711623Z test_ancestry_excludes_unrelated_even_same_session_and_nonce (test_frontier_v8_owned_process.OwnedProcessFixtureTests.test_ancestry_excludes_unrelated_even_same_session_and_nonce) ... ok
2026-10-03T15:40:04.2747649Z test_atomic_link_publishes_complete_flushed_json_only (test_frontier_v8_owned_process.OwnedProcessFixtureTests.test_atomic_link_publishes_complete_flushed_json_only) ... ok
2026-10-03T15:40:04.2750887Z test_birth_uid_and_initial_session_mismatch_fail_closed (test_frontier_v8_owned_process.OwnedProcessFixtureTests.test_birth_uid_and_initial_session_mismatch_fail_closed) ... ok
2026-10-03T15:40:04.2776593Z test_boot_and_truncated_stat_are_rejected (test_frontier_v8_owned_process.OwnedProcessFixtureTests.test_boot_and_truncated_stat_are_rejected) ... ok
2026-10-03T15:40:04.2786364Z test_child_born_during_cleanup_is_included_and_pidfds_prove_exit (test_frontier_v8_owned_process.OwnedProcessFixtureTests.test_child_born_during_cleanup_is_included_and_pidfds_prove_exit) ... ok
2026-10-03T15:40:04.2991838Z test_cleanup_never_claims_success_with_live_pidfd (test_frontier_v8_owned_process.OwnedProcessFixtureTests.test_cleanup_never_claims_success_with_live_pidfd) ... ok
2026-10-03T15:40:04.3000709Z test_cpu_environment_discards_inherited_loader_credentials_and_devices (test_frontier_v8_owned_process.OwnedProcessFixtureTests.test_cpu_environment_discards_inherited_loader_credentials_and_devices) ... ok
2026-10-03T15:40:04.3031092Z test_dead_controller_never_starts_worker (test_frontier_v8_owned_process.OwnedProcessFixtureTests.test_dead_controller_never_starts_worker) ... ok
2026-10-03T15:40:04.3042495Z test_exclusive_json_preserves_existing_final_bytes (test_frontier_v8_owned_process.OwnedProcessFixtureTests.test_exclusive_json_preserves_existing_final_bytes) ... ok
2026-10-03T15:40:04.3054847Z test_existing_attempt_and_symlink_parent_are_refused (test_frontier_v8_owned_process.OwnedProcessFixtureTests.test_existing_attempt_and_symlink_parent_are_refused) ... ok
2026-10-03T15:40:04.3089415Z test_guard_signal_during_worker_popen_cleans_registered_child (test_frontier_v8_owned_process.OwnedProcessFixtureTests.test_guard_signal_during_worker_popen_cleans_registered_child) ... ok
2026-10-03T15:40:04.3122998Z test_independent_watchdog_binds_controller_loss_and_quiesces_worker (test_frontier_v8_owned_process.OwnedProcessFixtureTests.test_independent_watchdog_binds_controller_loss_and_quiesces_worker) ... ok
2026-10-03T15:40:04.3129211Z test_interrupted_json_write_never_exposes_final_receipt (test_frontier_v8_owned_process.OwnedProcessFixtureTests.test_interrupted_json_write_never_exposes_final_receipt) ... ok
2026-10-03T15:40:04.3137112Z test_invalid_bounds_shell_or_reused_directory_do_not_spawn (test_frontier_v8_owned_process.OwnedProcessFixtureTests.test_invalid_bounds_shell_or_reused_directory_do_not_spawn) ... ok
2026-10-03T15:40:04.3165850Z test_missing_guard_receipt_cannot_claim_process_proof (test_frontier_v8_owned_process.OwnedProcessFixtureTests.test_missing_guard_receipt_cannot_claim_process_proof) ... ok
2026-10-03T15:40:04.3167881Z test_nonce_mismatch_does_not_confer_success_or_capture_unrelated (test_frontier_v8_owned_process.OwnedProcessFixtureTests.test_nonce_mismatch_does_not_confer_success_or_capture_unrelated) ... ok
2026-10-03T15:40:04.3169219Z test_orphan_adopted_by_subreaper_remains_owned (test_frontier_v8_owned_process.OwnedProcessFixtureTests.test_orphan_adopted_by_subreaper_remains_owned) ... ok
2026-10-03T15:40:04.3171165Z test_pidfd_exit_is_observed_before_final_empty_child_proof (test_frontier_v8_owned_process.OwnedProcessFixtureTests.test_pidfd_exit_is_observed_before_final_empty_child_proof) ... ok
2026-10-03T15:40:04.3189010Z test_pidfd_open_sandwich_refuses_reuse_boot_or_uid_change (test_frontier_v8_owned_process.OwnedProcessFixtureTests.test_pidfd_open_sandwich_refuses_reuse_boot_or_uid_change) ... ok
2026-10-03T15:40:04.3193445Z test_pidfd_signals_have_no_numeric_pid_fallback (test_frontier_v8_owned_process.OwnedProcessFixtureTests.test_pidfd_signals_have_no_numeric_pid_fallback) ... ok
2026-10-03T15:40:04.3214965Z test_proc_stat_parentheses_and_uid_are_bound (test_frontier_v8_owned_process.OwnedProcessFixtureTests.test_proc_stat_parentheses_and_uid_are_bound) ... ok
2026-10-03T15:40:04.3216665Z test_reused_pid_is_refused_before_signal (test_frontier_v8_owned_process.OwnedProcessFixtureTests.test_reused_pid_is_refused_before_signal) ... ok
2026-10-03T15:40:04.3254104Z test_signal_during_guard_popen_defers_cancel_and_never_arms_worker (test_frontier_v8_owned_process.OwnedProcessFixtureTests.test_signal_during_guard_popen_defers_cancel_and_never_arms_worker) ... ok
2026-10-03T15:40:04.3258432Z test_unavailable_kernel_creates_no_attempt_or_process (test_frontier_v8_owned_process.OwnedProcessFixtureTests.test_unavailable_kernel_creates_no_attempt_or_process) ... ok
2026-10-03T15:40:04.4932136Z test_live_controller_sigkill_leaves_independent_quiescence_receipt (test_frontier_v8_owned_process.OwnedProcessLinuxTests.test_live_controller_sigkill_leaves_independent_quiescence_receipt) ... ok
2026-10-03T15:40:04.7891978Z test_live_cpu_timeout (test_frontier_v8_owned_process.OwnedProcessLinuxTests.test_live_cpu_timeout) ... ok
2026-10-03T15:40:04.8832968Z test_live_cpu_worker_completion (test_frontier_v8_owned_process.OwnedProcessLinuxTests.test_live_cpu_worker_completion) ... ok
2026-10-03T15:40:05.1082326Z test_live_forked_escaped_session_is_contained (test_frontier_v8_owned_process.OwnedProcessLinuxTests.test_live_forked_escaped_session_is_contained) ... ok
2026-10-03T15:40:05.1103301Z test_directory_replaced_with_identical_named_bytes_is_refused (test_frontier_v8_resource_capture.ResourceCaptureTests.test_directory_replaced_with_identical_named_bytes_is_refused) ... ok
2026-10-03T15:40:05.1117626Z test_directory_scan_error_is_not_silently_treated_as_empty (test_frontier_v8_resource_capture.ResourceCaptureTests.test_directory_scan_error_is_not_silently_treated_as_empty) ... ok
2026-10-03T15:40:05.1128002Z test_excluded_node_and_stale_or_invalid_acquisition_refused (test_frontier_v8_resource_capture.ResourceCaptureTests.test_excluded_node_and_stale_or_invalid_acquisition_refused) ... ok
2026-10-03T15:40:05.1142200Z test_execute_rejects_before_request_read (test_frontier_v8_resource_capture.ResourceCaptureTests.test_execute_rejects_before_request_read) ... ok
2026-10-03T15:40:05.1171130Z test_low_util_compute_process_is_occupied (test_frontier_v8_resource_capture.ResourceCaptureTests.test_low_util_compute_process_is_occupied) ... ok
2026-10-03T15:40:05.1182081Z test_missing_protected_card_or_duplicate_uuid_refused (test_frontier_v8_resource_capture.ResourceCaptureTests.test_missing_protected_card_or_duplicate_uuid_refused) ... ok
2026-10-03T15:40:05.1199902Z test_new_file_during_tree_hash_refused (test_frontier_v8_resource_capture.ResourceCaptureTests.test_new_file_during_tree_hash_refused) ... ok
2026-10-03T15:40:05.1217317Z test_overlapping_roots_and_duplicate_paths_refused (test_frontier_v8_resource_capture.ResourceCaptureTests.test_overlapping_roots_and_duplicate_paths_refused) ... ok
2026-10-03T15:40:05.1231952Z test_process_birth_race_refused (test_frontier_v8_resource_capture.ResourceCaptureTests.test_process_birth_race_refused) ... ok
2026-10-03T15:40:05.1244603Z test_progress_must_be_explicit_integer_not_boolean (test_frontier_v8_resource_capture.ResourceCaptureTests.test_progress_must_be_explicit_integer_not_boolean) ... ok
2026-10-03T15:40:05.1265365Z test_protected_state_change_refused (test_frontier_v8_resource_capture.ResourceCaptureTests.test_protected_state_change_refused) ... ok
2026-10-03T15:40:05.1282840Z test_second_observation_busy_is_not_free (test_frontier_v8_resource_capture.ResourceCaptureTests.test_second_observation_busy_is_not_free) ... ok
2026-10-03T15:40:05.1295770Z test_special_file_and_symlink_inventory_rejected (test_frontier_v8_resource_capture.ResourceCaptureTests.test_special_file_and_symlink_inventory_rejected) ... ok
2026-10-03T15:40:05.1328087Z test_tree_inventory_and_required_bytes_reread (test_frontier_v8_resource_capture.ResourceCaptureTests.test_tree_inventory_and_required_bytes_reread) ... ok
2026-10-03T15:40:05.1342195Z test_unknown_compute_pid_cannot_be_silently_ignored (test_frontier_v8_resource_capture.ResourceCaptureTests.test_unknown_compute_pid_cannot_be_silently_ignored) ... ok
2026-10-03T15:40:05.1359968Z test_vacancy_requires_both_samples_but_grants_no_authority (test_frontier_v8_resource_capture.ResourceCaptureTests.test_vacancy_requires_both_samples_but_grants_no_authority) ... ok
2026-10-03T15:40:05.7394761Z test_borrowed_catchable_interrupt_restores_same_process_tree (test_frontier_v8_resource_episode.ResourceEpisodeLinuxTests.test_borrowed_catchable_interrupt_restores_same_process_tree) ... ok
2026-10-03T15:40:06.3132296Z test_borrowed_controller_sigkill_restores_same_process_tree (test_frontier_v8_resource_episode.ResourceEpisodeLinuxTests.test_borrowed_controller_sigkill_restores_same_process_tree) ... ok
2026-10-03T15:40:06.8100883Z test_borrowed_failed_gate_nonzero_resumes_all_originals (test_frontier_v8_resource_episode.ResourceEpisodeLinuxTests.test_borrowed_failed_gate_nonzero_resumes_all_originals) ... ok
2026-10-03T15:40:07.1766847Z test_borrowed_hash_failure_keeps_reservations_after_resume (test_frontier_v8_resource_episode.ResourceEpisodeLinuxTests.test_borrowed_hash_failure_keeps_reservations_after_resume) ... ok
2026-10-03T15:40:07.2912698Z test_borrowed_original_nonce_mismatch_is_refused_before_launch (test_frontier_v8_resource_episode.ResourceEpisodeLinuxTests.test_borrowed_original_nonce_mismatch_is_refused_before_launch) ... ok
2026-10-03T15:40:07.9422006Z test_borrowed_originals_resume_same_birth_and_progress_without_restart (test_frontier_v8_resource_episode.ResourceEpisodeLinuxTests.test_borrowed_originals_resume_same_birth_and_progress_without_restart) ... ok
2026-10-03T15:40:08.3311833Z test_borrowed_ownership_loss_resumes_but_keeps_unproven_lease (test_frontier_v8_resource_episode.ResourceEpisodeLinuxTests.test_borrowed_ownership_loss_resumes_but_keeps_unproven_lease) ... ok
2026-10-03T15:40:09.1821528Z test_borrowed_timeout_resumes_all_originals (test_frontier_v8_resource_episode.ResourceEpisodeLinuxTests.test_borrowed_timeout_resumes_all_originals) ... ok
2026-10-03T15:40:09.4288075Z test_controller_loss_guard_cleans_worker_and_writes_independent_receipt (test_frontier_v8_resource_episode.ResourceEpisodeLinuxTests.test_controller_loss_guard_cleans_worker_and_writes_independent_receipt) ... ok
2026-10-03T15:40:09.8369707Z test_escaped_new_descendant_is_cleaned_and_unrelated_fixture_survives (test_frontier_v8_resource_episode.ResourceEpisodeLinuxTests.test_escaped_new_descendant_is_cleaned_and_unrelated_fixture_survives) ... ok
2026-10-03T15:40:09.8379277Z test_independent_spec_validation_happens_before_launch (test_frontier_v8_resource_episode.ResourceEpisodeLinuxTests.test_independent_spec_validation_happens_before_launch) ... ok
2026-10-03T15:40:10.0233903Z test_lost_gpu_identity_never_releases_reservation (test_frontier_v8_resource_episode.ResourceEpisodeLinuxTests.test_lost_gpu_identity_never_releases_reservation) ... ok
2026-10-03T15:40:10.2489429Z test_timeout_fails_closed_before_launch_or_proves_new_tree_quiescence (test_frontier_v8_resource_episode.ResourceEpisodeLinuxTests.test_timeout_fails_closed_before_launch_or_proves_new_tree_quiescence) ... ok
2026-10-03T15:40:10.4344801Z test_worker_failure_preserves_failure_and_restoration_evidence (test_frontier_v8_resource_episode.ResourceEpisodeLinuxTests.test_worker_failure_preserves_failure_and_restoration_evidence) ... ok
2026-10-03T15:40:10.6800927Z test_worker_receives_real_owner_and_success_releases_lease (test_frontier_v8_resource_episode.ResourceEpisodeLinuxTests.test_worker_receives_real_owner_and_success_releases_lease) ... ok
2026-10-03T15:40:10.6809846Z test_borrowed_scope_reserves_all_original_gpus (test_frontier_v8_resource_episode.ResourceEpisodeUnitTests.test_borrowed_scope_reserves_all_original_gpus) ... ok
2026-10-03T15:40:10.6932137Z test_delayed_restoration_evidence_publication_cannot_release_lease (test_frontier_v8_resource_episode.ResourceEpisodeUnitTests.test_delayed_restoration_evidence_publication_cannot_release_lease) ... ok
2026-10-03T15:40:10.6941086Z test_fake_manifest_without_inherited_owner_is_not_authority (test_frontier_v8_resource_episode.ResourceEpisodeUnitTests.test_fake_manifest_without_inherited_owner_is_not_authority) ... ok
2026-10-03T15:40:10.6944276Z test_free_gpu_requires_idle_memory_measurement (test_frontier_v8_resource_episode.ResourceEpisodeUnitTests.test_free_gpu_requires_idle_memory_measurement) ... ok
2026-10-03T15:40:10.6950120Z test_gpu0_and_gpu1_are_never_selected (test_frontier_v8_resource_episode.ResourceEpisodeUnitTests.test_gpu0_and_gpu1_are_never_selected) ... ok
2026-10-03T15:40:10.6970079Z test_inode_replacement_and_unlocked_lease_are_detected (test_frontier_v8_resource_episode.ResourceEpisodeUnitTests.test_inode_replacement_and_unlocked_lease_are_detected) ... ok
2026-10-03T15:40:10.6977242Z test_live_gpu_reader_rejects_inventory_change_between_reads (test_frontier_v8_resource_episode.ResourceEpisodeUnitTests.test_live_gpu_reader_rejects_inventory_change_between_reads) ... ok
2026-10-03T15:40:10.6983130Z test_live_gpu_reader_uses_absolute_bounded_shell_free_queries (test_frontier_v8_resource_episode.ResourceEpisodeUnitTests.test_live_gpu_reader_uses_absolute_bounded_shell_free_queries) ... ok
2026-10-03T15:40:10.6989620Z test_live_probe_allows_protected_activity_but_requires_both_selected_idle_samples (test_frontier_v8_resource_episode.ResourceEpisodeUnitTests.test_live_probe_allows_protected_activity_but_requires_both_selected_idle_samples) ... ok
2026-10-03T15:40:10.6991982Z test_low_utilization_cannot_hide_compute (test_frontier_v8_resource_episode.ResourceEpisodeUnitTests.test_low_utilization_cannot_hide_compute) ... ok
2026-10-03T15:40:10.7017295Z test_originals_only_stop_cont_same_process_even_after_controller_loss (test_frontier_v8_resource_episode.ResourceEpisodeUnitTests.test_originals_only_stop_cont_same_process_even_after_controller_loss) ... ok
2026-10-03T15:40:10.7081378Z test_originals_refuse_foreign_ancestry_nonce_and_birth (test_frontier_v8_resource_episode.ResourceEpisodeUnitTests.test_originals_refuse_foreign_ancestry_nonce_and_birth) ... ok
2026-10-03T15:40:10.7083777Z test_owner_bindings_are_recursively_immutable (test_frontier_v8_resource_episode.ResourceEpisodeUnitTests.test_owner_bindings_are_recursively_immutable) ... ok
2026-10-03T15:40:10.7085140Z test_owner_deadline_race_preserves_causal_failure_classification (test_frontier_v8_resource_episode.ResourceEpisodeUnitTests.test_owner_deadline_race_preserves_causal_failure_classification)
2026-10-03T15:40:10.7777176Z Real owner/lease reads; process and independent audit are CPU mocks. ... ok
2026-10-03T15:40:10.7848688Z test_owner_live_relationship_and_fresh_probe_are_rechecked (test_frontier_v8_resource_episode.ResourceEpisodeUnitTests.test_owner_live_relationship_and_fresh_probe_are_rechecked) ... ok
2026-10-03T15:40:10.7855061Z test_production_cli_is_closed (test_frontier_v8_resource_episode.ResourceEpisodeUnitTests.test_production_cli_is_closed) ... ok
2026-10-03T15:40:10.7858641Z test_raw_gpu_inventory_refuses_duplicates_and_unknown_compute (test_frontier_v8_resource_episode.ResourceEpisodeUnitTests.test_raw_gpu_inventory_refuses_duplicates_and_unknown_compute) ... ok
2026-10-03T15:40:10.7902745Z test_release_deadline_failure_keeps_every_marker (test_frontier_v8_resource_episode.ResourceEpisodeUnitTests.test_release_deadline_failure_keeps_every_marker) ... ok
2026-10-03T15:40:10.7960939Z test_same_inode_marker_rewrite_cannot_preserve_reservation_identity (test_frontier_v8_resource_episode.ResourceEpisodeUnitTests.test_same_inode_marker_rewrite_cannot_preserve_reservation_identity) ... ok
2026-10-03T15:40:10.7987170Z test_source_closure_requires_all_three_exact_regular_sources (test_frontier_v8_resource_episode.ResourceEpisodeUnitTests.test_source_closure_requires_all_three_exact_regular_sources) ... ok
2026-10-03T15:40:10.8011374Z test_unproven_lease_survives_descriptor_close (test_frontier_v8_resource_episode.ResourceEpisodeUnitTests.test_unproven_lease_survives_descriptor_close) ... ok
2026-10-03T15:40:10.8013503Z test_work_and_restoration_bounds_are_distinct (test_frontier_v8_resource_episode.ResourceEpisodeUnitTests.test_work_and_restoration_bounds_are_distinct) ... ok
2026-10-03T15:40:10.8062453Z test_baseline_missing_rank_and_nonloopback_endpoint_fail (test_frontier_v8_restoration_audit.RestorationAuditTests.test_baseline_missing_rank_and_nonloopback_endpoint_fail) ... ok
2026-10-03T15:40:10.8104396Z test_default_GPU_backend_uses_absolute_binary_and_scrubbed_environment (test_frontier_v8_restoration_audit.RestorationAuditTests.test_default_GPU_backend_uses_absolute_binary_and_scrubbed_environment) ... ok
2026-10-03T15:40:10.9314175Z test_dynamic_memory_utilization_does_not_change_protected_identity (test_frontier_v8_restoration_audit.RestorationAuditTests.test_dynamic_memory_utilization_does_not_change_protected_identity) ... ok
2026-10-03T15:40:10.9933413Z test_extra_unlisted_optimizer_leaf_fails_complete_inventory (test_frontier_v8_restoration_audit.RestorationAuditTests.test_extra_unlisted_optimizer_leaf_fails_complete_inventory) ... ok
2026-10-03T15:40:11.1157433Z test_fresh_raw_CSV_query_is_independently_parsed (test_frontier_v8_restoration_audit.RestorationAuditTests.test_fresh_raw_CSV_query_is_independently_parsed) ... ok
2026-10-03T15:40:11.1781063Z test_http_503_response_is_actual_availability_failure (test_frontier_v8_restoration_audit.RestorationAuditTests.test_http_503_response_is_actual_availability_failure) ... ok
2026-10-03T15:40:11.2411185Z test_known_owned_birth_cannot_escape_via_reparenting_and_setsid (test_frontier_v8_restoration_audit.RestorationAuditTests.test_known_owned_birth_cannot_escape_via_reparenting_and_setsid) ... ok
2026-10-03T15:40:11.2455908Z test_leaf_mutation_after_final_fd_stat_fails (test_frontier_v8_restoration_audit.RestorationAuditTests.test_leaf_mutation_after_final_fd_stat_fails) ... ok
2026-10-03T15:40:11.3880132Z test_monotonic_time_reversal_invalidates_saved_observation (test_frontier_v8_restoration_audit.RestorationAuditTests.test_monotonic_time_reversal_invalidates_saved_observation) ... ok
2026-10-03T15:40:11.3928998Z test_no_borrow_can_hash_stage_inputs_without_queue_claim (test_frontier_v8_restoration_audit.RestorationAuditTests.test_no_borrow_can_hash_stage_inputs_without_queue_claim) ... ok
2026-10-03T15:40:11.4547686Z test_noninteger_progress_fails (test_frontier_v8_restoration_audit.RestorationAuditTests.test_noninteger_progress_fails) ... ok
2026-10-03T15:40:11.5167522Z test_original_pid_reuse_fails (test_frontier_v8_restoration_audit.RestorationAuditTests.test_original_pid_reuse_fails) ... ok
2026-10-03T15:40:11.6401272Z test_original_reparent_after_bound_parent_exit_preserves_same_birth (test_frontier_v8_restoration_audit.RestorationAuditTests.test_original_reparent_after_bound_parent_exit_preserves_same_birth) ... ok
2026-10-03T15:40:11.7650488Z test_original_reparent_after_bound_parent_zombie_with_empty_cmdline (test_frontier_v8_restoration_audit.RestorationAuditTests.test_original_reparent_after_bound_parent_zombie_with_empty_cmdline) ... ok
2026-10-03T15:40:11.8860495Z test_original_reparent_requires_proof_bound_parent_exited (test_frontier_v8_restoration_audit.RestorationAuditTests.test_original_reparent_requires_proof_bound_parent_exited) ... ok
2026-10-03T15:40:12.0090831Z test_original_stopped_and_missing_fail (test_frontier_v8_restoration_audit.RestorationAuditTests.test_original_stopped_and_missing_fail) ... ok
2026-10-03T15:40:12.1334909Z test_original_uid_and_boot_mismatch_fail (test_frontier_v8_restoration_audit.RestorationAuditTests.test_original_uid_and_boot_mismatch_fail) ... ok
2026-10-03T15:40:12.1380325Z test_oversized_deadline_and_claimed_optimizer_boundary_rejected_before_reads (test_frontier_v8_restoration_audit.RestorationAuditTests.test_oversized_deadline_and_claimed_optimizer_boundary_rejected_before_reads) ... ok
2026-10-03T15:40:12.2634449Z test_owned_worker_alive_and_unlisted_same_group_descendant_fail (test_frontier_v8_restoration_audit.RestorationAuditTests.test_owned_worker_alive_and_unlisted_same_group_descendant_fail) ... ok
2026-10-03T15:40:12.2678760Z test_production_cli_refuses_before_any_paths_or_reads (test_frontier_v8_restoration_audit.RestorationAuditTests.test_production_cli_refuses_before_any_paths_or_reads) ... ok
2026-10-03T15:40:12.4814905Z test_protected_compute_birth_and_command_independently_observed (test_frontier_v8_restoration_audit.RestorationAuditTests.test_protected_compute_birth_and_command_independently_observed) ... ok
2026-10-03T15:40:12.6019452Z test_protected_gpu_metadata_and_process_changes_fail (test_frontier_v8_restoration_audit.RestorationAuditTests.test_protected_gpu_metadata_and_process_changes_fail) ... ok
2026-10-03T15:40:12.7233020Z test_raw_fulltree_same_process_http_and_progress_pass_without_authority (test_frontier_v8_restoration_audit.RestorationAuditTests.test_raw_fulltree_same_process_http_and_progress_pass_without_authority) ... ok
2026-10-03T15:40:12.7848348Z test_redirect_cannot_follow_external_host (test_frontier_v8_restoration_audit.RestorationAuditTests.test_redirect_cannot_follow_external_host) ... ok
2026-10-03T15:40:12.9054824Z test_saved_verifier_reparses_raw_not_observer_success_boolean (test_frontier_v8_restoration_audit.RestorationAuditTests.test_saved_verifier_reparses_raw_not_observer_success_boolean) ... ok
2026-10-03T15:40:13.0824700Z test_static_progress_reaches_monotonic_deadline_without_pass (test_frontier_v8_restoration_audit.RestorationAuditTests.test_static_progress_reaches_monotonic_deadline_without_pass) ... ok
2026-10-03T15:40:13.0872968Z test_symlink_in_immutable_tree_fails (test_frontier_v8_restoration_audit.RestorationAuditTests.test_symlink_in_immutable_tree_fails) ... ok
2026-10-03T15:40:13.0923672Z test_tree_traversal_permission_error_cannot_silently_prune (test_frontier_v8_restoration_audit.RestorationAuditTests.test_tree_traversal_permission_error_cannot_silently_prune) ... ok
2026-10-03T15:40:13.2125623Z test_wall_clock_jumps_have_no_recovery_control_effect (test_frontier_v8_restoration_audit.RestorationAuditTests.test_wall_clock_jumps_have_no_recovery_control_effect) ... ok
2026-10-03T15:40:13.2766909Z test_wrong_fullhash_same_size_fails (test_frontier_v8_restoration_audit.RestorationAuditTests.test_wrong_fullhash_same_size_fails) ... ok
2026-10-03T15:40:13.8162287Z test_actual_entries_refuse_before_files_paths_or_import_factories (test_frontier_v8_scientific_child.ScientificChildTests.test_actual_entries_refuse_before_files_paths_or_import_factories) ... ok
2026-10-03T15:40:13.8187118Z test_additional_metadata_or_comparison_request_inside_task_refused (test_frontier_v8_scientific_child.ScientificChildTests.test_additional_metadata_or_comparison_request_inside_task_refused) ... ok
2026-10-03T15:40:15.2444638Z test_complete_fixture_original_four_loads_twenty_two_journals_and_binding (test_frontier_v8_scientific_child.ScientificChildTests.test_complete_fixture_original_four_loads_twenty_two_journals_and_binding) ... ok
2026-10-03T15:40:15.2459914Z test_fixture_attempt_reuse_cannot_overwrite_original_preflight (test_frontier_v8_scientific_child.ScientificChildTests.test_fixture_attempt_reuse_cannot_overwrite_original_preflight) ... ok
2026-10-03T15:40:15.2468046Z test_invalid_fixed_completion_does_not_write_success_wrapper_or_compare (test_frontier_v8_scientific_child.ScientificChildTests.test_invalid_fixed_completion_does_not_write_success_wrapper_or_compare) ... ok
2026-10-03T15:40:15.2476715Z test_json_ready_flags_or_production_gpu_scope_cannot_unlock_fixture (test_frontier_v8_scientific_child.ScientificChildTests.test_json_ready_flags_or_production_gpu_scope_cannot_unlock_fixture) ... ok
2026-10-03T15:40:15.2485502Z test_owner_failure_precedes_all_path_and_source_callbacks (test_frontier_v8_scientific_child.ScientificChildTests.test_owner_failure_precedes_all_path_and_source_callbacks) ... ok
2026-10-03T15:40:15.2502254Z test_owner_loss_after_training_stops_before_validation_and_comparison (test_frontier_v8_scientific_child.ScientificChildTests.test_owner_loss_after_training_stops_before_validation_and_comparison) ... ok
2026-10-03T15:40:15.2512948Z test_source_root_declarations_and_owner_binding_fail_before_prepare (test_frontier_v8_scientific_child.ScientificChildTests.test_source_root_declarations_and_owner_binding_fail_before_prepare) ... ok
2026-10-03T15:40:15.2529796Z test_training_failure_restores_observation_and_never_materializes_comparison (test_frontier_v8_scientific_child.ScientificChildTests.test_training_failure_restores_observation_and_never_materializes_comparison) ... ok
2026-10-03T15:40:15.2550152Z test_translated_argv_mismatch_or_current_stage_mismatch_stops_before_training (test_frontier_v8_scientific_child.ScientificChildTests.test_translated_argv_mismatch_or_current_stage_mismatch_stops_before_training) ... ok
2026-10-03T15:40:16.1407175Z test_actual_clean_repositories_import_real_modules_and_restore_state (test_frontier_v8_source_loader.SourceLoaderTests.test_actual_clean_repositories_import_real_modules_and_restore_state) ... ok
2026-10-03T15:40:16.7855505Z test_caller_path_cache_and_hooks_are_bypassed_then_restored (test_frontier_v8_source_loader.SourceLoaderTests.test_caller_path_cache_and_hooks_are_bypassed_then_restored) ... ok
2026-10-03T15:40:17.9174507Z test_changes_during_scope_are_detected_and_caller_exception_cleanup_runs (test_frontier_v8_source_loader.SourceLoaderTests.test_changes_during_scope_are_detected_and_caller_exception_cleanup_runs) ... ok
2026-10-03T15:40:18.3098024Z test_dirty_untracked_and_ignored_bytecode_are_rejected (test_frontier_v8_source_loader.SourceLoaderTests.test_dirty_untracked_and_ignored_bytecode_are_rejected) ... ok
2026-10-03T15:40:18.4999088Z test_execute_and_execute_cli_refuse_before_reading_a_context (test_frontier_v8_source_loader.SourceLoaderTests.test_execute_and_execute_cli_refuse_before_reading_a_context) ... ok
2026-10-03T15:40:18.6082972Z test_explicit_foreign_path_and_meta_hook_are_rejected (test_frontier_v8_source_loader.SourceLoaderTests.test_explicit_foreign_path_and_meta_hook_are_rejected) ... ok
2026-10-03T15:40:19.0306854Z test_external_bytes_and_same_byte_rewrite_between_captures_rejected (test_frontier_v8_source_loader.SourceLoaderTests.test_external_bytes_and_same_byte_rewrite_between_captures_rejected) ... ok
2026-10-03T15:40:19.6752653Z test_hostile_cwd_and_pythonpath_are_not_imported (test_frontier_v8_source_loader.SourceLoaderTests.test_hostile_cwd_and_pythonpath_are_not_imported) ... ok
2026-10-03T15:40:22.0419492Z test_loaded_origin_loader_and_callable_replacements_detected (test_frontier_v8_source_loader.SourceLoaderTests.test_loaded_origin_loader_and_callable_replacements_detected) ... ok
2026-10-03T15:40:22.2634596Z test_nested_roots_wrong_head_inventory_and_loader_origin_are_rejected (test_frontier_v8_source_loader.SourceLoaderTests.test_nested_roots_wrong_head_inventory_and_loader_origin_are_rejected) ... ok
2026-10-03T15:40:22.7011926Z test_partial_import_exception_restores_existing_parent_attributes (test_frontier_v8_source_loader.SourceLoaderTests.test_partial_import_exception_restores_existing_parent_attributes) ... ok
2026-10-03T15:40:22.8076535Z test_preloaded_scientific_or_scripts_modules_and_optional_packages_rejected (test_frontier_v8_source_loader.SourceLoaderTests.test_preloaded_scientific_or_scripts_modules_and_optional_packages_rejected) ... ok
2026-10-03T15:40:23.1651947Z test_same_bytes_replacement_of_root_between_captures_rejected (test_frontier_v8_source_loader.SourceLoaderTests.test_same_bytes_replacement_of_root_between_captures_rejected) ... ok
2026-10-03T15:40:24.1422560Z test_sparse_worktree_actual_git_pointer_is_supported (test_frontier_v8_source_loader.SourceLoaderTests.test_sparse_worktree_actual_git_pointer_is_supported) ... ok
2026-10-03T15:40:24.3720842Z test_symlink_blob_and_alias_root_are_rejected (test_frontier_v8_source_loader.SourceLoaderTests.test_symlink_blob_and_alias_root_are_rejected) ... ok
2026-10-03T15:40:24.8117951Z test_top_level_optional_import_is_blocked_and_partial_state_restored (test_frontier_v8_source_loader.SourceLoaderTests.test_top_level_optional_import_is_blocked_and_partial_state_restored) ... ok
2026-10-03T15:40:25.0242804Z test_control_data_level_split_isolation_and_teacher_future_independence (test_games.GamesTest.test_control_data_level_split_isolation_and_teacher_future_independence) ... ok
2026-10-03T15:40:25.4305131Z test_control_data_matches_runtime_labels_and_excludes_provenance (test_games.GamesTest.test_control_data_matches_runtime_labels_and_excludes_provenance) ... ok
2026-10-03T15:40:25.4306626Z test_doom_real_engine_closed_loop_replay (test_games.GamesTest.test_doom_real_engine_closed_loop_replay) ... skipped 'optional vizdoom is not installed'
2026-10-03T15:40:25.9515557Z test_game_service_evaluator_records_paired_http_results_and_failures (test_games.GamesTest.test_game_service_evaluator_records_paired_http_results_and_failures) ... ok
2026-10-03T15:40:26.4703993Z test_http_uses_only_visible_state_never_oracle_and_errors_propagate (test_games.GamesTest.test_http_uses_only_visible_state_never_oracle_and_errors_propagate) ... ok
2026-10-03T15:40:26.4705383Z test_invalid_and_terminal_boards (test_games.GamesTest.test_invalid_and_terminal_boards) ... ok
2026-10-03T15:40:26.4706453Z test_invalid_probability_and_move_responses (test_games.GamesTest.test_invalid_probability_and_move_responses) ... ok
2026-10-03T15:40:26.5527576Z test_local_trex_box_physics_and_replay (test_games.GamesTest.test_local_trex_box_physics_and_replay) ... ok
2026-10-03T15:40:26.5531601Z test_mario_and_trex_external_request_contracts (test_games.GamesTest.test_mario_and_trex_external_request_contracts) ... ok
2026-10-03T15:40:26.5709006Z test_minimax_takes_win_blocks_loss_and_selfplay_draws (test_games.GamesTest.test_minimax_takes_win_blocks_loss_and_selfplay_draws) ... ok
2026-10-03T15:40:26.5722962Z test_seeded_replay_and_tamper_detection (test_games.GamesTest.test_seeded_replay_and_tamper_detection) ... ok
2026-10-03T15:40:26.8004698Z test_snake_data_exact_collisions_grouped_and_ood_grid (test_games.GamesTest.test_snake_data_exact_collisions_grouped_and_ood_grid) ... ok
2026-10-03T15:40:26.8008834Z test_snake_reverse_wall_body_tail_and_growth (test_games.GamesTest.test_snake_reverse_wall_body_tail_and_growth) ... ok
2026-10-03T15:40:27.7236530Z test_tictactoe_exhaustive_data_and_symmetry_split_isolation (test_games.GamesTest.test_tictactoe_exhaustive_data_and_symmetry_split_isolation) ... ok
2026-10-03T15:40:27.8167720Z test_tile_platformer_plays_replays_and_obeys_ground_collision (test_games.GamesTest.test_tile_platformer_plays_replays_and_obeys_ground_collision) ... ok
2026-10-03T15:40:27.8176866Z test_wiki_shortest_path_dead_end_and_budget (test_games.GamesTest.test_wiki_shortest_path_dead_end_and_budget) ... ok
2026-10-03T15:40:27.8269994Z test_both_dependency_lock_files_reject_tamper_before_checkpoint (test_independent_evaluation.IndependentEvaluationTests.test_both_dependency_lock_files_reject_tamper_before_checkpoint) ... ok
2026-10-03T15:40:27.8325220Z test_bundle_is_pinned_not_evaluated_and_cannot_overwrite (test_independent_evaluation.IndependentEvaluationTests.test_bundle_is_pinned_not_evaluated_and_cannot_overwrite) ... ok
2026-10-03T15:40:27.8554165Z test_install_script_disables_inherited_pip_config_before_first_pip (test_independent_evaluation.IndependentEvaluationTests.test_install_script_disables_inherited_pip_config_before_first_pip) ... ok
2026-10-03T15:40:27.8557047Z test_invalid_revision_cannot_write_or_inject_shell_code (test_independent_evaluation.IndependentEvaluationTests.test_invalid_revision_cannot_write_or_inject_shell_code) ... ok
2026-10-03T15:40:27.8657806Z test_runtime_only_preflight_needs_no_checkpoint_or_model_import (test_independent_evaluation.IndependentEvaluationTests.test_runtime_only_preflight_needs_no_checkpoint_or_model_import) ... ok
2026-10-03T15:40:27.8746609Z test_runtime_rejects_broken_dependency_check (test_independent_evaluation.IndependentEvaluationTests.test_runtime_rejects_broken_dependency_check) ... ok
2026-10-03T15:40:27.8836736Z test_runtime_rejects_global_or_user_site_environment (test_independent_evaluation.IndependentEvaluationTests.test_runtime_rejects_global_or_user_site_environment) ... ok
2026-10-03T15:40:27.8924877Z test_runtime_rejects_missing_or_external_packages (test_independent_evaluation.IndependentEvaluationTests.test_runtime_rejects_missing_or_external_packages) ... ok
2026-10-03T15:40:27.9011873Z test_runtime_rejects_package_version_drift_before_checkpoint (test_independent_evaluation.IndependentEvaluationTests.test_runtime_rejects_package_version_drift_before_checkpoint) ... ok
2026-10-03T15:40:27.9138386Z test_runtime_rejects_unsupported_interpreter_or_platform (test_independent_evaluation.IndependentEvaluationTests.test_runtime_rejects_unsupported_interpreter_or_platform) ... ok
2026-10-03T15:40:27.9249259Z test_verified_fixture_still_does_not_claim_inference_or_sealed_result (test_independent_evaluation.IndependentEvaluationTests.test_verified_fixture_still_does_not_claim_inference_or_sealed_result) ... ok
2026-10-03T15:40:27.9342830Z test_verifier_rejects_wrong_bytes_without_model_load (test_independent_evaluation.IndependentEvaluationTests.test_verifier_rejects_wrong_bytes_without_model_load) ... ok
2026-10-03T15:40:27.9349614Z test_elapsed_deadline_prevents_starting_another_subprocess (test_install_isolated_runtime_cpu.IsolatedRuntimeInstallerTests.test_elapsed_deadline_prevents_starting_another_subprocess) ... ok
2026-10-03T15:40:27.9359735Z test_environment_discards_python_pip_credentials_proxies_and_loader_overrides (test_install_isolated_runtime_cpu.IsolatedRuntimeInstallerTests.test_environment_discards_python_pip_credentials_proxies_and_loader_overrides) ... ok
2026-10-03T15:40:27.9409895Z test_exact_official_torch_hosts_accept_real_index_url_and_reject_suffixes (test_install_isolated_runtime_cpu.IsolatedRuntimeInstallerTests.test_exact_official_torch_hosts_accept_real_index_url_and_reject_suffixes) ... ok
2026-10-03T15:40:27.9905060Z test_failed_version_origin_site_or_wheel_proof_preserves_consumed_failure (test_install_isolated_runtime_cpu.IsolatedRuntimeInstallerTests.test_failed_version_origin_site_or_wheel_proof_preserves_consumed_failure) ... ok
2026-10-03T15:40:27.9939230Z test_other_existing_env_ancestors_are_refused (test_install_isolated_runtime_cpu.IsolatedRuntimeInstallerTests.test_other_existing_env_ancestors_are_refused) ... ok
2026-10-03T15:40:28.0049207Z test_overall_budget_expiry_has_failure_receipt_without_fallback (test_install_isolated_runtime_cpu.IsolatedRuntimeInstallerTests.test_overall_budget_expiry_has_failure_receipt_without_fallback) ... ok
2026-10-03T15:40:28.0093835Z test_platform_source_lock_and_owned_parent_refusal_create_no_attempt (test_install_isolated_runtime_cpu.IsolatedRuntimeInstallerTests.test_platform_source_lock_and_owned_parent_refusal_create_no_attempt) ... ok
2026-10-03T15:40:28.0129938Z test_signal_during_popen_return_is_deferred_until_child_registration (test_install_isolated_runtime_cpu.IsolatedRuntimeInstallerTests.test_signal_during_popen_return_is_deferred_until_child_registration) ... ok
2026-10-03T15:40:28.0158494Z test_source_shared_environment_and_existing_outputs_are_refused (test_install_isolated_runtime_cpu.IsolatedRuntimeInstallerTests.test_source_shared_environment_and_existing_outputs_are_refused) ... ok
2026-10-03T15:40:28.0266059Z test_success_records_exact_public_wheels_and_isolated_cpu_metadata (test_install_isolated_runtime_cpu.IsolatedRuntimeInstallerTests.test_success_records_exact_public_wheels_and_isolated_cpu_metadata) ... ok
2026-10-03T15:40:28.0377388Z test_termination_signals_clean_owned_child_write_failure_and_restore_handlers (test_install_isolated_runtime_cpu.IsolatedRuntimeInstallerTests.test_termination_signals_clean_owned_child_write_failure_and_restore_handlers) ... ok
2026-10-03T15:40:28.0385757Z test_timeout_kills_only_owned_new_session_and_reaps (test_install_isolated_runtime_cpu.IsolatedRuntimeInstallerTests.test_timeout_kills_only_owned_new_session_and_reaps) ... ok
2026-10-03T15:40:28.2058830Z test_body_audit_rejects_label_and_reference_tamper_after_rehash (test_ir_control.IRCorpusTest.test_body_audit_rejects_label_and_reference_tamper_after_rehash) ... ok
2026-10-03T15:40:28.3275388Z test_body_audit_rejects_training_target_tamper_after_rehash (test_ir_control.IRCorpusTest.test_body_audit_rejects_training_target_tamper_after_rehash) ... ok
2026-10-03T15:40:28.3277710Z test_original_pilot_and_full_manifests_are_separate_and_pilot_stays_held_out (test_ir_control.IRCorpusTest.test_original_pilot_and_full_manifests_are_separate_and_pilot_stays_held_out) ... skipped 'Local generated corpora not present'
2026-10-03T15:40:28.3795192Z test_stable_family_assignment_does_not_change_on_expansion (test_ir_control.IRCorpusTest.test_stable_family_assignment_does_not_change_on_expansion) ... ok
2026-10-03T15:40:28.3798841Z test_external_holdout_cannot_use_training_data_tree (test_ir_control.IRMetricAndHoldoutTest.test_external_holdout_cannot_use_training_data_tree) ... ok
2026-10-03T15:40:28.3812254Z test_external_holdout_rejects_missing_candidates_after_rehash (test_ir_control.IRMetricAndHoldoutTest.test_external_holdout_rejects_missing_candidates_after_rehash) ... ok
2026-10-03T15:40:28.3837433Z test_external_holdout_requires_all_hashes_one_hundred_and_evaluation_only (test_ir_control.IRMetricAndHoldoutTest.test_external_holdout_requires_all_hashes_one_hundred_and_evaluation_only) ... ok
2026-10-03T15:40:28.3839667Z test_trec_linear_gain_missing_query_unjudged_and_duplicates (test_ir_control.IRMetricAndHoldoutTest.test_trec_linear_gain_missing_query_unjudged_and_duplicates) ... ok
2026-10-03T15:40:28.4239172Z test_100_document_pointwise_and_listwise_request_counts (test_ir_control.IRRuntimeTest.test_100_document_pointwise_and_listwise_request_counts) ... ok
2026-10-03T15:40:28.4300716Z test_all_six_methods_run_actual_callbacks_and_preserve_document_set (test_ir_control.IRRuntimeTest.test_all_six_methods_run_actual_callbacks_and_preserve_document_set) ... ok
2026-10-03T15:40:28.4309034Z test_body_grades_cover_exact_partial_wrong_profile_withdrawn_and_unrelated (test_ir_control.IRRuntimeTest.test_body_grades_cover_exact_partial_wrong_profile_withdrawn_and_unrelated) ... ok
2026-10-03T15:40:28.4316076Z test_explicit_score_rounding_policy_preserves_strict_probability_mass (test_ir_control.IRRuntimeTest.test_explicit_score_rounding_policy_preserves_strict_probability_mass) ... ok
2026-10-03T15:40:28.4356871Z test_heaps_rerank_only_requested_prefix_and_setwise_windows_have_at_most_eleven (test_ir_control.IRRuntimeTest.test_heaps_rerank_only_requested_prefix_and_setwise_windows_have_at_most_eleven) ... ok
2026-10-03T15:40:28.4359619Z test_malformed_response_is_preserved_and_not_a_zero_relevance_label (test_ir_control.IRRuntimeTest.test_malformed_response_is_preserved_and_not_a_zero_relevance_label) ... ok
2026-10-03T15:40:28.4361928Z test_nonfinite_and_inconsistent_probabilities_fail (test_ir_control.IRRuntimeTest.test_nonfinite_and_inconsistent_probabilities_fail) ... ok
2026-10-03T15:40:28.4389165Z test_pairwise_uses_both_orders_and_cancels_constant_position_bias (test_ir_control.IRRuntimeTest.test_pairwise_uses_both_orders_and_cancels_constant_position_bias) ... ok
2026-10-03T15:40:28.4391004Z test_quoted_query_does_not_change_document_subject (test_ir_control.IRRuntimeTest.test_quoted_query_does_not_change_document_subject) ... ok
2026-10-03T15:40:28.4393340Z test_exact_inputs_and_valid_response (test_jev_api_latency.JevLatencyTest.test_exact_inputs_and_valid_response) ... ok
2026-10-03T15:40:28.4396175Z test_rejection_retains_response_and_redacts_key (test_jev_api_latency.JevLatencyTest.test_rejection_retains_response_and_redacts_key) ... ok
2026-10-03T15:40:28.4398132Z test_wrong_model_and_malformed_outputs_fail (test_jev_api_latency.JevLatencyTest.test_wrong_model_and_malformed_outputs_fail) ... ok
2026-10-03T15:40:28.4417104Z test_credentials_are_scoped_restored_and_rejected_in_git (test_jevbench_hosted.HostedBoundsTest.test_credentials_are_scoped_restored_and_rejected_in_git) ... ok
2026-10-03T15:40:28.4419187Z test_failure_cost_rejects_missing_and_boolean_usage (test_jevbench_hosted.HostedBoundsTest.test_failure_cost_rejects_missing_and_boolean_usage) ... ok
2026-10-03T15:40:28.4420991Z test_output_cap_and_price_bounds_include_all_4096_tokens (test_jevbench_hosted.HostedBoundsTest.test_output_cap_and_price_bounds_include_all_4096_tokens) ... ok
2026-10-03T15:40:28.4423105Z test_auth_failure_stops_once_and_retains_billed_failure_usage (test_jevbench_hosted.HostedPinnedTest.test_auth_failure_stops_once_and_retains_billed_failure_usage) ... skipped 'requires pinned JevBench source; no downloads in tests'
2026-10-03T15:40:28.4425000Z test_budget_reserves_before_send_and_unknown_cost_remains_charged (test_jevbench_hosted.HostedPinnedTest.test_budget_reserves_before_send_and_unknown_cost_remains_charged) ... skipped 'requires pinned JevBench source; no downloads in tests'
2026-10-03T15:40:28.4426575Z test_exact_gpt_options_and_native_probability_provenance (test_jevbench_hosted.HostedPinnedTest.test_exact_gpt_options_and_native_probability_provenance) ... skipped 'requires pinned JevBench source; no downloads in tests'
2026-10-03T15:40:28.4428075Z test_wall_deadline_keeps_unknown_dispatch_and_restores_key (test_jevbench_hosted.HostedPinnedTest.test_wall_deadline_keeps_unknown_dispatch_and_restores_key) ... skipped 'requires pinned JevBench source; no downloads in tests'
2026-10-03T15:40:28.5577014Z test_durable_collection_and_replay_bind_current_scope_and_counts (test_jevbench_open_development.PublicDevelopmentTest.test_durable_collection_and_replay_bind_current_scope_and_counts) ... ok
2026-10-03T15:40:28.5581902Z test_noul_inclusive_boundaries_and_abstention_count_wrong (test_jevbench_open_development.PublicDevelopmentTest.test_noul_inclusive_boundaries_and_abstention_count_wrong) ... ok
2026-10-03T15:40:28.5684499Z test_prepared_requests_exclude_gold_and_changed_freeze_fails (test_jevbench_open_development.PublicDevelopmentTest.test_prepared_requests_exclude_gold_and_changed_freeze_fails) ... ok
2026-10-03T15:40:28.5691588Z test_score_expected_position_is_not_argmax_accuracy (test_jevbench_open_development.PublicDevelopmentTest.test_score_expected_position_is_not_argmax_accuracy) ... ok
2026-10-03T15:40:28.5737396Z test_selection_never_consults_gold_state_or_predictions (test_jevbench_open_development.PublicDevelopmentTest.test_selection_never_consults_gold_state_or_predictions) ... ok
2026-10-03T15:40:28.5746292Z test_bad_hash_or_identity_rejected_before_request_and_output (test_jevbench_openjev.JevBenchOpenJevTest.test_bad_hash_or_identity_rejected_before_request_and_output) ... ok
2026-10-03T15:40:28.5812891Z test_context_refusal_counts_failure_then_continues (test_jevbench_openjev.JevBenchOpenJevTest.test_context_refusal_counts_failure_then_continues) ... ok
2026-10-03T15:40:28.5843581Z test_duplicate_json_and_nonfinite_responses_fail_without_silent_repair (test_jevbench_openjev.JevBenchOpenJevTest.test_duplicate_json_and_nonfinite_responses_fail_without_silent_repair) ... ok
2026-10-03T15:40:28.5894043Z test_identity_drift_fails_and_stops_before_next_dispatch (test_jevbench_openjev.JevBenchOpenJevTest.test_identity_drift_fails_and_stops_before_next_dispatch) ... ok
2026-10-03T15:40:28.5918423Z test_interruption_after_dispatch_leaves_an_in_flight_record (test_jevbench_openjev.JevBenchOpenJevTest.test_interruption_after_dispatch_leaves_an_in_flight_record) ... ok
2026-10-03T15:40:28.5988066Z test_one_attempt_per_task_and_durable_journal (test_jevbench_openjev.JevBenchOpenJevTest.test_one_attempt_per_task_and_durable_journal) ... ok
2026-10-03T15:40:28.5994586Z test_request_gold_separation_and_original_candidate_order (test_jevbench_openjev.JevBenchOpenJevTest.test_request_gold_separation_and_original_candidate_order) ... ok
2026-10-03T15:40:28.6061511Z test_rounding_distribution_is_retained_without_normalizing_or_pre_rejecting (test_jevbench_openjev.JevBenchOpenJevTest.test_rounding_distribution_is_retained_without_normalizing_or_pre_rejecting) ... ok
2026-10-03T15:40:28.6094322Z test_timeout_never_retries_and_keeps_pending_distinct (test_jevbench_openjev.JevBenchOpenJevTest.test_timeout_never_retries_and_keeps_pending_distinct) ... ok
2026-10-03T15:40:28.6097365Z test_boolean_probability_cannot_be_rewritten_as_float_during_replay (test_jevbench_openjev.PinnedJevBenchIntegrationTest.test_boolean_probability_cannot_be_rewritten_as_float_during_replay) ... skipped 'requires the clean pinned JevBench checkout; no download in tests'
2026-10-03T15:40:28.6100674Z test_completed_report_cannot_hide_a_partial_journal (test_jevbench_openjev.PinnedJevBenchIntegrationTest.test_completed_report_cannot_hide_a_partial_journal) ... skipped 'requires the clean pinned JevBench checkout; no download in tests'
2026-10-03T15:40:28.6103888Z test_exact_upstream_rounding_and_tie_rules (test_jevbench_openjev.PinnedJevBenchIntegrationTest.test_exact_upstream_rounding_and_tie_rules) ... skipped 'requires the clean pinned JevBench checkout; no download in tests'
2026-10-03T15:40:28.6107033Z test_pinned_public_counts_and_exact_requests_match_upstream_adapter (test_jevbench_openjev.PinnedJevBenchIntegrationTest.test_pinned_public_counts_and_exact_requests_match_upstream_adapter) ... skipped 'requires the clean pinned JevBench checkout; no download in tests'
2026-10-03T15:40:28.6110461Z test_public_summary_uses_gold_only_offline_and_accounts_for_pending (test_jevbench_openjev.PinnedJevBenchIntegrationTest.test_public_summary_uses_gold_only_offline_and_accounts_for_pending) ... skipped 'requires the clean pinned JevBench checkout; no download in tests'
2026-10-03T15:40:28.6118627Z test_collection_guard_reaps_collector_when_owned_server_exits (test_jevbench_suite.JevBenchSuiteTest.test_collection_guard_reaps_collector_when_owned_server_exits) ... ok
2026-10-03T15:40:28.6167744Z test_collection_hard_timeout_reaps_exact_child (test_jevbench_suite.JevBenchSuiteTest.test_collection_hard_timeout_reaps_exact_child) ... ok
2026-10-03T15:40:28.6263472Z test_collection_identity_failure_stops_before_second_model (test_jevbench_suite.JevBenchSuiteTest.test_collection_identity_failure_stops_before_second_model) ... ok
2026-10-03T15:40:28.7140089Z test_collection_timeout_reaps_server_without_starting_next_model (test_jevbench_suite.JevBenchSuiteTest.test_collection_timeout_reaps_server_without_starting_next_model) ... ok
2026-10-03T15:40:28.7174586Z test_existing_output_refused_without_children (test_jevbench_suite.JevBenchSuiteTest.test_existing_output_refused_without_children) ... ok
2026-10-03T15:40:28.7200464Z test_n1_mode_verifies_host_and_idle_card_before_selecting_uuid (test_jevbench_suite.JevBenchSuiteTest.test_n1_mode_verifies_host_and_idle_card_before_selecting_uuid) ... ok
2026-10-03T15:40:28.7271137Z test_only_new_27b_checkpoint_runs_after_training (test_jevbench_suite.JevBenchSuiteTest.test_only_new_27b_checkpoint_runs_after_training) ... ok
2026-10-03T15:40:28.7404274Z test_serial_servers_and_gold_read_only_after_both_are_stopped (test_jevbench_suite.JevBenchSuiteTest.test_serial_servers_and_gold_read_only_after_both_are_stopped) ... ok
2026-10-03T15:40:28.7461359Z test_slurm_mapping_is_preserved_and_broad_visibility_rejected (test_jevbench_suite.JevBenchSuiteTest.test_slurm_mapping_is_preserved_and_broad_visibility_rejected) ... ok
2026-10-03T15:40:28.7528387Z test_startup_failure_reaps_only_first_server_and_never_collects (test_jevbench_suite.JevBenchSuiteTest.test_startup_failure_reaps_only_first_server_and_never_collects) ... ok
2026-10-03T15:40:28.7538635Z test_explicit_policy_cannot_bypass_repository_restriction (test_launch_expansion.LauncherResourcePolicyTests.test_explicit_policy_cannot_bypass_repository_restriction) ... ok
2026-10-03T15:40:28.7577966Z test_main_binds_accepted_physical_indices_to_their_gpu_uuids (test_launch_expansion.LauncherResourcePolicyTests.test_main_binds_accepted_physical_indices_to_their_gpu_uuids) ... ok
2026-10-03T15:40:28.7598707Z test_main_rejects_wrong_host_before_any_subprocess_or_gpu_query (test_launch_expansion.LauncherResourcePolicyTests.test_main_rejects_wrong_host_before_any_subprocess_or_gpu_query) ... ok
2026-10-03T15:40:28.7624619Z test_malformed_or_contradictory_policy_fails_closed (test_launch_expansion.LauncherResourcePolicyTests.test_malformed_or_contradictory_policy_fails_closed) ... ok
2026-10-03T15:40:28.7631092Z test_matching_n1_hostname_and_training_cards_are_accepted_and_audited (test_launch_expansion.LauncherResourcePolicyTests.test_matching_n1_hostname_and_training_cards_are_accepted_and_audited) ... ok
2026-10-03T15:40:28.7639250Z test_wrong_host_and_prohibited_training_cards_are_rejected (test_launch_expansion.LauncherResourcePolicyTests.test_wrong_host_and_prohibited_training_cards_are_rejected) ... ok
2026-10-03T15:40:29.2409190Z test_audit_does_not_use_hidden_oracle_or_variant_metadata (test_mailroom_data.MailroomDataTests.test_audit_does_not_use_hidden_oracle_or_variant_metadata) ... ok
2026-10-03T15:40:29.6645749Z test_complete_contract_and_independent_audit (test_mailroom_data.MailroomDataTests.test_complete_contract_and_independent_audit) ... ok
2026-10-03T15:40:30.3230932Z test_expansion_preserves_every_old_case_row_and_heldout_family (test_mailroom_data.MailroomDataTests.test_expansion_preserves_every_old_case_row_and_heldout_family) ... ok
2026-10-03T15:40:30.6900050Z test_final_text_header_and_question_mutations_fail_closed (test_mailroom_data.MailroomDataTests.test_final_text_header_and_question_mutations_fail_closed) ... ok
2026-10-03T15:40:30.9856531Z test_link_relay_paid_and_advertised_amounts_in_all_languages (test_mailroom_data.MailroomDataTests.test_link_relay_paid_and_advertised_amounts_in_all_languages) ... ok
2026-10-03T15:40:31.4283827Z test_matching_wrong_gold_and_target_are_rejected (test_mailroom_data.MailroomDataTests.test_matching_wrong_gold_and_target_are_rejected) ... ok
2026-10-03T15:40:31.7109813Z test_model_input_excludes_all_supervision_and_provenance (test_mailroom_data.MailroomDataTests.test_model_input_excludes_all_supervision_and_provenance) ... ok
2026-10-03T15:40:31.9768889Z test_prediction_reader_requires_typed_mass_and_marks_exact_tie_unresolved (test_mailroom_data.MailroomDataTests.test_prediction_reader_requires_typed_mass_and_marks_exact_tie_unresolved) ... ok
2026-10-03T15:40:32.5976637Z test_probe_export_preserves_inputs_without_gold_or_predictions (test_mailroom_data.MailroomDataTests.test_probe_export_preserves_inputs_without_gold_or_predictions) ... ok
2026-10-03T15:40:32.9940774Z test_provider_counterfactual_and_taxonomy_follow_service (test_mailroom_data.MailroomDataTests.test_provider_counterfactual_and_taxonomy_follow_service) ... ok
2026-10-03T15:40:33.2639265Z test_sealed_bytes_and_existing_directory_are_protected (test_mailroom_data.MailroomDataTests.test_sealed_bytes_and_existing_directory_are_protected) ... ok
2026-10-03T15:40:33.5447806Z test_unknown_service_and_conflicting_actions_do_not_get_fallback_gold (test_mailroom_data.MailroomDataTests.test_unknown_service_and_conflicting_actions_do_not_get_fallback_gold) ... ok
2026-10-03T15:40:33.5449859Z test_extreme_logits_and_binary_probabilities (test_metrics.CalibrationTest.test_extreme_logits_and_binary_probabilities) ... ok
2026-10-03T15:40:33.5452080Z test_soft_labels_and_constant_logits (test_metrics.CalibrationTest.test_soft_labels_and_constant_logits) ... ok
2026-10-03T15:40:33.5461453Z test_temperature_recovers_known_bernoulli_frequency (test_metrics.CalibrationTest.test_temperature_recovers_known_bernoulli_frequency) ... ok
2026-10-03T15:40:33.5463056Z test_choice_uses_scaled_peak (test_metrics.OfficialConfidenceTest.test_choice_uses_scaled_peak) ... ok
2026-10-03T15:40:33.5464903Z test_score_depends_on_ordinal_distance_and_first_mode (test_metrics.OfficialConfidenceTest.test_score_depends_on_ordinal_distance_and_first_mode) ... ok
2026-10-03T15:40:33.5466800Z test_uniform_and_deterministic_distributions (test_metrics.OfficialConfidenceTest.test_uniform_and_deterministic_distributions) ... ok
2026-10-03T15:40:33.5468634Z test_hard_outcomes_have_known_scores_and_coverage (test_metrics.ProbabilityMetricsTest.test_hard_outcomes_have_known_scores_and_coverage) ... ok
2026-10-03T15:40:33.5470405Z test_invalid_probability_data_is_rejected (test_metrics.ProbabilityMetricsTest.test_invalid_probability_data_is_rejected) ... ok
2026-10-03T15:40:33.5472403Z test_mixed_targets_and_variable_cardinality (test_metrics.ProbabilityMetricsTest.test_mixed_targets_and_variable_cardinality) ... ok
2026-10-03T15:40:33.5474567Z test_perfect_probabilities_fit_last_ece_bin (test_metrics.ProbabilityMetricsTest.test_perfect_probabilities_fit_last_ece_bin) ... ok
2026-10-03T15:40:33.5476259Z test_soft_targets_are_not_argmax_ground_truth (test_metrics.ProbabilityMetricsTest.test_soft_targets_are_not_argmax_ground_truth) ... ok
2026-10-03T15:40:33.5478520Z test_loopback_timeout_defaults_to_120_seconds_and_is_configurable (test_mps_support.HttpTimeoutTest.test_loopback_timeout_defaults_to_120_seconds_and_is_configurable) ... skipped 'requires optional torch/transformers/peft train runtime'
2026-10-03T15:40:33.5481278Z test_cpu_and_mps_benchmark_runs_compare_as_equal_decisions (test_mps_support.MpsSupportTest.test_cpu_and_mps_benchmark_runs_compare_as_equal_decisions) ... skipped 'requires a torch build with an available MPS backend'
2026-10-03T15:40:33.5484263Z test_every_parameter_is_resident_on_mps_and_nothing_falls_back_to_cpu (test_mps_support.MpsSupportTest.test_every_parameter_is_resident_on_mps_and_nothing_falls_back_to_cpu) ... skipped 'requires a torch build with an available MPS backend'
2026-10-03T15:40:33.5487021Z test_float32_scores_match_cpu_within_the_existing_parity_bar (test_mps_support.MpsSupportTest.test_float32_scores_match_cpu_within_the_existing_parity_bar) ... skipped 'requires a torch build with an available MPS backend'
2026-10-03T15:40:33.5489731Z test_latency_benchmark_synchronizes_metal_around_every_timed_call (test_mps_support.MpsSupportTest.test_latency_benchmark_synchronizes_metal_around_every_timed_call) ... skipped 'requires a torch build with an available MPS backend'
2026-10-03T15:40:33.5492620Z test_mps_profile_timing_synchronizes_metal_not_cuda (test_mps_support.MpsSupportTest.test_mps_profile_timing_synchronizes_metal_not_cuda) ... skipped 'requires a torch build with an available MPS backend'
2026-10-03T15:40:33.5495495Z test_reduced_precision_error_is_no_worse_than_cpu_at_the_same_dtype (test_mps_support.MpsSupportTest.test_reduced_precision_error_is_no_worse_than_cpu_at_the_same_dtype) ... skipped 'requires a torch build with an available MPS backend'
2026-10-03T15:40:33.5498111Z test_residency_check_detects_a_parameter_left_on_cpu (test_mps_support.MpsSupportTest.test_residency_check_detects_a_parameter_left_on_cpu) ... skipped 'requires a torch build with an available MPS backend'
2026-10-03T15:40:33.5500630Z test_cpu_profile_timing_never_synchronizes_cuda (test_mps_support.ProfileSynchronizationTest.test_cpu_profile_timing_never_synchronizes_cuda) ... skipped 'requires optional torch/transformers/peft train runtime'
2026-10-03T15:40:33.5503821Z test_meta_embedding_profile_synchronizes_actual_accelerator_devices (test_mps_support.ProfileSynchronizationTest.test_meta_embedding_profile_synchronizes_actual_accelerator_devices) ... skipped 'requires optional torch/transformers/peft train runtime'
2026-10-03T15:40:33.5506758Z test_engagement_requires_successful_profiler_child (test_mps_support.ProfiledChildEnvironmentTest.test_engagement_requires_successful_profiler_child) ... skipped 'requires optional torch/transformers/peft train runtime'
2026-10-03T15:40:33.5518949Z test_profiled_child_loads_weights_on_one_thread (test_mps_support.ProfiledChildEnvironmentTest.test_profiled_child_loads_weights_on_one_thread) ... ok
2026-10-03T15:40:33.5523781Z test_incomplete_refusal_extra_key_wrong_types_wrong_model_rejected (test_openai_api_benchmark.OpenAIComparisonTest.test_incomplete_refusal_extra_key_wrong_types_wrong_model_rejected) ... ok
2026-10-03T15:40:33.5528537Z test_rejected_transport_is_not_inference_and_redacts_key (test_openai_api_benchmark.OpenAIComparisonTest.test_rejected_transport_is_not_inference_and_redacts_key) ... ok
2026-10-03T15:40:33.5530783Z test_semantics_and_candidate_order_preserved_without_labels (test_openai_api_benchmark.OpenAIComparisonTest.test_semantics_and_candidate_order_preserved_without_labels) ... ok
2026-10-03T15:40:33.5532918Z test_valid_choices_and_cost (test_openai_api_benchmark.OpenAIComparisonTest.test_valid_choices_and_cost) ... ok
2026-10-03T15:40:33.5546703Z test_bad_input_or_identity_fails_before_connection_or_outputs (test_openjev_provider.OpenJevProviderTest.test_bad_input_or_identity_fails_before_connection_or_outputs) ... ok
2026-10-03T15:40:33.5565641Z test_budget_stops_without_an_attempt_and_preserves_all_pending (test_openjev_provider.OpenJevProviderTest.test_budget_stops_without_an_attempt_and_preserves_all_pending) ... ok
2026-10-03T15:40:34.0636201Z test_checkpoint_drift_stops_before_next_request_and_preserves_pending (test_openjev_provider.OpenJevProviderTest.test_checkpoint_drift_stops_before_next_request_and_preserves_pending) ... ok
2026-10-03T15:40:34.5724191Z test_invalid_probability_is_retained_and_counts_zero_without_renormalization (test_openjev_provider.OpenJevProviderTest.test_invalid_probability_is_retained_and_counts_zero_without_renormalization) ... ok
2026-10-03T15:40:34.5740229Z test_malformed_inputs_and_request_hashes_are_rejected (test_openjev_provider.OpenJevProviderTest.test_malformed_inputs_and_request_hashes_are_rejected) ... ok
2026-10-03T15:40:34.5778158Z test_nonfinite_wire_response_is_retained_without_invalid_json_in_output (test_openjev_provider.OpenJevProviderTest.test_nonfinite_wire_response_is_retained_without_invalid_json_in_output) ... ok
2026-10-03T15:40:35.6831036Z test_real_loopback_more_than_32_workloads_one_attempt_and_existing_quality_scorer (test_openjev_provider.OpenJevProviderTest.test_real_loopback_more_than_32_workloads_one_attempt_and_existing_quality_scorer) ... ok
2026-10-03T15:40:35.6844167Z test_response_invariants_reject_cache_identity_and_inconsistent_scalar (test_openjev_provider.OpenJevProviderTest.test_response_invariants_reject_cache_identity_and_inconsistent_scalar) ... ok
2026-10-03T15:40:36.2766934Z test_sigkill_leaves_durable_inflight_dispatch_not_unattempted (test_openjev_provider.OpenJevProviderTest.test_sigkill_leaves_durable_inflight_dispatch_not_unattempted) ... ok
2026-10-03T15:40:36.8697286Z test_sigterm_retains_dispatched_request_as_failed_not_pending (test_openjev_provider.OpenJevProviderTest.test_sigterm_retains_dispatched_request_as_failed_not_pending) ... ok
2026-10-03T15:40:36.8735900Z test_timeout_never_retries_or_advances (test_openjev_provider.OpenJevProviderTest.test_timeout_never_retries_or_advances) ... ok
2026-10-03T15:40:36.9418858Z test_adaptive_float_scores_and_journal_precede_each_actual_request (test_openjev_trec.OpenJevTrecTest.test_adaptive_float_scores_and_journal_precede_each_actual_request) ... ok
2026-10-03T15:40:42.3480056Z test_all_97_queries_close_in_873_unique_requests_with_stable_ties (test_openjev_trec.OpenJevTrecTest.test_all_97_queries_close_in_873_unique_requests_with_stable_ties) ... ok
2026-10-03T15:40:42.6421971Z test_all_failed_queries_remain_full_denominator_without_extra_requests (test_openjev_trec.OpenJevTrecTest.test_all_failed_queries_remain_full_denominator_without_extra_requests) ... ok
2026-10-03T15:40:42.6855169Z test_http_server_failure_stops_and_bad_preflight_never_connects (test_openjev_trec.OpenJevTrecTest.test_http_server_failure_stops_and_bad_preflight_never_connects) ... ok
2026-10-03T15:40:42.7493204Z test_identity_drift_and_timeout_stop_without_advancing (test_openjev_trec.OpenJevTrecTest.test_identity_drift_and_timeout_stop_without_advancing) ... ok
2026-10-03T15:40:42.8120491Z test_nonfatal_invalid_probability_is_saved_as_failure_then_next_query_runs (test_openjev_trec.OpenJevTrecTest.test_nonfatal_invalid_probability_is_saved_as_failure_then_next_query_runs) ... ok
2026-10-03T15:40:42.9251031Z test_out_of_range_scalar_is_failed_before_persisting_success (test_openjev_trec.OpenJevTrecTest.test_out_of_range_scalar_is_failed_before_persisting_success) ... ok
2026-10-03T15:40:42.9714834Z test_raw_response_binding_preserves_numeric_types_and_mapping_order (test_openjev_trec.OpenJevTrecTest.test_raw_response_binding_preserves_numeric_types_and_mapping_order) ... ok
2026-10-03T15:40:43.6296005Z test_real_loopback_uses_owned_service_and_unrounded_expected_scores (test_openjev_trec.OpenJevTrecTest.test_real_loopback_uses_owned_service_and_unrounded_expected_scores) ... ok
2026-10-03T15:40:43.6806501Z test_request_and_time_budgets_keep_incomplete_and_unattempted_queries (test_openjev_trec.OpenJevTrecTest.test_request_and_time_budgets_keep_incomplete_and_unattempted_queries) ... ok
2026-10-03T15:40:44.7999670Z test_sigterm_settles_failed_dispatch_but_sigkill_leaves_unknown_outcome (test_openjev_trec.OpenJevTrecTest.test_sigterm_settles_failed_dispatch_but_sigkill_leaves_unknown_outcome) ... ok
2026-10-03T15:40:45.0095180Z test_changed_identity_raw_body_ranking_or_adaptive_window_is_rejected (test_openjev_trec_summary.OpenJevTrecSummaryTest.test_changed_identity_raw_body_ranking_or_adaptive_window_is_rejected) ... ok
2026-10-03T15:40:45.1341558Z test_changed_qrels_or_manifest_are_rejected (test_openjev_trec_summary.OpenJevTrecSummaryTest.test_changed_qrels_or_manifest_are_rejected) ... ok
2026-10-03T15:40:45.2497949Z test_dangling_dispatch_and_extra_journal_tail_cannot_be_scored (test_openjev_trec_summary.OpenJevTrecSummaryTest.test_dangling_dispatch_and_extra_journal_tail_cannot_be_scored) ... ok
2026-10-03T15:40:45.3947618Z test_failed_first_query_has_no_fallback_and_next_complete_still_full_denominator (test_openjev_trec_summary.OpenJevTrecSummaryTest.test_failed_first_query_has_no_fallback_and_next_complete_still_full_denominator) ... ok
2026-10-03T15:40:53.5058930Z test_full_run_replays_expected_scores_and_full_qrels_without_network (test_openjev_trec_summary.OpenJevTrecSummaryTest.test_full_run_replays_expected_scores_and_full_qrels_without_network) ... ok
2026-10-03T15:40:53.7142396Z test_mandatory_fatal_cannot_be_relabelled_to_continue_more_queries (test_openjev_trec_summary.OpenJevTrecSummaryTest.test_mandatory_fatal_cannot_be_relabelled_to_continue_more_queries) ... ok
2026-10-03T15:40:53.8138306Z test_matching_raw_and_parsed_cache_change_still_fails_identity (test_openjev_trec_summary.OpenJevTrecSummaryTest.test_matching_raw_and_parsed_cache_change_still_fails_identity) ... ok
2026-10-03T15:40:53.9566556Z test_partial_keeps_full43_54_denominators_and_pending_zero (test_openjev_trec_summary.OpenJevTrecSummaryTest.test_partial_keeps_full43_54_denominators_and_pending_zero) ... ok
2026-10-03T15:40:54.0564001Z test_pending_query_cannot_precede_processed_queries (test_openjev_trec_summary.OpenJevTrecSummaryTest.test_pending_query_cannot_precede_processed_queries) ... ok
2026-10-03T15:40:54.1772639Z test_raw_boolean_and_probability_order_cannot_hide_behind_python_equality (test_openjev_trec_summary.OpenJevTrecSummaryTest.test_raw_boolean_and_probability_order_cannot_hide_behind_python_equality) ... ok
2026-10-03T15:40:54.2782891Z test_reordered_payload_is_rejected_even_when_sorted_digest_unchanged (test_openjev_trec_summary.OpenJevTrecSummaryTest.test_reordered_payload_is_rejected_even_when_sorted_digest_unchanged) ... ok
2026-10-03T15:40:54.2803434Z test_all_painting_modes_pass_bounded_server_predictor (test_painting.PaintingTest.test_all_painting_modes_pass_bounded_server_predictor) ... ok
2026-10-03T15:40:54.2853482Z test_bad_model_outputs_are_rejected (test_painting.PaintingTest.test_bad_model_outputs_are_rejected) ... ok
2026-10-03T15:40:54.2882589Z test_coordinates_survive_id_removal_and_batching (test_painting.PaintingTest.test_coordinates_survive_id_removal_and_batching) ... ok
2026-10-03T15:40:55.1229085Z test_data_have_valid_targets_and_scene_splits (test_painting.PaintingTest.test_data_have_valid_targets_and_scene_splits) ... ok
2026-10-03T15:40:55.1230309Z test_invalid_limits_fail_before_allocation (test_painting.PaintingTest.test_invalid_limits_fail_before_allocation) ... ok
2026-10-03T15:40:55.1273804Z test_probabilities_are_rendered_as_a_mean_not_argmax (test_painting.PaintingTest.test_probabilities_are_rendered_as_a_mean_not_argmax) ... ok
2026-10-03T15:40:55.4165986Z test_procedural_targets_reconstruct_exact_images_in_all_modes (test_painting.PaintingTest.test_procedural_targets_reconstruct_exact_images_in_all_modes) ... ok
2026-10-03T15:40:57.5710537Z test_ui_keeps_one_endpoint_per_run (test_painting.PaintingTest.test_ui_keeps_one_endpoint_per_run) ... ok
2026-10-03T15:40:57.5774281Z test_all_failures_and_soft_targets_have_defined_full_denominators (test_parallel_data_eval.ParallelDataEvalTests.test_all_failures_and_soft_targets_have_defined_full_denominators) ... ok
2026-10-03T15:40:57.5844393Z test_calibration_id_membership_and_checkpoint_content_are_bound (test_parallel_data_eval.ParallelDataEvalTests.test_calibration_id_membership_and_checkpoint_content_are_bound) ... ok
2026-10-03T15:40:57.5911284Z test_checkpoint_requires_final_completion_and_correct_model (test_parallel_data_eval.ParallelDataEvalTests.test_checkpoint_requires_final_completion_and_correct_model) ... ok
2026-10-03T15:40:57.6195052Z test_controller_runs_four_shards_then_next_model (test_parallel_data_eval.ParallelDataEvalTests.test_controller_runs_four_shards_then_next_model) ... ok
2026-10-03T15:40:57.6310978Z test_controller_worker_crash_stops_only_owned_children_and_fails (test_parallel_data_eval.ParallelDataEvalTests.test_controller_worker_crash_stops_only_owned_children_and_fails) ... ok
2026-10-03T15:40:57.6374984Z test_dataset_pin_catches_wrong_manifest_and_changed_bytes (test_parallel_data_eval.ParallelDataEvalTests.test_dataset_pin_catches_wrong_manifest_and_changed_bytes) ... ok
2026-10-03T15:40:57.6481613Z test_error_rows_remain_in_total_and_confidence_coverage (test_parallel_data_eval.ParallelDataEvalTests.test_error_rows_remain_in_total_and_confidence_coverage) ... ok
2026-10-03T15:40:57.7151317Z test_expansion_40281_rows_use_global_order_without_padding_or_drop (test_parallel_data_eval.ParallelDataEvalTests.test_expansion_40281_rows_use_global_order_without_padding_or_drop) ... ok
2026-10-03T15:40:58.2352876Z test_expansion_checkpoint_requires_ddp_full_pass_and_saved_calibration (test_parallel_data_eval.ParallelDataEvalTests.test_expansion_checkpoint_requires_ddp_full_pass_and_saved_calibration) ... ok
2026-10-03T15:40:58.6425878Z test_expansion_controller_runs_only_four_27b_workers (test_parallel_data_eval.ParallelDataEvalTests.test_expansion_controller_runs_only_four_27b_workers) ... ok
2026-10-03T15:40:58.6530221Z test_expansion_manifest_and_each_split_are_fixed (test_parallel_data_eval.ParallelDataEvalTests.test_expansion_manifest_and_each_split_are_fixed) ... ok
2026-10-03T15:40:58.9940993Z test_expansion_merge_binds_profile_data_assignment_and_failure_denominator (test_parallel_data_eval.ParallelDataEvalTests.test_expansion_merge_binds_profile_data_assignment_and_failure_denominator) ... ok
2026-10-03T15:40:59.0002981Z test_invalid_scorer_output_is_an_explicit_failure (test_parallel_data_eval.ParallelDataEvalTests.test_invalid_scorer_output_is_an_explicit_failure) ... ok
2026-10-03T15:40:59.0402814Z test_missing_duplicate_wrong_split_checkpoint_and_temperature_fail (test_parallel_data_eval.ParallelDataEvalTests.test_missing_duplicate_wrong_split_checkpoint_and_temperature_fail) ... ok
2026-10-03T15:40:59.0592166Z test_missing_worker_report_or_wrong_plan_and_counts_fail (test_parallel_data_eval.ParallelDataEvalTests.test_missing_worker_report_or_wrong_plan_and_counts_fail) ... ok
2026-10-03T15:40:59.0652136Z test_model_profile_defaults_and_cross_profile_rejection (test_parallel_data_eval.ParallelDataEvalTests.test_model_profile_defaults_and_cross_profile_rejection) ... ok
2026-10-03T15:40:59.0718066Z test_only_target_four_gpus_must_be_idle_and_complete (test_parallel_data_eval.ParallelDataEvalTests.test_only_target_four_gpus_must_be_idle_and_complete) ... ok
2026-10-03T15:40:59.0783089Z test_phase_policy_and_fixed_host_required_before_launch (test_parallel_data_eval.ParallelDataEvalTests.test_phase_policy_and_fixed_host_required_before_launch) ... ok
2026-10-03T15:40:59.0891660Z test_saved_temperature_and_source_group_summaries (test_parallel_data_eval.ParallelDataEvalTests.test_saved_temperature_and_source_group_summaries) ... ok
2026-10-03T15:40:59.0951564Z test_shards_cover_every_id_once_in_stable_order (test_parallel_data_eval.ParallelDataEvalTests.test_shards_cover_every_id_once_in_stable_order) ... ok
2026-10-03T15:40:59.1017143Z test_shared_lease_prevents_concurrent_eval_or_training (test_parallel_data_eval.ParallelDataEvalTests.test_shared_lease_prevents_concurrent_eval_or_training) ... ok
2026-10-03T15:40:59.1096864Z test_short_run_or_failed_reload_cannot_masquerade_as_fullpass (test_parallel_data_eval.ParallelDataEvalTests.test_short_run_or_failed_reload_cannot_masquerade_as_fullpass) ... ok
2026-10-03T15:40:59.1277383Z test_sigterm_and_sigint_interruptions_reap_all_owned_workers (test_parallel_data_eval.ParallelDataEvalTests.test_sigterm_and_sigint_interruptions_reap_all_owned_workers) ... ok
2026-10-03T15:40:59.1362428Z test_temperature_must_be_saved_calibration_not_test_or_bad_value (test_parallel_data_eval.ParallelDataEvalTests.test_temperature_must_be_saved_calibration_not_test_or_bad_value) ... ok
2026-10-03T15:40:59.1364190Z test_all_candidates_and_document_variants_keep_family_split (test_phone_extraction_control.PhoneDatasetTest.test_all_candidates_and_document_variants_keep_family_split) ... skipped 'requires the optional .[phone] extra'
2026-10-03T15:40:59.1365718Z test_manifest_binds_source_and_artifacts_and_refuses_overwrite (test_phone_extraction_control.PhoneDatasetTest.test_manifest_binds_source_and_artifacts_and_refuses_overwrite) ... skipped 'requires the optional .[phone] extra'
2026-10-03T15:40:59.1378034Z test_ambiguous_and_unsupported_declarations_require_review (test_phone_extraction_control.PhoneRuntimeTest.test_ambiguous_and_unsupported_declarations_require_review) ... ok
2026-10-03T15:40:59.1391155Z test_candidate_limit_is_explicit_and_zero_candidates_are_valid_api (test_phone_extraction_control.PhoneRuntimeTest.test_candidate_limit_is_explicit_and_zero_candidates_are_valid_api) ... ok
2026-10-03T15:40:59.1395620Z test_candidates_cannot_be_invented_or_shifted (test_phone_extraction_control.PhoneRuntimeTest.test_candidates_cannot_be_invented_or_shifted) ... ok
2026-10-03T15:40:59.1397261Z test_exact_e164_for_national_and_international_reserved_styles (test_phone_extraction_control.PhoneRuntimeTest.test_exact_e164_for_national_and_international_reserved_styles) ... skipped 'requires the optional .[phone] extra'
2026-10-03T15:40:59.1398746Z test_implicit_trunk_or_idd_digit_repair_is_rejected (test_phone_extraction_control.PhoneRuntimeTest.test_implicit_trunk_or_idd_digit_repair_is_rejected) ... skipped 'requires the optional .[phone] extra'
2026-10-03T15:40:59.1400171Z test_locally_possible_numbers_without_area_code_have_no_e164 (test_phone_extraction_control.PhoneRuntimeTest.test_locally_possible_numbers_without_area_code_have_no_e164) ... skipped 'requires the optional .[phone] extra'
2026-10-03T15:40:59.1401672Z test_message_layout_preserves_public_role_and_region_semantics (test_phone_extraction_control.PhoneRuntimeTest.test_message_layout_preserves_public_role_and_region_semantics) ... skipped 'requires the optional .[phone] extra'
2026-10-03T15:40:59.1426239Z test_missing_country_never_defaults_even_with_international_code (test_phone_extraction_control.PhoneRuntimeTest.test_missing_country_never_defaults_even_with_international_code) ... ok
2026-10-03T15:40:59.1428165Z test_missing_optional_library_has_explicit_install_hint (test_phone_extraction_control.PhoneRuntimeTest.test_missing_optional_library_has_explicit_install_hint) ... ok
2026-10-03T15:40:59.1430210Z test_optional_library_version_is_exact (test_phone_extraction_control.PhoneRuntimeTest.test_optional_library_version_is_exact) ... skipped 'requires the optional .[phone] extra'
2026-10-03T15:40:59.1432225Z test_outside_field_candidates_are_retained_but_reviewed (test_phone_extraction_control.PhoneRuntimeTest.test_outside_field_candidates_are_retained_but_reviewed) ... ok
2026-10-03T15:40:59.1440728Z test_partial_extensions_and_parentheses_cannot_be_rescued (test_phone_extraction_control.PhoneRuntimeTest.test_partial_extensions_and_parentheses_cannot_be_rescued) ... ok
2026-10-03T15:40:59.1444619Z test_policy_tampering_and_unknown_role_are_rejected (test_phone_extraction_control.PhoneRuntimeTest.test_policy_tampering_and_unknown_role_are_rejected) ... ok
2026-10-03T15:40:59.1446778Z test_possible_valid_and_routable_are_not_equated (test_phone_extraction_control.PhoneRuntimeTest.test_possible_valid_and_routable_are_not_equated) ... skipped 'requires the optional .[phone] extra'
2026-10-03T15:40:59.1451306Z test_presence_absence_ambiguity_and_miss_are_separate (test_phone_extraction_control.PhoneRuntimeTest.test_presence_absence_ambiguity_and_miss_are_separate) ... ok
2026-10-03T15:40:59.1454903Z test_query_blind_candidates_and_character_offsets (test_phone_extraction_control.PhoneRuntimeTest.test_query_blind_candidates_and_character_offsets) ... ok
2026-10-03T15:40:59.1457252Z test_repeated_phone_uses_offsets_and_wrong_selection_is_not_repaired (test_phone_extraction_control.PhoneRuntimeTest.test_repeated_phone_uses_offsets_and_wrong_selection_is_not_repaired) ... skipped 'requires the optional .[phone] extra'
2026-10-03T15:40:59.1460277Z test_request_builders_do_not_require_library (test_phone_extraction_control.PhoneRuntimeTest.test_request_builders_do_not_require_library) ... ok
2026-10-03T15:40:59.1462560Z test_shared_calling_codes_do_not_override_explicit_region_conflicts (test_phone_extraction_control.PhoneRuntimeTest.test_shared_calling_codes_do_not_override_explicit_region_conflicts) ... skipped 'requires the optional .[phone] extra'
2026-10-03T15:40:59.1469605Z test_unicode_vanity_and_malformed_format_do_not_reach_library (test_phone_extraction_control.PhoneRuntimeTest.test_unicode_vanity_and_malformed_format_do_not_reach_library) ... ok
2026-10-03T15:40:59.2091700Z test_all_384_targets_independent_replay_and_group_isolation (test_policy_controls_v6.PolicyControlsV6Test.test_all_384_targets_independent_replay_and_group_isolation) ... ok
2026-10-03T15:40:59.3647825Z test_corrupted_target_incomplete_group_and_frozen_output (test_policy_controls_v6.PolicyControlsV6Test.test_corrupted_target_incomplete_group_and_frozen_output) ... ok
2026-10-03T15:40:59.3667059Z test_latest_signature_scope_revocation_and_one_cent (test_policy_controls_v6.PolicyControlsV6Test.test_latest_signature_scope_revocation_and_one_cent) ... ok
2026-10-03T15:40:59.3672766Z test_refund_priority_exhaustive_48_boundary_cases (test_policy_controls_v6.PolicyControlsV6Test.test_refund_priority_exhaustive_48_boundary_cases) ... ok
2026-10-03T15:40:59.3812906Z test_untrusted_text_invariance_and_signed_policy_withdrawal (test_policy_controls_v6.PolicyControlsV6Test.test_untrusted_text_invariance_and_signed_policy_withdrawal) ... ok
2026-10-03T15:40:59.3904650Z test_audit_gate_requires_complete_matching_unchanged_capture (test_posttraining_evaluation.PosttrainingTests.test_audit_gate_requires_complete_matching_unchanged_capture) ... ok
2026-10-03T15:40:59.3907933Z test_busy_lease_does_not_even_query_cards (test_posttraining_evaluation.PosttrainingTests.test_busy_lease_does_not_even_query_cards) ... ok
2026-10-03T15:40:59.3910188Z test_changed_gpu_uuid_aborts (test_posttraining_evaluation.PosttrainingTests.test_changed_gpu_uuid_aborts) ... ok
2026-10-03T15:40:59.3973379Z test_failed_audit_and_wrong_checkpoint_never_open_gate (test_posttraining_evaluation.PosttrainingTests.test_failed_audit_and_wrong_checkpoint_never_open_gate) ... ok
2026-10-03T15:40:59.3985136Z test_failed_or_incomplete_final_training_never_becomes_ready (test_posttraining_evaluation.PosttrainingTests.test_failed_or_incomplete_final_training_never_becomes_ready) ... ok
2026-10-03T15:40:59.3989272Z test_finished_status_does_not_override_live_rank (test_posttraining_evaluation.PosttrainingTests.test_finished_status_does_not_override_live_rank) ... ok
2026-10-03T15:40:59.3992853Z test_foreign_gpu_process_blocks_allocation (test_posttraining_evaluation.PosttrainingTests.test_foreign_gpu_process_blocks_allocation) ... ok
2026-10-03T15:40:59.4070405Z test_full_sequence_uses_audit_barrier_and_preserves_pending (test_posttraining_evaluation.PosttrainingTests.test_full_sequence_uses_audit_barrier_and_preserves_pending) ... ok
2026-10-03T15:40:59.4074120Z test_missing_audit_waits_without_any_measurement (test_posttraining_evaluation.PosttrainingTests.test_missing_audit_waits_without_any_measurement) ... ok
2026-10-03T15:40:59.4082517Z test_nonzero_child_exit_stops_sequence (test_posttraining_evaluation.PosttrainingTests.test_nonzero_child_exit_stops_sequence) ... ok
2026-10-03T15:40:59.4093382Z test_owned_child_is_reaped_if_status_write_fails (test_posttraining_evaluation.PosttrainingTests.test_owned_child_is_reaped_if_status_write_fails) ... ok
2026-10-03T15:40:59.4102434Z test_plan_rejects_retired_supervisor_wrong_cards_and_noop_command (test_posttraining_evaluation.PosttrainingTests.test_plan_rejects_retired_supervisor_wrong_cards_and_noop_command) ... ok
2026-10-03T15:40:59.4111843Z test_prepare_only_does_not_query_processes_gpus_or_launch (test_posttraining_evaluation.PosttrainingTests.test_prepare_only_does_not_query_processes_gpus_or_launch) ... ok
2026-10-03T15:40:59.4115704Z test_real_lease_contention_is_not_bypassed (test_posttraining_evaluation.PosttrainingTests.test_real_lease_contention_is_not_bypassed) ... ok
2026-10-03T15:40:59.4120551Z test_reused_pid_aborts_without_signals (test_posttraining_evaluation.PosttrainingTests.test_reused_pid_aborts_without_signals) ... ok
2026-10-03T15:40:59.4132643Z test_service_requires_fixed_settings_every_measurement_and_cleanup (test_posttraining_evaluation.PosttrainingTests.test_service_requires_fixed_settings_every_measurement_and_cleanup) ... ok
2026-10-03T15:40:59.4137193Z test_successful_training_uses_actual_identity_not_stale_metadata_pid (test_posttraining_evaluation.PosttrainingTests.test_successful_training_uses_actual_identity_not_stale_metadata_pid) ... ok
2026-10-03T15:40:59.4142181Z test_zero_exit_does_not_replace_matching_expansion_artifacts (test_posttraining_evaluation.PosttrainingTests.test_zero_exit_does_not_replace_matching_expansion_artifacts) ... ok
2026-10-03T15:40:59.4144788Z test_bfloat16_cache_keeps_kernel_recurrent_state_in_float32 (test_prefix_cache.PrefixCacheTest.test_bfloat16_cache_keeps_kernel_recurrent_state_in_float32) ... skipped 'requires optional torch/transformers/peft train runtime'
2026-10-03T15:40:59.4147442Z test_candidate_and_question_permutations_remain_equivariant (test_prefix_cache.PrefixCacheTest.test_candidate_and_question_permutations_remain_equivariant) ... skipped 'requires optional torch/transformers/peft train runtime'
2026-10-03T15:40:59.4150642Z test_checkpoint_benchmark_runner_uses_real_cpu_paths_and_checks_parity (test_prefix_cache.PrefixCacheTest.test_checkpoint_benchmark_runner_uses_real_cpu_paths_and_checks_parity) ... skipped 'requires optional torch/transformers/peft train runtime'
2026-10-03T15:40:59.4152193Z test_fixture_detects_losing_each_kind_of_cache_state (test_prefix_cache.PrefixCacheTest.test_fixture_detects_losing_each_kind_of_cache_state) ... skipped 'requires optional torch/transformers/peft train runtime'
2026-10-03T15:40:59.4154168Z test_fork_isolates_every_cache_tensor_and_batched_continuations (test_prefix_cache.PrefixCacheTest.test_fork_isolates_every_cache_tensor_and_batched_continuations) ... skipped 'requires optional torch/transformers/peft train runtime'
2026-10-03T15:40:59.4156679Z test_lora_wrapper_is_active_on_cached_path (test_prefix_cache.PrefixCacheTest.test_lora_wrapper_is_active_on_cached_path) ... skipped 'requires optional torch/transformers/peft train runtime'
2026-10-03T15:40:59.4158649Z test_overlength_and_training_rejected_before_any_cached_forward (test_prefix_cache.PrefixCacheTest.test_overlength_and_training_rejected_before_any_cached_forward) ... skipped 'requires optional torch/transformers/peft train runtime'
2026-10-03T15:40:59.4160218Z test_predictor_choice_noul_score_probabilities_and_usage_match (test_prefix_cache.PrefixCacheTest.test_predictor_choice_noul_score_probabilities_and_usage_match) ... skipped 'requires optional torch/transformers/peft train runtime'
2026-10-03T15:40:59.4161949Z test_real_hybrid_logits_probabilities_and_observed_token_reuse (test_prefix_cache.PrefixCacheTest.test_real_hybrid_logits_probabilities_and_observed_token_reuse) ... skipped 'requires optional torch/transformers/peft train runtime'
2026-10-03T15:40:59.4163704Z test_requests_and_exception_paths_release_cache_and_preserve_inputs (test_prefix_cache.PrefixCacheTest.test_requests_and_exception_paths_release_cache_and_preserve_inputs) ... skipped 'requires optional torch/transformers/peft train runtime'
2026-10-03T15:40:59.4165326Z test_training_forward_is_uncached_and_adapter_head_gradients_survive (test_prefix_cache.PrefixCacheTest.test_training_forward_is_uncached_and_adapter_head_gradients_survive) ... skipped 'requires optional torch/transformers/peft train runtime'
2026-10-03T15:40:59.4166933Z test_zero_short_and_identical_prefixes_match_independent_scoring (test_prefix_cache.PrefixCacheTest.test_zero_short_and_identical_prefixes_match_independent_scoring) ... skipped 'requires optional torch/transformers/peft train runtime'
2026-10-03T15:40:59.4168335Z test_ragged_batches_match_uncached_scoring (test_prefix_cache_ragged.RaggedSuffixTest.test_ragged_batches_match_uncached_scoring) ... skipped 'requires torch, transformers and peft'
2026-10-03T15:40:59.4169536Z test_ragged_mode_uses_fewer_suffix_calls (test_prefix_cache_ragged.RaggedSuffixTest.test_ragged_mode_uses_fewer_suffix_calls) ... skipped 'requires torch, transformers and peft'
2026-10-03T15:40:59.4170782Z test_aliases_and_unordered_lists_cannot_launder_a_reserved_state (test_prepare_boundary_training_v7.BoundaryPreparationTest.test_aliases_and_unordered_lists_cannot_launder_a_reserved_state) ... ok
2026-10-03T15:40:59.4185257Z test_candidate_split_changed_after_independent_audit_is_rejected (test_prepare_boundary_training_v7.BoundaryPreparationTest.test_candidate_split_changed_after_independent_audit_is_rejected) ... ok
2026-10-03T15:40:59.4189944Z test_existing_output_and_uncommitted_source_fail_before_loading_data (test_prepare_boundary_training_v7.BoundaryPreparationTest.test_existing_output_and_uncommitted_source_fail_before_loading_data) ... ok
2026-10-03T15:40:59.4193408Z test_identifier_renaming_and_options_cannot_launder_old_test (test_prepare_boundary_training_v7.BoundaryPreparationTest.test_identifier_renaming_and_options_cannot_launder_old_test) ... ok
2026-10-03T15:40:59.4197140Z test_normalization_keeps_scope_relations_and_one_cent_facts (test_prepare_boundary_training_v7.BoundaryPreparationTest.test_normalization_keeps_scope_relations_and_one_cent_facts) ... ok
2026-10-03T15:40:59.4206867Z test_original_train_and_all_heldouts_are_reserved_against_new_copies (test_prepare_boundary_training_v7.BoundaryPreparationTest.test_original_train_and_all_heldouts_are_reserved_against_new_copies) ... ok
2026-10-03T15:40:59.4209917Z test_same_split_duplicate_or_identifier_alias_is_rejected (test_prepare_boundary_training_v7.BoundaryPreparationTest.test_same_split_duplicate_or_identifier_alias_is_rejected) ... ok
2026-10-03T15:40:59.4223952Z test_git_show_uses_captured_commit_when_head_changes (test_prepare_frontier_training_v8.CommittedSourceFixtures.test_git_show_uses_captured_commit_when_head_changes) ... ok
2026-10-03T15:40:59.4245909Z test_inherited_git_context_cannot_redirect_source_identity (test_prepare_frontier_training_v8.CommittedSourceFixtures.test_inherited_git_context_cannot_redirect_source_identity) ... ok
2026-10-03T15:40:59.4264983Z test_scope_checks_bound_files_only_and_rejects_dirty_source (test_prepare_frontier_training_v8.CommittedSourceFixtures.test_scope_checks_bound_files_only_and_rejects_dirty_source) ... ok
2026-10-03T15:40:59.4272184Z test_untracked_source_cannot_claim_head_provenance (test_prepare_frontier_training_v8.CommittedSourceFixtures.test_untracked_source_cannot_claim_head_provenance) ... ok
2026-10-03T15:40:59.4278395Z test_wrong_toplevel_stops_before_reading_commit_or_source (test_prepare_frontier_training_v8.CommittedSourceFixtures.test_wrong_toplevel_stops_before_reading_commit_or_source) ... ok
2026-10-03T15:40:59.8852065Z test_blocked_full_variant_never_reads_reserved_or_creates_output (test_prepare_frontier_training_v8.PackingFixtures.test_blocked_full_variant_never_reads_reserved_or_creates_output) ... ok
2026-10-03T15:41:00.6155387Z test_declared_derivative_preserves_raw_lines_order_metadata_and_reserved_bytes (test_prepare_frontier_training_v8.PackingFixtures.test_declared_derivative_preserves_raw_lines_order_metadata_and_reserved_bytes) ... ok
2026-10-03T15:41:01.5891001Z test_exclusion_cannot_duplicate_or_name_a_new_parent (test_prepare_frontier_training_v8.PackingFixtures.test_exclusion_cannot_duplicate_or_name_a_new_parent) ... ok
2026-10-03T15:41:01.5895296Z test_existing_output_fails_before_reading_inputs (test_prepare_frontier_training_v8.PackingFixtures.test_existing_output_fails_before_reading_inputs) ... ok
2026-10-03T15:41:02.4201320Z test_forged_manifest_and_wrong_new_reserved_hash_stop_before_output (test_prepare_frontier_training_v8.PackingFixtures.test_forged_manifest_and_wrong_new_reserved_hash_stop_before_output) ... ok
2026-10-03T15:41:02.4210836Z test_misassigned_split_duplicate_id_parent_and_visible_input_are_rejected (test_prepare_frontier_training_v8.PackingFixtures.test_misassigned_split_duplicate_id_parent_and_visible_input_are_rejected) ... ok
2026-10-03T15:41:02.9670129Z test_old_pass_receipt_cannot_authorize_different_parent_declaration (test_prepare_frontier_training_v8.PackingFixtures.test_old_pass_receipt_cannot_authorize_different_parent_declaration) ... ok
2026-10-03T15:41:03.5098519Z test_passed_derivative_receipt_cannot_silently_filter_full_inputs (test_prepare_frontier_training_v8.PackingFixtures.test_passed_derivative_receipt_cannot_silently_filter_full_inputs) ... ok
2026-10-03T15:41:03.7677272Z test_renamed_observed_row_cannot_replace_locked_train (test_prepare_frontier_training_v8.PackingFixtures.test_renamed_observed_row_cannot_replace_locked_train) ... ok
2026-10-03T15:41:03.7792850Z test_changed_bytes_and_wrong_split_are_rejected_before_output_creation (test_prepare_policy_training_v6.PolicyTrainingPreparationTests.test_changed_bytes_and_wrong_split_are_rejected_before_output_creation) ... ok
2026-10-03T15:41:03.7927217Z test_cross_source_train_to_test_group_leak_is_rejected (test_prepare_policy_training_v6.PolicyTrainingPreparationTests.test_cross_source_train_to_test_group_leak_is_rejected) ... ok
2026-10-03T15:41:03.8125162Z test_observed_regression_order_and_original_hashes_are_frozen (test_prepare_policy_training_v6.PolicyTrainingPreparationTests.test_observed_regression_order_and_original_hashes_are_frozen) ... ok
2026-10-03T15:41:03.8260800Z test_observed_selection_hash_mismatch_and_overwrite_are_rejected (test_prepare_policy_training_v6.PolicyTrainingPreparationTests.test_observed_selection_hash_mismatch_and_overwrite_are_rejected) ... ok
2026-10-03T15:41:03.8457918Z test_only_train_is_mixed_and_existing_loader_consumes_one_full_pass (test_prepare_policy_training_v6.PolicyTrainingPreparationTests.test_only_train_is_mixed_and_existing_loader_consumes_one_full_pass) ... ok
2026-10-03T15:41:03.8560970Z test_rewritten_v6_rows_and_manifest_cannot_change_public_frozen_candidate (test_prepare_policy_training_v6.PolicyTrainingPreparationTests.test_rewritten_v6_rows_and_manifest_cannot_change_public_frozen_candidate) ... ok
2026-10-03T15:41:03.8563784Z test_missing_error_soft_targets_and_probability_rounding_are_separate (test_provider_quality.QualityTest.test_missing_error_soft_targets_and_probability_rounding_are_separate) ... ok
2026-10-03T15:41:03.8569208Z test_gold_and_metadata_excluded_and_all_forms_roundtrip (test_provider_suite.ProviderSuiteTest.test_gold_and_metadata_excluded_and_all_forms_roundtrip) ... ok
2026-10-03T15:41:03.8575278Z test_file_split_mismatch_fails_before_writing (test_public_data.MixDataTests.test_file_split_mismatch_fails_before_writing) ... ok
2026-10-03T15:41:03.8768877Z test_mixed_counts_and_metadata_validate (test_public_data.MixDataTests.test_mixed_counts_and_metadata_validate) ... ok
2026-10-03T15:41:03.8774056Z test_identical_inputs_with_conflicting_labels_fail (test_public_data.PublicDataTests.test_identical_inputs_with_conflicting_labels_fail) ... ok
2026-10-03T15:41:03.8791501Z test_passage_group_isolation_and_import_provenance (test_public_data.PublicDataTests.test_passage_group_isolation_and_import_provenance) ... ok
2026-10-03T15:41:03.8809586Z test_all_public_examples_compile_without_generation (test_recipes.RecipesTest.test_all_public_examples_compile_without_generation) ... ok
2026-10-03T15:41:03.8811177Z test_date_reference_rollover_and_invalid_dates (test_recipes.RecipesTest.test_date_reference_rollover_and_invalid_dates) ... ok
2026-10-03T15:41:03.8812820Z test_extraction_is_verbatim_and_missing_value_stays_missing (test_recipes.RecipesTest.test_extraction_is_verbatim_and_missing_value_stays_missing) ... ok
2026-10-03T15:41:03.8814594Z test_markdown_preserves_code_with_fences (test_recipes.RecipesTest.test_markdown_preserves_code_with_fences) ... ok
2026-10-03T15:41:03.8816001Z test_multiline_quote_and_list_retain_structure (test_recipes.RecipesTest.test_multiline_quote_and_list_retain_structure) ... ok
2026-10-03T15:41:03.8817543Z test_speculative_tool_args_are_not_executed_or_mixed (test_recipes.RecipesTest.test_speculative_tool_args_are_not_executed_or_mixed) ... ok
2026-10-03T15:41:03.8818958Z test_tool_key_collisions_and_reserved_candidates_rejected (test_recipes.RecipesTest.test_tool_key_collisions_and_reserved_candidates_rejected) ... ok
2026-10-03T15:41:03.8829942Z test_calibration_fit_matches_analytic_binary_maximum_likelihood (test_replay_boundary_comparison_v7.IndependentArithmeticAndAlignmentTests.test_calibration_fit_matches_analytic_binary_maximum_likelihood) ... ok
2026-10-03T15:41:03.8838854Z test_empty_partial_duplicate_failed_hash_order_target_and_logit_tampering (test_replay_boundary_comparison_v7.IndependentArithmeticAndAlignmentTests.test_empty_partial_duplicate_failed_hash_order_target_and_logit_tampering) ... ok
2026-10-03T15:41:03.8841051Z test_inclusive_thresholds_and_adjacent_floats (test_replay_boundary_comparison_v7.IndependentArithmeticAndAlignmentTests.test_inclusive_thresholds_and_adjacent_floats) ... ok
2026-10-03T15:41:03.8843699Z test_invalid_probability_inputs_and_structured_evidence_comparison (test_replay_boundary_comparison_v7.IndependentArithmeticAndAlignmentTests.test_invalid_probability_inputs_and_structured_evidence_comparison) ... ok
2026-10-03T15:41:03.8846468Z test_metrics_have_hand_computed_nll_brier_ece_and_abstention_denominators (test_replay_boundary_comparison_v7.IndependentArithmeticAndAlignmentTests.test_metrics_have_hand_computed_nll_brier_ece_and_abstention_denominators) ... ok
2026-10-03T15:41:03.8849224Z test_wrong_accepted_predicates_at_both_thresholds_are_not_execution (test_replay_boundary_comparison_v7.IndependentArithmeticAndAlignmentTests.test_wrong_accepted_predicates_at_both_thresholds_are_not_execution) ... ok
2026-10-03T15:41:03.8851672Z test_bare_prefixed_case_variants_match_without_changing_raw_evidence (test_replay_boundary_comparison_v7.IndependentGpuRuntimeTests.test_bare_prefixed_case_variants_match_without_changing_raw_evidence) ... ok
2026-10-03T15:41:03.8854286Z test_full_uuid_accepts_only_optional_exact_prefix_and_hex_case (test_replay_boundary_comparison_v7.IndependentGpuRuntimeTests.test_full_uuid_accepts_only_optional_exact_prefix_and_hex_case) ... ok
2026-10-03T15:41:03.8856670Z test_malformed_mig_ordinals_lists_and_nonstrings_are_rejected (test_replay_boundary_comparison_v7.IndependentGpuRuntimeTests.test_malformed_mig_ordinals_lists_and_nonstrings_are_rejected) ... ok
2026-10-03T15:41:03.8865103Z test_other_runtime_fields_are_exact_including_tiny_changes_and_types (test_replay_boundary_comparison_v7.IndependentGpuRuntimeTests.test_other_runtime_fields_are_exact_including_tiny_changes_and_types) ... ok
2026-10-03T15:41:03.8868542Z test_real_different_device_and_invalid_recorded_identifiers_are_rejected (test_replay_boundary_comparison_v7.IndependentGpuRuntimeTests.test_real_different_device_and_invalid_recorded_identifiers_are_rejected) ... ok
2026-10-03T15:41:03.8871553Z test_visible_devices_stays_exact_original_receipt (test_replay_boundary_comparison_v7.IndependentGpuRuntimeTests.test_visible_devices_stays_exact_original_receipt) ... ok
2026-10-03T15:41:03.8874826Z test_absolute_interval_endpoints_exception_and_gregorian_centuries (test_replay_boundary_comparison_v7.IndependentOutcomeTests.test_absolute_interval_endpoints_exception_and_gregorian_centuries) ... ok
2026-10-03T15:41:03.8884658Z test_dangerous_choice_uses_actual_state_without_a_confidence_cutoff (test_replay_boundary_comparison_v7.IndependentOutcomeTests.test_dangerous_choice_uses_actual_state_without_a_confidence_cutoff) ... ok
2026-10-03T15:41:03.8886833Z test_integer_ledgers_negative_formatting_and_cancellation (test_replay_boundary_comparison_v7.IndependentOutcomeTests.test_integer_ledgers_negative_formatting_and_cancellation) ... ok
2026-10-03T15:41:03.8889048Z test_joint_exact_scope_missing_role_and_revoke_precedence (test_replay_boundary_comparison_v7.IndependentOutcomeTests.test_joint_exact_scope_missing_role_and_revoke_precedence) ... ok
2026-10-03T15:41:03.8891506Z test_joint_regrant_capacity_equality_lowering_and_legacy_outer_scope (test_replay_boundary_comparison_v7.IndependentOutcomeTests.test_joint_regrant_capacity_equality_lowering_and_legacy_outer_scope) ... ok
2026-10-03T15:41:03.8893968Z test_policy_authority_withdrawal_fraud_and_limit_priority (test_replay_boundary_comparison_v7.IndependentOutcomeTests.test_policy_authority_withdrawal_fraud_and_limit_priority) ... ok
2026-10-03T15:41:03.8896015Z test_structural_role_labels_separate_missing_scope_from_other_role_noise (test_replay_boundary_comparison_v7.IndependentOutcomeTests.test_structural_role_labels_separate_missing_scope_from_other_role_noise) ... ok
2026-10-03T15:41:03.8912143Z test_five_serving_files_have_exact_profile_and_positive_temperature (test_replay_boundary_comparison_v7.IndependentPackageProofTests.test_five_serving_files_have_exact_profile_and_positive_temperature) ... ok
2026-10-03T15:41:03.8922955Z test_missing_fourth_new_source_replay_is_rejected_before_git (test_replay_boundary_comparison_v7.IndependentPackageProofTests.test_missing_fourth_new_source_replay_is_rejected_before_git) ... ok
2026-10-03T15:41:03.8976526Z test_optional_peft_readme_preserves_serving_identity_but_changes_full_proof (test_replay_boundary_comparison_v7.IndependentPackageProofTests.test_optional_peft_readme_preserves_serving_identity_but_changes_full_proof) ... ok
2026-10-03T15:41:03.8996622Z test_optional_readme_cannot_replace_missing_serving_or_allow_an_extra_file (test_replay_boundary_comparison_v7.IndependentPackageProofTests.test_optional_readme_cannot_replace_missing_serving_or_allow_an_extra_file) ... ok
2026-10-03T15:41:03.9089741Z test_profile_and_temperature_tampering_are_rejected (test_replay_boundary_comparison_v7.IndependentPackageProofTests.test_profile_and_temperature_tampering_are_rejected) ... ok
2026-10-03T15:41:03.9181722Z test_complete_offline_provenance_replays_without_live_processes_or_rewriting_origin (test_replay_boundary_comparison_v7.IndependentSupplementProvenanceTests.test_complete_offline_provenance_replays_without_live_processes_or_rewriting_origin) ... ok
2026-10-03T15:41:03.9273677Z test_consumed_s1_identity_cannot_be_reused_for_new_supplement (test_replay_boundary_comparison_v7.IndependentSupplementProvenanceTests.test_consumed_s1_identity_cannot_be_reused_for_new_supplement) ... ok
2026-10-03T15:41:03.9556960Z test_declaration_source_plan_checkpoint_device_and_hash_tampering_are_rejected (test_replay_boundary_comparison_v7.IndependentSupplementProvenanceTests.test_declaration_source_plan_checkpoint_device_and_hash_tampering_are_rejected) ... ok
2026-10-03T15:41:03.9767283Z test_failed_origin_code_inventory_or_added_prediction_cannot_be_replaced (test_replay_boundary_comparison_v7.IndependentSupplementProvenanceTests.test_failed_origin_code_inventory_or_added_prediction_cannot_be_replaced) ... ok
2026-10-03T15:41:03.9955600Z test_final_launch_verification_seals_both_query_time_boundaries_and_timezone (test_replay_boundary_comparison_v7.IndependentSupplementProvenanceTests.test_final_launch_verification_seals_both_query_time_boundaries_and_timezone) ... ok
2026-10-03T15:41:04.0061111Z test_foreign_source_checkout_cannot_replace_exact_nested_evaluation_source (test_replay_boundary_comparison_v7.IndependentSupplementProvenanceTests.test_foreign_source_checkout_cannot_replace_exact_nested_evaluation_source) ... ok
2026-10-03T15:41:04.0934332Z test_metadata_types_guard_aliases_and_timezone_are_strict_without_live_checks (test_replay_boundary_comparison_v7.IndependentSupplementProvenanceTests.test_metadata_types_guard_aliases_and_timezone_are_strict_without_live_checks) ... ok
2026-10-03T15:41:04.1233428Z test_missing_naive_invalid_future_or_query_expired_final_verification_is_rejected (test_replay_boundary_comparison_v7.IndependentSupplementProvenanceTests.test_missing_naive_invalid_future_or_query_expired_final_verification_is_rejected) ... ok
2026-10-03T15:41:04.1288306Z test_nested_source_symlink_cannot_escape_to_foreign_checkout (test_replay_boundary_comparison_v7.IndependentSupplementProvenanceTests.test_nested_source_symlink_cannot_escape_to_foreign_checkout) ... ok
2026-10-03T15:41:04.2350534Z test_nested_task_still_rejects_both_directions_of_preserved_evidence_overlap (test_replay_boundary_comparison_v7.IndependentSupplementProvenanceTests.test_nested_task_still_rejects_both_directions_of_preserved_evidence_overlap) ... ok
2026-10-03T15:41:04.3063568Z test_new_attempt_plan_resource_and_preflight_cannot_be_bypassed (test_replay_boundary_comparison_v7.IndependentSupplementProvenanceTests.test_new_attempt_plan_resource_and_preflight_cannot_be_bypassed) ... ok
2026-10-03T15:41:04.3110093Z test_optional_cli_and_locked_provenance_cannot_bypass_ordinary_binding (test_replay_boundary_comparison_v7.IndependentSupplementProvenanceTests.test_optional_cli_and_locked_provenance_cannot_bypass_ordinary_binding) ... ok
2026-10-03T15:41:04.3324512Z test_original_receipt_request_bytes_and_output_tampering_are_rejected (test_replay_boundary_comparison_v7.IndependentSupplementProvenanceTests.test_original_receipt_request_bytes_and_output_tampering_are_rejected) ... ok
2026-10-03T15:41:04.3712913Z test_original_restoration_requires_full_true_checks_and_all_owned_exits (test_replay_boundary_comparison_v7.IndependentSupplementProvenanceTests.test_original_restoration_requires_full_true_checks_and_all_owned_exits) ... ok
2026-10-03T15:41:04.4019817Z test_resource_lock_raw_hash_completion_and_committed_declaration_are_required (test_replay_boundary_comparison_v7.IndependentSupplementProvenanceTests.test_resource_lock_raw_hash_completion_and_committed_declaration_are_required) ... ok
2026-10-03T15:41:04.4843360Z test_reviewed_controller_command_cwd_and_persisted_launch_freshness (test_replay_boundary_comparison_v7.IndependentSupplementProvenanceTests.test_reviewed_controller_command_cwd_and_persisted_launch_freshness) ... ok
2026-10-03T15:41:04.6114253Z test_all_eight_portable_slices_and_actual_observed_denominators (test_replay_boundary_comparison_v7.IndependentWholeComparisonTests.test_all_eight_portable_slices_and_actual_observed_denominators) ... ok
2026-10-03T15:41:04.7453619Z test_family_coverage_31_vs_32_all_abstain_and_single_accepted_error (test_replay_boundary_comparison_v7.IndependentWholeComparisonTests.test_family_coverage_31_vs_32_all_abstain_and_single_accepted_error) ... ok
2026-10-03T15:41:04.8358600Z test_observed_conservative_errors_cannot_bypass_safety_checks (test_replay_boundary_comparison_v7.IndependentWholeComparisonTests.test_observed_conservative_errors_cannot_bypass_safety_checks) ... ok
2026-10-03T15:41:04.8364920Z test_paired_transitions_conserve_rows_and_report_every_regression (test_replay_boundary_comparison_v7.IndependentWholeComparisonTests.test_paired_transitions_conserve_rows_and_report_every_regression) ... ok
2026-10-03T15:41:04.8372875Z test_alignment_detects_content_sequence_logits_and_memory (test_replay_frontier_comparison_v8.ReplayTests.test_alignment_detects_content_sequence_logits_and_memory) ... ok
2026-10-03T15:41:04.8377370Z test_calibration_fit_has_known_optimum_and_split_guard (test_replay_frontier_comparison_v8.ReplayTests.test_calibration_fit_has_known_optimum_and_split_guard) ... ok
2026-10-03T15:41:04.8401206Z test_checkpoint_base_and_adapter_contract (test_replay_frontier_comparison_v8.ReplayTests.test_checkpoint_base_and_adapter_contract) ... ok
2026-10-03T15:41:04.9133975Z test_completed_training_and_unicode_calibration_provenance (test_replay_frontier_comparison_v8.ReplayTests.test_completed_training_and_unicode_calibration_provenance) ... ok
2026-10-03T15:41:05.0337256Z test_completed_training_rejects_claimed_error_and_nonmonotonic_steps (test_replay_frontier_comparison_v8.ReplayTests.test_completed_training_rejects_claimed_error_and_nonmonotonic_steps) ... ok
2026-10-03T15:41:05.0382000Z test_failed_exclusive_replay_remains_consumed (test_replay_frontier_comparison_v8.ReplayTests.test_failed_exclusive_replay_remains_consumed) ... ok
2026-10-03T15:41:05.0384315Z test_inclusive_predicate_and_ties (test_replay_frontier_comparison_v8.ReplayTests.test_inclusive_predicate_and_ties) ... ok
2026-10-03T15:41:05.0391126Z test_inventory_rejects_symlink_fifo_and_unexpected_sources (test_replay_frontier_comparison_v8.ReplayTests.test_inventory_rejects_symlink_fifo_and_unexpected_sources) ... ok
2026-10-03T15:41:05.0392788Z test_known_brier_nll_ece_and_empty (test_replay_frontier_comparison_v8.ReplayTests.test_known_brier_nll_ece_and_empty) ... ok
2026-10-03T15:41:05.0829584Z test_no_model_or_comparator_import_in_independent_replay (test_replay_frontier_comparison_v8.ReplayTests.test_no_model_or_comparator_import_in_independent_replay) ... ok
2026-10-03T15:41:05.0832780Z test_paired_regressions_fixes_and_threshold_changes (test_replay_frontier_comparison_v8.ReplayTests.test_paired_regressions_fixes_and_threshold_changes) ... ok
2026-10-03T15:41:05.0842409Z test_plan_rejects_changed_safety_temperature_runtime_and_timing (test_replay_frontier_comparison_v8.ReplayTests.test_plan_rejects_changed_safety_temperature_runtime_and_timing) ... ok
2026-10-03T15:41:05.1314729Z test_source_freeze_rejects_dirty_tree_and_scrubs_git_environment (test_replay_frontier_comparison_v8.ReplayTests.test_source_freeze_rejects_dirty_tree_and_scrubs_git_environment) ... ok
2026-10-03T15:41:05.1316978Z test_strict_json_nonfinite_and_duplicate_keys (test_replay_frontier_comparison_v8.ReplayTests.test_strict_json_nonfinite_and_duplicate_keys) ... ok
2026-10-03T15:41:05.1322333Z test_timing_keeps_cold_outlier_and_nearest_rank (test_replay_frontier_comparison_v8.ReplayTests.test_timing_keeps_cold_outlier_and_nearest_rank) ... ok
2026-10-03T15:41:05.1352355Z test_consumed_s1_identity_cannot_be_reused_for_new_supplement (test_run_boundary_comparison_supplement_v7.ComparisonSupplementTests.test_consumed_s1_identity_cannot_be_reused_for_new_supplement) ... ok
2026-10-03T15:41:05.1389699Z test_declaration_and_origin_identity_cannot_be_silently_changed (test_run_boundary_comparison_supplement_v7.ComparisonSupplementTests.test_declaration_and_origin_identity_cannot_be_silently_changed) ... ok
2026-10-03T15:41:05.1470123Z test_direct_comparator_cannot_skip_preflight_package_or_restoration_guard (test_run_boundary_comparison_supplement_v7.ComparisonSupplementTests.test_direct_comparator_cannot_skip_preflight_package_or_restoration_guard) ... ok
2026-10-03T15:41:05.1508295Z test_exclusive_fsynced_lock_cannot_be_overwritten (test_run_boundary_comparison_supplement_v7.ComparisonSupplementTests.test_exclusive_fsynced_lock_cannot_be_overwritten) ... ok
2026-10-03T15:41:05.1645155Z test_gpu_queries_cannot_expire_resource_or_hide_lost_controller (test_run_boundary_comparison_supplement_v7.ComparisonSupplementTests.test_gpu_queries_cannot_expire_resource_or_hide_lost_controller) ... ok
2026-10-03T15:41:05.1821240Z test_incomplete_restoration_and_live_process_rejected_even_if_rehashed (test_run_boundary_comparison_supplement_v7.ComparisonSupplementTests.test_incomplete_restoration_and_live_process_rejected_even_if_rehashed) ... ok
2026-10-03T15:41:05.1925060Z test_input_hardware_runtime_and_output_overrides_refused (test_run_boundary_comparison_supplement_v7.ComparisonSupplementTests.test_input_hardware_runtime_and_output_overrides_refused) ... ok
2026-10-03T15:41:05.2001247Z test_launch_requires_current_process_new_session_lock_and_live_resource (test_run_boundary_comparison_supplement_v7.ComparisonSupplementTests.test_launch_requires_current_process_new_session_lock_and_live_resource) ... ok
2026-10-03T15:41:05.2165962Z test_new_task_disjoint_from_original_task_dataset_and_checkpoint (test_run_boundary_comparison_supplement_v7.ComparisonSupplementTests.test_new_task_disjoint_from_original_task_dataset_and_checkpoint) ... ok
2026-10-03T15:41:05.2280211Z test_origin_bytes_or_extra_predictions_fail (test_run_boundary_comparison_supplement_v7.ComparisonSupplementTests.test_origin_bytes_or_extra_predictions_fail) ... ok
2026-10-03T15:41:05.2321614Z test_origin_preserved_and_cpu_provenance_complete (test_run_boundary_comparison_supplement_v7.ComparisonSupplementTests.test_origin_preserved_and_cpu_provenance_complete) ... ok
2026-10-03T15:41:05.2385216Z test_resource_failure_cannot_be_bypassed (test_run_boundary_comparison_supplement_v7.ComparisonSupplementTests.test_resource_failure_cannot_be_bypassed) ... ok
2026-10-03T15:41:05.2412639Z test_restoration_guard_cannot_alias_controller_or_driver (test_run_boundary_comparison_supplement_v7.ComparisonSupplementTests.test_restoration_guard_cannot_alias_controller_or_driver) ... ok
2026-10-03T15:41:05.2467763Z test_source_requires_exact_canonical_nested_layout (test_run_boundary_comparison_supplement_v7.ComparisonSupplementTests.test_source_requires_exact_canonical_nested_layout) ... ok
2026-10-03T15:41:05.2505372Z test_source_symlink_and_resolved_external_target_rejected (test_run_boundary_comparison_supplement_v7.ComparisonSupplementTests.test_source_symlink_and_resolved_external_target_rejected) ... ok
2026-10-03T15:41:05.2510799Z test_attempt_receipt_cannot_be_overwritten (test_run_boundary_training_v7.PathAndAttemptTests.test_attempt_receipt_cannot_be_overwritten) ... ok
2026-10-03T15:41:05.3480726Z test_complete_steps_and_finite_fields_required_without_resume_snapshot (test_run_boundary_training_v7.PathAndAttemptTests.test_complete_steps_and_finite_fields_required_without_resume_snapshot) ... ok
2026-10-03T15:41:05.3492513Z test_duplicate_driver_refusal_does_not_relabel_prior_attempt_as_failure (test_run_boundary_training_v7.PathAndAttemptTests.test_duplicate_driver_refusal_does_not_relabel_prior_attempt_as_failure) ... ok
2026-10-03T15:41:05.3526521Z test_refuse_existing_output_nested_input_parent_and_placeholder (test_run_boundary_training_v7.PathAndAttemptTests.test_refuse_existing_output_nested_input_parent_and_placeholder) ... ok
2026-10-03T15:41:05.3540841Z test_translation_changes_only_three_paths_and_preserves_frozen_plan (test_run_boundary_training_v7.PathAndAttemptTests.test_translation_changes_only_three_paths_and_preserves_frozen_plan) ... ok
2026-10-03T15:41:05.3576930Z test_stale_proof_guard_birth_compute_process_and_busy_gpu_are_refused (test_run_boundary_training_v7.ResourceProofTests.test_stale_proof_guard_birth_compute_process_and_busy_gpu_are_refused) ... ok
2026-10-03T15:41:05.3579720Z test_data_runtime_stage_and_base_tampering_refused_before_model (test_run_boundary_training_v7.StagingTests.test_data_runtime_stage_and_base_tampering_refused_before_model) ... skipped 'Frozen local mixture is not shipped in portable CI'
2026-10-03T15:41:05.3582934Z test_edited_or_live_trainer_refused_before_data_checkpoint_and_runtime_staging (test_run_boundary_training_v7.StagingTests.test_edited_or_live_trainer_refused_before_data_checkpoint_and_runtime_staging) ... skipped 'Frozen local mixture is not shipped in portable CI'
2026-10-03T15:41:05.3586105Z test_old_attempt_cannot_reenter_preflight (test_run_boundary_training_v7.StagingTests.test_old_attempt_cannot_reenter_preflight) ... skipped 'Frozen local mixture is not shipped in portable CI'
2026-10-03T15:41:05.3588932Z test_real_frozen_data_preflight_without_gpu_acquisition (test_run_boundary_training_v7.StagingTests.test_real_frozen_data_preflight_without_gpu_acquisition) ... skipped 'Frozen local mixture is not shipped in portable CI'
2026-10-03T15:41:05.3698188Z test_changed_dirty_or_wrong_source_checkout_is_rejected (test_run_frontier_native_v8.NativeDeclarationTests.test_changed_dirty_or_wrong_source_checkout_is_rejected) ... ok
2026-10-03T15:41:05.3740577Z test_execute_refuses_before_declared_paths_or_optional_imports (test_run_frontier_native_v8.NativeDeclarationTests.test_execute_refuses_before_declared_paths_or_optional_imports) ... ok
2026-10-03T15:41:05.3799830Z test_hash_inventory_and_published_installation_references_are_bound (test_run_frontier_native_v8.NativeDeclarationTests.test_hash_inventory_and_published_installation_references_are_bound) ... ok
2026-10-03T15:41:05.3864395Z test_ready_flags_extra_keys_and_changed_gradient_policy_cannot_unlock (test_run_frontier_native_v8.NativeDeclarationTests.test_ready_flags_extra_keys_and_changed_gradient_policy_cannot_unlock) ... ok
2026-10-03T15:41:05.3919013Z test_symlink_escape_and_nonrelative_inventory_are_rejected (test_run_frontier_native_v8.NativeDeclarationTests.test_symlink_escape_and_nonrelative_inventory_are_rejected) ... ok
2026-10-03T15:41:05.4000571Z test_verified_source_retains_unarmed_and_unobserved_result (test_run_frontier_native_v8.NativeDeclarationTests.test_verified_source_retains_unarmed_and_unobserved_result) ... ok
2026-10-03T15:41:05.4795553Z test_attempt_is_consumed_even_when_preflight_fails (test_run_frontier_training_v8.DriverFixtures.test_attempt_is_consumed_even_when_preflight_fails) ... ok
2026-10-03T15:41:05.8054172Z test_changed_calibration_labels_initial_identity_reload_or_phase_rejected (test_run_frontier_training_v8.DriverFixtures.test_changed_calibration_labels_initial_identity_reload_or_phase_rejected) ... ok
2026-10-03T15:41:06.1872455Z test_changed_data_checkpoint_and_base_rejected (test_run_frontier_training_v8.DriverFixtures.test_changed_data_checkpoint_and_base_rejected) ... ok
2026-10-03T15:41:06.2451976Z test_changed_plan_or_freeze_bytes_rejected (test_run_frontier_training_v8.DriverFixtures.test_changed_plan_or_freeze_bytes_rejected) ... ok
2026-10-03T15:41:06.4554414Z test_complete_read_only_preflight_and_exact_deferred_command (test_run_frontier_training_v8.DriverFixtures.test_complete_read_only_preflight_and_exact_deferred_command) ... ok
2026-10-03T15:41:06.5308187Z test_dirty_source_and_different_commit_rejected (test_run_frontier_training_v8.DriverFixtures.test_dirty_source_and_different_commit_rejected) ... ok
2026-10-03T15:41:06.7397964Z test_git_environment_cannot_redirect_source (test_run_frontier_training_v8.DriverFixtures.test_git_environment_cannot_redirect_source) ... ok
2026-10-03T15:41:06.9498207Z test_hf_link_must_remain_inside_declared_cache (test_run_frontier_training_v8.DriverFixtures.test_hf_link_must_remain_inside_declared_cache) ... ok
2026-10-03T15:41:07.3002062Z test_incomplete_final_checkpoint_and_special_journal_rejected (test_run_frontier_training_v8.DriverFixtures.test_incomplete_final_checkpoint_and_special_journal_rejected) ... ok
2026-10-03T15:41:07.5691062Z test_incomplete_nonfinite_or_nonmonotonic_optimizer_steps_rejected (test_run_frontier_training_v8.DriverFixtures.test_incomplete_nonfinite_or_nonmonotonic_optimizer_steps_rejected) ... ok
2026-10-03T15:41:07.6261495Z test_old_attempt_protected_node_placeholder_overlap_and_existing_outputs_refused (test_run_frontier_training_v8.DriverFixtures.test_old_attempt_protected_node_placeholder_overlap_and_existing_outputs_refused) ... ok
2026-10-03T15:41:07.8964153Z test_real_trainer_journal_shape_without_options_is_supported (test_run_frontier_training_v8.DriverFixtures.test_real_trainer_journal_shape_without_options_is_supported) ... ok
2026-10-03T15:41:08.1069920Z test_reserved_files_are_never_parsed (test_run_frontier_training_v8.DriverFixtures.test_reserved_files_are_never_parsed) ... ok
2026-10-03T15:41:08.3173458Z test_resource_receipt_flag_cannot_unlock_execution (test_run_frontier_training_v8.DriverFixtures.test_resource_receipt_flag_cannot_unlock_execution) ... ok
2026-10-03T15:41:08.6747945Z test_runtime_lock_platform_or_stage_mutation_rejected (test_run_frontier_training_v8.DriverFixtures.test_runtime_lock_platform_or_stage_mutation_rejected) ... ok
2026-10-03T15:41:09.1377567Z test_runtime_version_or_position_shadowing_rejected (test_run_frontier_training_v8.DriverFixtures.test_runtime_version_or_position_shadowing_rejected) ... ok
2026-10-03T15:41:09.2047436Z test_source_inventory_cannot_claim_other_bytes (test_run_frontier_training_v8.DriverFixtures.test_source_inventory_cannot_claim_other_bytes) ... ok
2026-10-03T15:41:09.2792087Z test_special_manifest_or_plan_rejected_before_open (test_run_frontier_training_v8.DriverFixtures.test_special_manifest_or_plan_rejected_before_open) ... ok
2026-10-03T15:41:09.3740187Z test_symlink_and_special_dataset_leaf_rejected (test_run_frontier_training_v8.DriverFixtures.test_symlink_and_special_dataset_leaf_rejected) ... ok
2026-10-03T15:41:09.3764649Z test_bad_temperature (test_service_suite.ServiceSuiteTests.test_bad_temperature) ... ok
2026-10-03T15:41:09.3777831Z test_binding_policy_cannot_override_hostname_or_training_card (test_service_suite.ServiceSuiteTests.test_binding_policy_cannot_override_hostname_or_training_card) ... ok
2026-10-03T15:41:09.3860270Z test_browser_only_passes_checkpoint_identity_without_workflow_input (test_service_suite.ServiceSuiteTests.test_browser_only_passes_checkpoint_identity_without_workflow_input) ... ok
2026-10-03T15:41:09.3894941Z test_cli_guard_before_gpu_and_children (test_service_suite.ServiceSuiteTests.test_cli_guard_before_gpu_and_children) ... ok
2026-10-03T15:41:09.3900706Z test_command_workloads (test_service_suite.ServiceSuiteTests.test_command_workloads) ... ok
2026-10-03T15:41:09.3907814Z test_control_commands_pin_full_identity_and_complete_splits (test_service_suite.ServiceSuiteTests.test_control_commands_pin_full_identity_and_complete_splits) ... ok
2026-10-03T15:41:09.3969599Z test_control_preflight_failure_precedes_output_gpu_and_subprocesses (test_service_suite.ServiceSuiteTests.test_control_preflight_failure_precedes_output_gpu_and_subprocesses) ... ok
2026-10-03T15:41:09.3983291Z test_control_preflight_is_opt_in_and_uses_existing_frozen_loaders (test_service_suite.ServiceSuiteTests.test_control_preflight_is_opt_in_and_uses_existing_frozen_loaders) ... ok
2026-10-03T15:41:09.4161570Z test_controls_run_serially_retain_failures_and_clean_each_server (test_service_suite.ServiceSuiteTests.test_controls_run_serially_retain_failures_and_clean_each_server) ... ok
2026-10-03T15:41:09.4246914Z test_drone_only_pins_identity_and_keeps_gpu_cleanup (test_service_suite.ServiceSuiteTests.test_drone_only_pins_identity_and_keeps_gpu_cleanup) ... ok
2026-10-03T15:41:09.4254945Z test_existing_measurement_logs_not_overwritten (test_service_suite.ServiceSuiteTests.test_existing_measurement_logs_not_overwritten) ... ok
2026-10-03T15:41:09.4335458Z test_fatal_provider_collection_retains_summary_then_cleans_without_probe (test_service_suite.ServiceSuiteTests.test_fatal_provider_collection_retains_summary_then_cleans_without_probe) ... ok
2026-10-03T15:41:09.4489329Z test_frontier_only_runs_all_three_checkpoints_without_workflow_input (test_service_suite.ServiceSuiteTests.test_frontier_only_runs_all_three_checkpoints_without_workflow_input) ... ok
2026-10-03T15:41:09.4502904Z test_gpu_selection_and_busy_rejection (test_service_suite.ServiceSuiteTests.test_gpu_selection_and_busy_rejection) ... ok
2026-10-03T15:41:09.4523527Z test_hash_and_wrong_model (test_service_suite.ServiceSuiteTests.test_hash_and_wrong_model) ... ok
2026-10-03T15:41:09.4606596Z test_identity_mismatch_stops_and_cleans_server (test_service_suite.ServiceSuiteTests.test_identity_mismatch_stops_and_cleans_server) ... ok
2026-10-03T15:41:09.4849873Z test_larger_capacity_reaches_every_server_and_identity (test_service_suite.ServiceSuiteTests.test_larger_capacity_reaches_every_server_and_identity) ... ok
2026-10-03T15:41:09.5014641Z test_measurement_exit_and_live_pid_record (test_service_suite.ServiceSuiteTests.test_measurement_exit_and_live_pid_record) ... ok
2026-10-03T15:41:09.5025077Z test_measurement_interrupt_recorded_and_reaped (test_service_suite.ServiceSuiteTests.test_measurement_interrupt_recorded_and_reaped) ... ok
2026-10-03T15:41:09.5548314Z test_measurement_timeout_reaps_own_child (test_service_suite.ServiceSuiteTests.test_measurement_timeout_reaps_own_child) ... ok
2026-10-03T15:41:09.5571369Z test_missing_browser_cases_rejected_before_gpu_or_spawn (test_service_suite.ServiceSuiteTests.test_missing_browser_cases_rejected_before_gpu_or_spawn) ... ok
2026-10-03T15:41:09.5589532Z test_missing_drone_cases_rejected_before_gpu_or_spawn (test_service_suite.ServiceSuiteTests.test_missing_drone_cases_rejected_before_gpu_or_spawn) ... ok
2026-10-03T15:41:09.5614948Z test_nan_timeout_rejected_on_authorized_host (test_service_suite.ServiceSuiteTests.test_nan_timeout_rejected_on_authorized_host) ... ok
2026-10-03T15:41:09.5663593Z test_nonpositive_server_capacity_rejected_before_gpu_or_spawn (test_service_suite.ServiceSuiteTests.test_nonpositive_server_capacity_rejected_before_gpu_or_spawn) ... ok
2026-10-03T15:41:09.5695257Z test_probe_rejects_changed_identity_and_invalid_probability (test_service_suite.ServiceSuiteTests.test_probe_rejects_changed_identity_and_invalid_probability) ... ok
2026-10-03T15:41:09.5717035Z test_provider_commands_keep_gold_out_of_inference_and_pin_identity (test_service_suite.ServiceSuiteTests.test_provider_commands_keep_gold_out_of_inference_and_pin_identity) ... ok
2026-10-03T15:41:09.5749053Z test_provider_preflight_pins_manifests_files_and_gold_alignment (test_service_suite.ServiceSuiteTests.test_provider_preflight_pins_manifests_files_and_gold_alignment) ... ok
2026-10-03T15:41:09.5776085Z test_provider_preflight_rejection_precedes_output_gpu_and_children (test_service_suite.ServiceSuiteTests.test_provider_preflight_rejection_precedes_output_gpu_and_children) ... ok
2026-10-03T15:41:09.5998932Z test_provider_quality_runs_all_five_suites_before_releasing_each_model (test_service_suite.ServiceSuiteTests.test_provider_quality_runs_all_five_suites_before_releasing_each_model) ... ok
2026-10-03T15:41:09.6055119Z test_provider_raw_binding_preserves_types_order_and_strict_decoding (test_service_suite.ServiceSuiteTests.test_provider_raw_binding_preserves_types_order_and_strict_decoding) ... ok
2026-10-03T15:41:09.6105020Z test_provider_summary_rechecks_raw_identity_and_retains_partial_denominator (test_service_suite.ServiceSuiteTests.test_provider_summary_rechecks_raw_identity_and_retains_partial_denominator) ... ok
2026-10-03T15:41:09.6116063Z test_readiness_requires_own_log (test_service_suite.ServiceSuiteTests.test_readiness_requires_own_log) ... ok
2026-10-03T15:41:09.6141470Z test_repeated_or_unknown_model_rejected_before_gpu_or_spawn (test_service_suite.ServiceSuiteTests.test_repeated_or_unknown_model_rejected_before_gpu_or_spawn) ... ok
2026-10-03T15:41:09.6218793Z test_selected_checkpoint_does_not_require_other_model_files (test_service_suite.ServiceSuiteTests.test_selected_checkpoint_does_not_require_other_model_files) ... ok
2026-10-03T15:41:09.6297880Z test_stopped_trec_retains_summary_and_cleans_before_any_next_probe (test_service_suite.ServiceSuiteTests.test_stopped_trec_retains_summary_and_cleans_before_any_next_probe) ... ok
2026-10-03T15:41:09.6558794Z test_three_models_serial_semantic_failure_continues_latency_last (test_service_suite.ServiceSuiteTests.test_three_models_serial_semantic_failure_continues_latency_last) ... ok
2026-10-03T15:41:09.6573526Z test_trec_commands_pin_identity_and_never_pass_qrels (test_service_suite.ServiceSuiteTests.test_trec_commands_pin_identity_and_never_pass_qrels) ... ok
2026-10-03T15:41:09.6799045Z test_trec_inputs_and_outputs_cannot_enter_training_tree (test_service_suite.ServiceSuiteTests.test_trec_inputs_and_outputs_cannot_enter_training_tree) ... ok
2026-10-03T15:41:09.6919290Z test_trec_models_are_serial_and_failed_queries_keep_cleanup (test_service_suite.ServiceSuiteTests.test_trec_models_are_serial_and_failed_queries_keep_cleanup) ... ok
2026-10-03T15:41:09.7321670Z test_trec_preflight_bad_hashes_precede_output_gpu_and_children (test_service_suite.ServiceSuiteTests.test_trec_preflight_bad_hashes_precede_output_gpu_and_children) ... ok
2026-10-03T15:41:09.8101127Z test_trec_preflight_is_opt_in_and_binds_full_input_and_qrels (test_service_suite.ServiceSuiteTests.test_trec_preflight_is_opt_in_and_binds_full_input_and_qrels) ... ok
2026-10-03T15:41:09.8179602Z test_trec_rejected_audit_cleans_before_any_next_probe (test_service_suite.ServiceSuiteTests.test_trec_rejected_audit_cleans_before_any_next_probe) ... ok
2026-10-03T15:41:09.8264599Z test_trec_summary_requires_settled_identity_and_offline_audit (test_service_suite.ServiceSuiteTests.test_trec_summary_requires_settled_identity_and_offline_audit) ... ok
2026-10-03T15:41:09.8270722Z test_typed_doom_mode_reaches_game_evaluator (test_service_suite.ServiceSuiteTests.test_typed_doom_mode_reaches_game_evaluator) ... ok
2026-10-03T15:41:09.8272203Z test_ambiguous_json_is_rejected (test_serving.ServingTest.test_ambiguous_json_is_rejected) ... ok
2026-10-03T15:41:09.8279934Z test_chunked_choice_is_normalized_after_reassembly (test_serving.ServingTest.test_chunked_choice_is_normalized_after_reassembly) ... ok
2026-10-03T15:41:10.3373682Z test_http_client_official_route_and_errors (test_serving.ServingTest.test_http_client_official_route_and_errors) ... ok
2026-10-03T15:41:10.8473724Z test_http_inventory_lists_requests_and_keeps_artifacts_fetchable (test_serving.ServingTest.test_http_inventory_lists_requests_and_keeps_artifacts_fetchable) ... ok
2026-10-03T15:41:10.8475310Z test_invalid_backend_cannot_return_fake_answers (test_serving.ServingTest.test_invalid_backend_cannot_return_fake_answers) ... ok
2026-10-03T15:41:10.8476843Z test_limits_and_unknown_models_fail_before_backend (test_serving.ServingTest.test_limits_and_unknown_models_fail_before_backend) ... ok
2026-10-03T15:41:10.8643609Z test_all_variants_derive_labels_from_body_in_every_layout (test_silent_failure_data.SilentFailureBodyTest.test_all_variants_derive_labels_from_body_in_every_layout) ... ok
2026-10-03T15:41:10.8649356Z test_ambiguous_unknown_and_duplicate_grammar_is_rejected (test_silent_failure_data.SilentFailureBodyTest.test_ambiguous_unknown_and_duplicate_grammar_is_rejected) ... ok
2026-10-03T15:41:10.8651436Z test_current_counts_override_historical_counts (test_silent_failure_data.SilentFailureBodyTest.test_current_counts_override_historical_counts) ... ok
2026-10-03T15:41:10.8658726Z test_current_history_swap_flips_label_but_order_does_not (test_silent_failure_data.SilentFailureBodyTest.test_current_history_swap_flips_label_but_order_does_not) ... ok
2026-10-03T15:41:10.8661427Z test_empty_search_and_required_empty_receipt_have_different_meanings (test_silent_failure_data.SilentFailureBodyTest.test_empty_search_and_required_empty_receipt_have_different_meanings) ... ok
2026-10-03T15:41:10.8737438Z test_json_order_whitespace_and_html_current_document_pairs (test_silent_failure_data.SilentFailureBodyTest.test_json_order_whitespace_and_html_current_document_pairs) ... ok
2026-10-03T15:41:10.8739590Z test_metadata_and_targets_never_enter_model_prompt (test_silent_failure_data.SilentFailureBodyTest.test_metadata_and_targets_never_enter_model_prompt) ... ok
2026-10-03T15:41:10.8741644Z test_numeric_text_boundary_from_visible_requirement (test_silent_failure_data.SilentFailureBodyTest.test_numeric_text_boundary_from_visible_requirement) ... ok
2026-10-03T15:41:10.8744169Z test_partial_permission_alone_changes_result_and_pending_job_is_valid (test_silent_failure_data.SilentFailureBodyTest.test_partial_permission_alone_changes_result_and_pending_job_is_valid) ... ok
2026-10-03T15:41:10.8746594Z test_quoted_error_and_archived_debug_text_are_not_current_failure (test_silent_failure_data.SilentFailureBodyTest.test_quoted_error_and_archived_debug_text_are_not_current_failure) ... ok
2026-10-03T15:41:10.8748753Z test_runtime_preserves_original_body_and_single_noul (test_silent_failure_data.SilentFailureBodyTest.test_runtime_preserves_original_body_and_single_noul) ... ok
2026-10-03T15:41:10.9489049Z test_audit_counts_pair_isolation_and_byte_determinism (test_silent_failure_data.SilentFailureCorpusTest.test_audit_counts_pair_isolation_and_byte_determinism) ... ok
2026-10-03T15:41:10.9659842Z test_body_only_runtime_contract_rejects_status_wrapper (test_silent_failure_data.SilentFailureCorpusTest.test_body_only_runtime_contract_rejects_status_wrapper) ... ok
2026-10-03T15:41:10.9801723Z test_counterfactual_cannot_cross_split (test_silent_failure_data.SilentFailureCorpusTest.test_counterfactual_cannot_cross_split) ... ok
2026-10-03T15:41:10.9815836Z test_existing_output_symlink_and_bad_sizes_rejected (test_silent_failure_data.SilentFailureCorpusTest.test_existing_output_symlink_and_bad_sizes_rejected) ... ok
2026-10-03T15:41:10.9977664Z test_label_tamper_after_rehash_still_fails_semantic_audit (test_silent_failure_data.SilentFailureCorpusTest.test_label_tamper_after_rehash_still_fails_semantic_audit) ... ok
2026-10-03T15:41:11.0003009Z test_source_and_data_hashes_are_checked (test_silent_failure_data.SilentFailureCorpusTest.test_source_and_data_hashes_are_checked) ... ok
2026-10-03T15:41:11.0020504Z test_changed_derivative_is_rejected_before_curation (test_site_display_media.ApprovedSiteMediaTests.test_changed_derivative_is_rejected_before_curation) ... ok
2026-10-03T15:41:11.0069938Z test_curation_retains_phone_derivatives_in_temporary_site (test_site_display_media.ApprovedSiteMediaTests.test_curation_retains_phone_derivatives_in_temporary_site) ... ok
2026-10-03T15:41:11.0079355Z test_derivatives_are_not_kept_when_phone_item_is_not_selected (test_site_display_media.ApprovedSiteMediaTests.test_derivatives_are_not_kept_when_phone_item_is_not_selected) ... ok
2026-10-03T15:41:11.0092473Z test_manifest_cannot_approve_an_unexpected_path (test_site_display_media.ApprovedSiteMediaTests.test_manifest_cannot_approve_an_unexpected_path) ... ok
2026-10-03T15:41:11.0107143Z test_selected_phone_item_keeps_exact_manifest_backed_derivatives (test_site_display_media.ApprovedSiteMediaTests.test_selected_phone_item_keeps_exact_manifest_backed_derivatives) ... ok
2026-10-03T15:41:11.0125992Z test_windows_text_line_endings_match_manifest_hashes (test_site_display_media.ApprovedSiteMediaTests.test_windows_text_line_endings_match_manifest_hashes) ... ok
2026-10-03T15:41:11.5198560Z test_blank_instructions_and_invalid_categories_never_reach_fixture (test_space_app.SpaceHTTPTest.test_blank_instructions_and_invalid_categories_never_reach_fixture) ... ok
2026-10-03T15:41:12.0237476Z test_busy_rejects_second_request_while_health_works (test_space_app.SpaceHTTPTest.test_busy_rejects_second_request_while_health_works) ... ok
2026-10-03T15:41:12.5342049Z test_canonical_page_assets_and_developer_link (test_space_app.SpaceHTTPTest.test_canonical_page_assets_and_developer_link) ... ok
2026-10-03T15:41:13.0366913Z test_errors_do_not_echo_input_or_raw_exception (test_space_app.SpaceHTTPTest.test_errors_do_not_echo_input_or_raw_exception) ... ok
2026-10-03T15:41:13.5412701Z test_loading_and_error_do_not_claim_ready_or_infer (test_space_app.SpaceHTTPTest.test_loading_and_error_do_not_claim_ready_or_infer) ... ok
2026-10-03T15:41:14.0444982Z test_plain_category_names_reach_fixture (test_space_app.SpaceHTTPTest.test_plain_category_names_reach_fixture) ... ok
2026-10-03T15:41:14.5494623Z test_request_limits_and_origin_guard (test_space_app.SpaceHTTPTest.test_request_limits_and_origin_guard) ... ok
2026-10-03T15:41:14.5515805Z test_financial_evidence_and_ownership_counterexamples (test_sponsor_segments.SponsorSegmentTest.test_financial_evidence_and_ownership_counterexamples) ... ok
2026-10-03T15:41:14.6823753Z test_generated_contract_and_labels (test_sponsor_segments.SponsorSegmentTest.test_generated_contract_and_labels) ... ok
2026-10-03T15:41:14.6902228Z test_marker_timestamp_and_neighbour_not_label_oracle (test_sponsor_segments.SponsorSegmentTest.test_marker_timestamp_and_neighbour_not_label_oracle) ... ok
2026-10-03T15:41:14.8392066Z test_persisted_audit_and_rehashed_bad_target (test_sponsor_segments.SponsorSegmentTest.test_persisted_audit_and_rehashed_bad_target) ... ok
2026-10-03T15:41:14.9998747Z test_shared_context_brand_identity_and_manifest_count_checks (test_sponsor_segments.SponsorSegmentTest.test_shared_context_brand_identity_and_manifest_count_checks) ... ok
2026-10-03T15:41:15.1009897Z test_counterfactuals_change_exactly_the_visible_requested_metric (test_sql_semantics_v3.SQLSemanticsV3Test.test_counterfactuals_change_exactly_the_visible_requested_metric) ... ok
2026-10-03T15:41:15.1017721Z test_database_and_structural_families_are_split_disjoint (test_sql_semantics_v3.SQLSemanticsV3Test.test_database_and_structural_families_are_split_disjoint) ... ok
2026-10-03T15:41:15.1022646Z test_equal_answers_are_not_mislabeled_as_negatives (test_sql_semantics_v3.SQLSemanticsV3Test.test_equal_answers_are_not_mislabeled_as_negatives) ... ok
2026-10-03T15:41:15.2718309Z test_full_layout_smoke_independent_sqlite_replay (test_sql_semantics_v3.SQLSemanticsV3Test.test_full_layout_smoke_independent_sqlite_replay) ... ok
2026-10-03T15:41:15.2722625Z test_halfway_rounding_matches_stated_business_rule (test_sql_semantics_v3.SQLSemanticsV3Test.test_halfway_rounding_matches_stated_business_rule) ... ok
2026-10-03T15:41:15.2995716Z test_hand_calculated_fixtures_cover_every_business_operator (test_sql_semantics_v3.SQLSemanticsV3Test.test_hand_calculated_fixtures_cover_every_business_operator) ... ok
2026-10-03T15:41:15.3774024Z test_label_result_and_visible_data_tampering_are_detected (test_sql_semantics_v3.SQLSemanticsV3Test.test_label_result_and_visible_data_tampering_are_detected) ... ok
2026-10-03T15:41:15.3823781Z test_metadata_never_determines_answer_and_no_results_in_inputs (test_sql_semantics_v3.SQLSemanticsV3Test.test_metadata_never_determines_answer_and_no_results_in_inputs) ... ok
2026-10-03T15:41:15.9501302Z test_reproducible_no_input_files_and_non_overwriting_build (test_sql_semantics_v3.SQLSemanticsV3Test.test_reproducible_no_input_files_and_non_overwriting_build) ... ok
2026-10-03T15:41:15.9515077Z test_syntax_errors_writes_and_multiple_statements_are_rejected (test_sql_semantics_v3.SQLSemanticsV3Test.test_syntax_errors_writes_and_multiple_statements_are_rejected) ... ok
2026-10-03T15:41:15.9530506Z test_named_human_can_finish_no_route_without_forcing_a_catalog_label (test_support_routing.SupportRoutingTests.test_named_human_can_finish_no_route_without_forcing_a_catalog_label) ... ok
2026-10-03T15:41:16.4562510Z test_real_http_schema_probabilities_and_identity_drift (test_support_routing.SupportRoutingTests.test_real_http_schema_probabilities_and_identity_drift) ... ok
2026-10-03T15:41:16.4578859Z test_review_queue_keeps_unresolved_rows_and_requires_human_attribution (test_support_routing.SupportRoutingTests.test_review_queue_keeps_unresolved_rows_and_requires_human_attribution) ... ok
2026-10-03T15:41:16.4581343Z test_shortlist_never_reads_gold_and_retrieval_failure_stays_visible (test_support_routing.SupportRoutingTests.test_shortlist_never_reads_gold_and_retrieval_failure_stays_visible) ... ok
2026-10-03T15:41:16.4608871Z test_test_gold_and_predictions_follow_calibration_lock_without_retuning (test_support_routing.SupportRoutingTests.test_test_gold_and_predictions_follow_calibration_lock_without_retuning) ... ok
2026-10-03T15:41:16.4611178Z test_threshold_fit_abstains_when_no_calibration_policy_is_met (test_support_routing.SupportRoutingTests.test_threshold_fit_abstains_when_no_calibration_policy_is_met) ... ok
2026-10-03T15:41:16.4947259Z test_complete_frozen_groups_disjoint_splits_and_boundary_offset_coverage (test_temporal_windows_v5.TemporalWindowsV5Test.test_complete_frozen_groups_disjoint_splits_and_boundary_offset_coverage) ... ok
2026-10-03T15:41:16.4949833Z test_epoch_seconds_equivalent_instants_and_strict_timestamp_grammar (test_temporal_windows_v5.TemporalWindowsV5Test.test_epoch_seconds_equivalent_instants_and_strict_timestamp_grammar) ... ok
2026-10-03T15:41:16.5366192Z test_freeze_hashes_refuses_overwrite_and_detects_changed_split (test_temporal_windows_v5.TemporalWindowsV5Test.test_freeze_hashes_refuses_overwrite_and_detects_changed_split) ... ok
2026-10-03T15:41:16.5460165Z test_generator_labels_are_checked_by_separate_epoch_implementation (test_temporal_windows_v5.TemporalWindowsV5Test.test_generator_labels_are_checked_by_separate_epoch_implementation) ... ok
2026-10-03T15:41:16.5462645Z test_hand_calculated_lower_upper_leap_boundaries_and_exception (test_temporal_windows_v5.TemporalWindowsV5Test.test_hand_calculated_lower_upper_leap_boundaries_and_exception) ... ok
2026-10-03T15:41:16.5499358Z test_hidden_labels_ids_and_metadata_do_not_enter_model_prompts (test_temporal_windows_v5.TemporalWindowsV5Test.test_hidden_labels_ids_and_metadata_do_not_enter_model_prompts) ... ok
2026-10-03T15:41:16.5812104Z test_independent_validator_rejects_corrupted_gold_proposal_and_incomplete_group (test_temporal_windows_v5.TemporalWindowsV5Test.test_independent_validator_rejects_corrupted_gold_proposal_and_incomplete_group) ... ok
2026-10-03T15:41:16.5919846Z test_relabeling_case_ids_cannot_disguise_repeated_temporal_facts (test_temporal_windows_v5.TemporalWindowsV5Test.test_relabeling_case_ids_cannot_disguise_repeated_temporal_facts) ... ok
2026-10-03T15:41:16.6672983Z test_frozen_input_hashes_and_separate_calibration (test_train_frontier_controls_v4.ContinuedTrainingTest.test_frozen_input_hashes_and_separate_calibration) ... ok
2026-10-03T15:41:16.6787990Z test_group_sampling_keeps_counterfactuals_and_is_label_independent (test_train_frontier_controls_v4.ContinuedTrainingTest.test_group_sampling_keeps_counterfactuals_and_is_label_independent) ... ok
2026-10-03T15:41:16.6830595Z test_identity_binds_head_adapter_and_released_temperature (test_train_frontier_controls_v4.ContinuedTrainingTest.test_identity_binds_head_adapter_and_released_temperature) ... ok
2026-10-03T15:41:16.6832906Z test_only_existing_lora_and_head_train (test_train_frontier_controls_v4.ContinuedTrainingTest.test_only_existing_lora_and_head_train) ... ok
2026-10-03T15:41:16.6891182Z test_actual_adapter_configuration_and_method_must_agree (test_train_initial_checkpoint.InitialInferenceCheckpointTests.test_actual_adapter_configuration_and_method_must_agree) ... ok
2026-10-03T15:41:16.6925575Z test_content_identity_binds_initialization_and_detects_changed_weights (test_train_initial_checkpoint.InitialInferenceCheckpointTests.test_content_identity_binds_initialization_and_detects_changed_weights) ... ok
2026-10-03T15:41:16.6935769Z test_default_base_constructor_is_unchanged (test_train_initial_checkpoint.InitialInferenceCheckpointTests.test_default_base_constructor_is_unchanged) ... ok
2026-10-03T15:41:16.6959760Z test_loads_existing_weights_and_unfreezes_only_lora_and_head (test_train_initial_checkpoint.InitialInferenceCheckpointTests.test_loads_existing_weights_and_unfreezes_only_lora_and_head) ... ok
2026-10-03T15:41:16.6981877Z test_missing_serving_files_and_invalid_temperature_are_rejected (test_train_initial_checkpoint.InitialInferenceCheckpointTests.test_missing_serving_files_and_invalid_temperature_are_rejected) ... ok
2026-10-03T15:41:16.7037242Z test_profile_mismatches_and_resume_reject_before_model_import (test_train_initial_checkpoint.InitialInferenceCheckpointTests.test_profile_mismatches_and_resume_reject_before_model_import) ... ok
2026-10-03T15:41:16.7068050Z test_lease_self_registration_and_controller_closing_preservation (test_train_temporal_windows_v5.TemporalPilotTest.test_lease_self_registration_and_controller_closing_preservation) ... ok
2026-10-03T15:41:16.7070332Z test_paired_regression_counts_and_mismatched_evidence_rejection (test_train_temporal_windows_v5.TemporalPilotTest.test_paired_regression_counts_and_mismatched_evidence_rejection) ... ok
2026-10-03T15:41:16.7077154Z test_temperature_ablation_keeps_argmax_but_changes_noul_threshold_behavior (test_train_temporal_windows_v5.TemporalPilotTest.test_temperature_ablation_keeps_argmax_but_changes_noul_threshold_behavior) ... ok
2026-10-03T15:41:16.7098351Z test_cli_defaults_to_legacy_and_exposes_explicit_opt_in (test_training_deferred_heldout.DeferredHeldoutTests.test_cli_defaults_to_legacy_and_exposes_explicit_opt_in) ... ok
2026-10-03T15:41:16.7124126Z test_complete_allowed_splits_are_validated_before_sampling_or_model_construction (test_training_deferred_heldout.DeferredHeldoutTests.test_complete_allowed_splits_are_validated_before_sampling_or_model_construction) ... ok
2026-10-03T15:41:16.8059702Z test_default_keeps_all_split_validation_baselines_and_heldout_evaluation (test_training_deferred_heldout.DeferredHeldoutTests.test_default_keeps_all_split_validation_baselines_and_heldout_evaluation) ... ok
2026-10-03T15:41:17.4095735Z test_deferred_reload_rejects_nonfinite_width_and_value_mismatches_without_summary (test_training_deferred_heldout.DeferredHeldoutTests.test_deferred_reload_rejects_nonfinite_width_and_value_mismatches_without_summary) ... ok
2026-10-03T15:41:17.4111225Z test_deferred_resume_and_snapshots_rejected_before_runtime_imports (test_training_deferred_heldout.DeferredHeldoutTests.test_deferred_resume_and_snapshots_rejected_before_runtime_imports) ... ok
2026-10-03T15:41:17.5010969Z test_deferred_run_never_reads_or_forwards_heldout_and_saves_fixed_final (test_training_deferred_heldout.DeferredHeldoutTests.test_deferred_run_never_reads_or_forwards_heldout_and_saves_fixed_final) ... ok
2026-10-03T15:41:17.5036962Z test_deferred_run_requires_calibration (test_training_deferred_heldout.DeferredHeldoutTests.test_deferred_run_requires_calibration) ... ok
2026-10-03T15:41:17.5052763Z test_opt_in_changes_identity_without_changing_default_argument_schema (test_training_deferred_heldout.DeferredHeldoutTests.test_opt_in_changes_identity_without_changing_default_argument_schema) ... ok
2026-10-03T15:41:17.5140937Z test_all_snapshot_artifacts_and_old_log_cursor_are_verified (test_training_initialization.InitializationContractTests.test_all_snapshot_artifacts_and_old_log_cursor_are_verified) ... ok
2026-10-03T15:41:17.5186849Z test_cli_and_programmatic_run_reject_initialization_plus_resume (test_training_initialization.InitializationContractTests.test_cli_and_programmatic_run_reject_initialization_plus_resume) ... ok
2026-10-03T15:41:17.5239960Z test_model_revision_rank_topology_and_complete_snapshot_are_required (test_training_initialization.InitializationContractTests.test_model_revision_rank_topology_and_complete_snapshot_are_required) ... ok
2026-10-03T15:41:17.5256654Z test_provenance_rejects_missing_extra_malformed_and_reset_fields (test_training_initialization.InitializationContractTests.test_provenance_rejects_missing_extra_malformed_and_reset_fields) ... ok
2026-10-03T15:41:17.5285181Z test_weights_initialization_accepts_new_data_but_binds_source_content (test_training_initialization.InitializationContractTests.test_weights_initialization_accepts_new_data_but_binds_source_content) ... ok
2026-10-03T15:41:17.5287606Z test_changed_preflight_bytes_or_provenance_are_rejected (test_training_initialization.InitializationNumericalTests.test_changed_preflight_bytes_or_provenance_are_rejected) ... skipped 'requires optional torch runtime'
2026-10-03T15:41:17.5289753Z test_four_rank_run_measures_initialized_baseline_and_resumes_new_stage_trajectory (test_training_initialization.InitializationNumericalTests.test_four_rank_run_measures_initialized_baseline_and_resumes_new_stage_trajectory) ... skipped 'requires optional torch runtime'
2026-10-03T15:41:17.5292030Z test_future_resume_tensor_binding_rejects_removed_or_rewritten_provenance (test_training_initialization.InitializationNumericalTests.test_future_resume_tensor_binding_rejects_removed_or_rewritten_provenance) ... skipped 'requires optional torch runtime'
2026-10-03T15:41:17.5294561Z test_invalid_tensor_payload_never_partially_copies_weights (test_training_initialization.InitializationNumericalTests.test_invalid_tensor_payload_never_partially_copies_weights) ... skipped 'requires optional torch runtime'
2026-10-03T15:41:17.5296648Z test_only_trainable_weights_copy_without_optimizer_rng_or_base_mutation (test_training_initialization.InitializationNumericalTests.test_only_trainable_weights_copy_without_optimizer_rng_or_base_mutation) ... skipped 'requires optional torch runtime'
2026-10-03T15:41:17.7065701Z test_both_installed_cli_help_commands_work_without_model_imports (test_training_provenance.TrainingProvenanceTests.test_both_installed_cli_help_commands_work_without_model_imports) ... ok
2026-10-03T15:41:17.7356477Z test_both_trainers_reject_before_imports_or_argument_access (test_training_provenance.TrainingProvenanceTests.test_both_trainers_reject_before_imports_or_argument_access) ... ok
2026-10-03T15:41:17.7673477Z test_caller_git_environment_cannot_override_source_checkout (test_training_provenance.TrainingProvenanceTests.test_caller_git_environment_cannot_override_source_checkout) ... ok
2026-10-03T15:41:17.7986527Z test_caller_head_is_wrong_but_source_head_is_recorded (test_training_provenance.TrainingProvenanceTests.test_caller_head_is_wrong_but_source_head_is_recorded) ... ok
2026-10-03T15:41:17.8306799Z test_dirty_source_checkout_remains_supported (test_training_provenance.TrainingProvenanceTests.test_dirty_source_checkout_remains_supported) ... ok
2026-10-03T15:41:17.8595210Z test_installed_package_cannot_inherit_ancestor_repository (test_training_provenance.TrainingProvenanceTests.test_installed_package_cannot_inherit_ancestor_repository) ... ok
2026-10-03T15:41:17.8901108Z test_invalid_git_marker_cannot_inherit_ancestor_repository (test_training_provenance.TrainingProvenanceTests.test_invalid_git_marker_cannot_inherit_ancestor_repository) ... ok
2026-10-03T15:41:17.9316284Z test_real_git_worktree_with_git_file_is_supported (test_training_provenance.TrainingProvenanceTests.test_real_git_worktree_with_git_file_is_supported) ... ok
2026-10-03T15:41:17.9628657Z test_source_head_is_recorded_outside_any_repository (test_training_provenance.TrainingProvenanceTests.test_source_head_is_recorded_outside_any_repository) ... ok
2026-10-03T15:41:17.9666880Z test_artifact_restore_archives_interrupted_log_and_keeps_final_calibration (test_training_resume.ResumeIdentityTests.test_artifact_restore_archives_interrupted_log_and_keeps_final_calibration) ... ok
2026-10-03T15:41:17.9702792Z test_identity_binds_training_configuration_dataset_and_order (test_training_resume.ResumeIdentityTests.test_identity_binds_training_configuration_dataset_and_order) ... ok
2026-10-03T15:41:17.9704589Z test_original_baseline_ids_targets_and_order_are_required (test_training_resume.ResumeIdentityTests.test_original_baseline_ids_targets_and_order_are_required) ... ok
2026-10-03T15:41:17.9727020Z test_snapshot_checksum_and_log_cursor_are_verified_before_tensor_loading (test_training_resume.ResumeIdentityTests.test_snapshot_checksum_and_log_cursor_are_verified_before_tensor_loading) ... ok
2026-10-03T15:41:17.9728763Z test_cpu_dropout_rng_optimizer_and_parameter_trajectory_resume_exactly (test_training_resume.ResumeNumericalTests.test_cpu_dropout_rng_optimizer_and_parameter_trajectory_resume_exactly) ... skipped 'requires optional torch runtime'
2026-10-03T15:41:18.0275785Z test_actual_scores_change_later_windows_and_requests_are_saved_before_calls (test_trec_provider.TrecProviderTest.test_actual_scores_change_later_windows_and_requests_are_saved_before_calls) ... ok
2026-10-03T15:41:18.0719136Z test_declared_mass_only_scalar_analysis_never_becomes_primary_ranking (test_trec_provider.TrecProviderTest.test_declared_mass_only_scalar_analysis_never_becomes_primary_ranking) ... ok
2026-10-03T15:41:18.1705468Z test_endpoint_rejections_stop_all_remaining_queries (test_trec_provider.TrecProviderTest.test_endpoint_rejections_stop_all_remaining_queries) ... ok
2026-10-03T15:41:18.2543437Z test_frozen_input_contract_rejects_gold_metadata_hash_mismatch_and_overwrite (test_trec_provider.TrecProviderTest.test_frozen_input_contract_rejects_gold_metadata_hash_mismatch_and_overwrite) ... ok
2026-10-03T15:41:20.0071923Z test_full_run_completes_all_97_queries_in_exactly_873_calls (test_trec_provider.TrecProviderTest.test_full_run_completes_all_97_queries_in_exactly_873_calls) ... ok
2026-10-03T15:41:20.0889984Z test_jev_mass_or_expectation_failure_is_retained_and_next_query_runs (test_trec_provider.TrecProviderTest.test_jev_mass_or_expectation_failure_is_retained_and_next_query_runs) ... ok
2026-10-03T15:41:20.1159878Z test_mass_and_expectation_failure_cannot_use_scalar_analysis (test_trec_provider.TrecProviderTest.test_mass_and_expectation_failure_cannot_use_scalar_analysis) ... ok
2026-10-03T15:41:20.1432535Z test_nonfinite_parsed_response_keeps_exact_raw_text_and_fails_query (test_trec_provider.TrecProviderTest.test_nonfinite_parsed_response_keeps_exact_raw_text_and_fails_query) ... ok
2026-10-03T15:41:20.1533383Z test_openai_envelope_preserves_integer_scores_without_probabilities (test_trec_provider.TrecProviderTest.test_openai_envelope_preserves_integer_scores_without_probabilities) ... ok
2026-10-03T15:41:20.2155654Z test_request_time_and_usage_cost_budgets_preserve_partial_and_pending (test_trec_provider.TrecProviderTest.test_request_time_and_usage_cost_budgets_preserve_partial_and_pending) ... ok
2026-10-03T15:41:20.2444775Z test_thrown_attempt_error_is_saved_redacted_and_cost_remains_unknown (test_trec_provider.TrecProviderTest.test_thrown_attempt_error_is_saved_redacted_and_cost_remains_unknown) ... ok
2026-10-03T15:41:23.1494522Z test_finished_collection_with_mass_failure_retains_full_denominator (test_trec_summary.TrecSummaryTest.test_finished_collection_with_mass_failure_retains_full_denominator) ... ok
2026-10-03T15:41:26.5056306Z test_full_openai_collection_has_no_fabricated_scalar_probability_analysis (test_trec_summary.TrecSummaryTest.test_full_openai_collection_has_no_fabricated_scalar_probability_analysis) ... ok
2026-10-03T15:41:26.6987749Z test_input_and_qrel_manifest_hashes_are_required (test_trec_summary.TrecSummaryTest.test_input_and_qrel_manifest_hashes_are_required) ... ok
2026-10-03T15:41:26.8353438Z test_live_report_prefix_may_have_unscored_newer_raw_records (test_trec_summary.TrecSummaryTest.test_live_report_prefix_may_have_unscored_newer_raw_records) ... ok
2026-10-03T15:41:26.9552231Z test_mass_only_query_primary_zero_and_supplemental_uses_actual_saved_scalars (test_trec_summary.TrecSummaryTest.test_mass_only_query_primary_zero_and_supplemental_uses_actual_saved_scalars) ... ok
2026-10-03T15:41:27.0560972Z test_mass_only_then_hard_error_does_not_publish_either_ranking (test_trec_summary.TrecSummaryTest.test_mass_only_then_hard_error_does_not_publish_either_ranking) ... ok
2026-10-03T15:41:27.1762694Z test_partial_run_uses_full_qrels_and_direct_grade_including_outside_candidates (test_trec_summary.TrecSummaryTest.test_partial_run_uses_full_qrels_and_direct_grade_including_outside_candidates) ... ok
2026-10-03T15:41:27.5164483Z test_python310_mass_diagnostics_replay_exactly_without_relaxing_validation (test_trec_summary.TrecSummaryTest.test_python310_mass_diagnostics_replay_exactly_without_relaxing_validation) ... ok
2026-10-03T15:41:27.7261868Z test_rejects_permutation_tampering_flags_and_adaptive_window_changes (test_trec_summary.TrecSummaryTest.test_rejects_permutation_tampering_flags_and_adaptive_window_changes) ... ok
2026-10-03T15:41:27.9298572Z test_rejects_raw_payload_response_model_or_order_tampering (test_trec_summary.TrecSummaryTest.test_rejects_raw_payload_response_model_or_order_tampering) ... ok
2026-10-03T15:41:30.8791390Z test_top_level_running_status_never_becomes_complete_even_after_all_queries (test_trec_summary.TrecSummaryTest.test_top_level_running_status_never_becomes_complete_even_after_all_queries) ... ok
2026-10-03T15:41:30.8837237Z test_candidate_permutation_preserves_labels_and_source_groups (test_wanli_data.WanliTests.test_candidate_permutation_preserves_labels_and_source_groups) ... ok
2026-10-03T15:41:30.8839527Z test_conflicts_are_removed_not_arbitrarily_resolved (test_wanli_data.WanliTests.test_conflicts_are_removed_not_arbitrarily_resolved) ... ok
2026-10-03T15:41:30.8850627Z test_existing_output_fails_before_source_download_or_modification (test_wanli_data.WanliTests.test_existing_output_fails_before_source_download_or_modification) ... ok
2026-10-03T15:41:30.8852175Z test_malformed_source_fails (test_wanli_data.WanliTests.test_malformed_source_fails) ... ok
2026-10-03T15:41:30.8854664Z test_test_components_are_reserved_transitively (test_wanli_data.WanliTests.test_test_components_are_reserved_transitively) ... ok
2026-10-03T15:41:31.2575162Z test_http_runner_preserves_responses_and_aborts_on_service_change (test_workflows.WorkflowServiceEvaluationTests.test_http_runner_preserves_responses_and_aborts_on_service_change) ... ok
2026-10-03T15:41:31.2586274Z test_prediction_identity_binds_case_state_questions_and_split (test_workflows.WorkflowServiceEvaluationTests.test_prediction_identity_binds_case_state_questions_and_split) ... ok
2026-10-03T15:41:31.4697730Z test_selection_is_heldout_balanced_group_distinct_and_label_independent (test_workflows.WorkflowServiceEvaluationTests.test_selection_is_heldout_balanced_group_distinct_and_label_independent) ... ok
2026-10-03T15:41:31.6241762Z test_selection_rejects_cross_split_parent_groups_and_duplicate_ids (test_workflows.WorkflowServiceEvaluationTests.test_selection_rejects_cross_split_parent_groups_and_duplicate_ids) ... ok
2026-10-03T15:41:31.6244750Z test_service_identity_rejects_oracle_mismatch_and_tracks_artifact_digest (test_workflows.WorkflowServiceEvaluationTests.test_service_identity_rejects_oracle_mismatch_and_tracks_artifact_digest) ... ok
2026-10-03T15:41:31.6247201Z test_agent_permission_is_evaluated_at_call_time_with_exact_scope (test_workflows.WorkflowTests.test_agent_permission_is_evaluated_at_call_time_with_exact_scope) ... ok
2026-10-03T15:41:31.6264080Z test_all_workflows_compile_as_target_free_independent_questions (test_workflows.WorkflowTests.test_all_workflows_compile_as_target_free_independent_questions) ... ok
2026-10-03T15:41:31.6265987Z test_card_and_cancellation_account_facts_gate_mutations (test_workflows.WorkflowTests.test_card_and_cancellation_account_facts_gate_mutations) ... ok
2026-10-03T15:41:31.6268277Z test_customer_empty_resolved_negation_and_account_claim_conflict (test_workflows.WorkflowTests.test_customer_empty_resolved_negation_and_account_claim_conflict) ... ok
2026-10-03T15:41:31.6275333Z test_evaluation_rejects_fixture_claims_and_bad_case_alignment (test_workflows.WorkflowTests.test_evaluation_rejects_fixture_claims_and_bad_case_alignment) ... ok
2026-10-03T15:41:31.6279095Z test_exclusive_workflows_use_one_disposition_while_customer_can_fan_out (test_workflows.WorkflowTests.test_exclusive_workflows_use_one_disposition_while_customer_can_fan_out) ... ok
2026-10-03T15:41:33.3393124Z test_generated_groups_stay_together_and_models_cannot_see_references (test_workflows.WorkflowTests.test_generated_groups_stay_together_and_models_cannot_see_references) ... ok
2026-10-03T15:41:33.3398125Z test_invoice_financial_boundaries_and_grants (test_workflows.WorkflowTests.test_invoice_financial_boundaries_and_grants) ... ok
2026-10-03T15:41:34.1850206Z test_manifest_and_saved_jsonl_are_reproducible (test_workflows.WorkflowTests.test_manifest_and_saved_jsonl_are_reproducible) ... ok
2026-10-03T15:41:34.1856516Z test_refund_requires_exact_account_object_amount_and_current_consent (test_workflows.WorkflowTests.test_refund_requires_exact_account_object_amount_and_current_consent) ... ok
2026-10-03T15:41:34.1858300Z test_security_maintenance_must_match_asset_activity_and_time (test_workflows.WorkflowTests.test_security_maintenance_must_match_asset_activity_and_time) ... ok
2026-10-03T15:41:34.1860226Z test_security_priority_grant_expiry_and_production_isolation (test_workflows.WorkflowTests.test_security_priority_grant_expiry_and_production_isolation) ... ok
2026-10-03T15:41:34.1861268Z 
2026-10-03T15:41:34.1863766Z ----------------------------------------------------------------------
2026-10-03T15:41:34.1864334Z Ran 1390 tests in 190.958s
2026-10-03T15:41:34.1864570Z 
2026-10-03T15:41:34.1864690Z OK (skipped=90)
2026-10-03T15:41:34.1865069Z {
2026-10-03T15:41:34.1865410Z   "trace": "/tmp/tmp_d4m7hni/typed.json",
2026-10-03T15:41:34.1865869Z   "policy": "random_baseline",
2026-10-03T15:41:34.1866257Z   "is_model": false,
2026-10-03T15:41:34.1866588Z   "episodes": 1,
2026-10-03T15:41:34.1866890Z   "metrics": [
2026-10-03T15:41:34.1867185Z     {
2026-10-03T15:41:34.1867467Z       "steps": 2,
2026-10-03T15:41:34.1868086Z       "stop_reason": "terminal",
2026-10-03T15:41:34.1868507Z       "total_reward": 2.0,
2026-10-03T15:41:34.1868939Z       "mean_decision_latency_ms": 0.0784929999895212,
2026-10-03T15:41:34.1869435Z       "engine_total_reward": 2.0,
2026-10-03T15:41:34.1869829Z       "elapsed_tics": 8
2026-10-03T15:41:34.1870168Z     }
2026-10-03T15:41:34.1870434Z   ]
2026-10-03T15:41:34.1870686Z }
2026-10-03T15:41:34.5671399Z ##[group]Run python -m build --wheel
2026-10-03T15:41:34.5671739Z [36;1mpython -m build --wheel[0m
2026-10-03T15:41:34.5734664Z shell: /usr/bin/bash -e {0}
2026-10-03T15:41:34.5734904Z env:
2026-10-03T15:41:34.5735172Z   pythonLocation: /opt/hostedtoolcache/Python/3.14.7/x64
2026-10-03T15:41:34.5735596Z   PKG_CONFIG_PATH: /opt/hostedtoolcache/Python/3.14.7/x64/lib/pkgconfig
2026-10-03T15:41:34.5736011Z   Python_ROOT_DIR: /opt/hostedtoolcache/Python/3.14.7/x64
2026-10-03T15:41:34.5736380Z   Python2_ROOT_DIR: /opt/hostedtoolcache/Python/3.14.7/x64
2026-10-03T15:41:34.5736754Z   Python3_ROOT_DIR: /opt/hostedtoolcache/Python/3.14.7/x64
2026-10-03T15:41:34.5737117Z   LD_LIBRARY_PATH: /opt/hostedtoolcache/Python/3.14.7/x64/lib
2026-10-03T15:41:34.5737427Z ##[endgroup]
2026-10-03T15:41:34.7200745Z * Creating isolated environment: venv+pip...
2026-10-03T15:41:34.7407352Z * Installing packages in isolated environment:
2026-10-03T15:41:34.7407924Z   - setuptools>=77.0.3
2026-10-03T15:41:36.1867677Z * Getting build dependencies for wheel...
2026-10-03T15:41:36.7988575Z running egg_info
2026-10-03T15:41:36.8003389Z creating open_jev.egg-info
2026-10-03T15:41:36.8004518Z writing open_jev.egg-info/PKG-INFO
2026-10-03T15:41:36.8022184Z writing dependency_links to open_jev.egg-info/dependency_links.txt
2026-10-03T15:41:36.8025398Z writing entry points to open_jev.egg-info/entry_points.txt
2026-10-03T15:41:36.8033436Z writing requirements to open_jev.egg-info/requires.txt
2026-10-03T15:41:36.8034687Z writing top-level names to open_jev.egg-info/top_level.txt
2026-10-03T15:41:36.8036254Z writing manifest file 'open_jev.egg-info/SOURCES.txt'
2026-10-03T15:41:36.8107408Z reading manifest file 'open_jev.egg-info/SOURCES.txt'
2026-10-03T15:41:36.8109580Z adding license file 'LICENSE'
2026-10-03T15:41:36.8128446Z writing manifest file 'open_jev.egg-info/SOURCES.txt'
2026-10-03T15:41:36.8407942Z * Installed build dependency versions:
2026-10-03T15:41:36.8408464Z   - setuptools==84.0.0
2026-10-03T15:41:36.8408880Z * Building wheel...
2026-10-03T15:41:37.0113135Z running bdist_wheel
2026-10-03T15:41:37.0175714Z running build
2026-10-03T15:41:37.0176112Z running build_py
2026-10-03T15:41:37.0195171Z creating build/lib/jev
2026-10-03T15:41:37.0198140Z copying jev/temporal_windows_v5.py -> build/lib/jev
2026-10-03T15:41:37.0200327Z copying jev/mailroom_audit.py -> build/lib/jev
2026-10-03T15:41:37.0202635Z copying jev/ir_eval.py -> build/lib/jev
2026-10-03T15:41:37.0205110Z copying jev/case_doom.py -> build/lib/jev
2026-10-03T15:41:37.0207295Z copying jev/server.py -> build/lib/jev
2026-10-03T15:41:37.0209767Z copying jev/painting.py -> build/lib/jev
2026-10-03T15:41:37.0212102Z copying jev/mailroom_probe.py -> build/lib/jev
2026-10-03T15:41:37.0214709Z copying jev/silent_failure_data.py -> build/lib/jev
2026-10-03T15:41:37.0217203Z copying jev/community_diversity_v2.py -> build/lib/jev
2026-10-03T15:41:37.0220240Z copying jev/boundary_controls_v7.py -> build/lib/jev
2026-10-03T15:41:37.0222686Z copying jev/case_workflows.py -> build/lib/jev
2026-10-03T15:41:37.0225390Z copying jev/metrics.py -> build/lib/jev
2026-10-03T15:41:37.0227791Z copying jev/context_retention_data.py -> build/lib/jev
2026-10-03T15:41:37.0230097Z copying jev/case_customer.py -> build/lib/jev
2026-10-03T15:41:37.0232480Z copying jev/public_data.py -> build/lib/jev
2026-10-03T15:41:37.0235035Z copying jev/ir_data.py -> build/lib/jev
2026-10-03T15:41:37.0237431Z copying jev/game_cli.py -> build/lib/jev
2026-10-03T15:41:37.0239758Z copying jev/sql_semantics_v3.py -> build/lib/jev
2026-10-03T15:41:37.0242196Z copying jev/sharded_model.py -> build/lib/jev
2026-10-03T15:41:37.0244896Z copying jev/community_workflow_v3.py -> build/lib/jev
2026-10-03T15:41:37.0247338Z copying jev/serving.py -> build/lib/jev
2026-10-03T15:41:37.0249642Z copying jev/mailroom_data.py -> build/lib/jev
2026-10-03T15:41:37.0252091Z copying jev/case_entity_alignment.py -> build/lib/jev
2026-10-03T15:41:37.0254669Z copying jev/case_wikiracing.py -> build/lib/jev
2026-10-03T15:41:37.0257393Z copying jev/doom_control.py -> build/lib/jev
2026-10-03T15:41:37.0259293Z copying jev/frontier_controls_v4.py -> build/lib/jev
2026-10-03T15:41:37.0261748Z copying jev/fast_backend.py -> build/lib/jev
2026-10-03T15:41:37.0264306Z copying jev/case_browser.py -> build/lib/jev
2026-10-03T15:41:37.0266710Z copying jev/prefix_cache.py -> build/lib/jev
2026-10-03T15:41:37.0269122Z copying jev/case_sponsor_segments.py -> build/lib/jev
2026-10-03T15:41:37.0271374Z copying jev/wanli_data.py -> build/lib/jev
2026-10-03T15:41:37.0273657Z copying jev/model.py -> build/lib/jev
2026-10-03T15:41:37.0276151Z copying jev/case_drone.py -> build/lib/jev
2026-10-03T15:41:37.0278526Z copying jev/case_reasoning.py -> build/lib/jev
2026-10-03T15:41:37.0280599Z copying jev/case_phone_extraction.py -> build/lib/jev
2026-10-03T15:41:37.0282378Z copying jev/workflows.py -> build/lib/jev
2026-10-03T15:41:37.0284769Z copying jev/games.py -> build/lib/jev
2026-10-03T15:41:37.0287327Z copying jev/predict.py -> build/lib/jev
2026-10-03T15:41:37.0289487Z copying jev/recipes.py -> build/lib/jev
2026-10-03T15:41:37.0291977Z copying jev/shared_resources.py -> build/lib/jev
2026-10-03T15:41:37.0294699Z copying jev/client.py -> build/lib/jev
2026-10-03T15:41:37.0296871Z copying jev/train.py -> build/lib/jev
2026-10-03T15:41:37.0299463Z copying jev/community.py -> build/lib/jev
2026-10-03T15:41:37.0301885Z copying jev/policy_controls_v6.py -> build/lib/jev
2026-10-03T15:41:37.0304477Z copying jev/inference_initialization.py -> build/lib/jev
2026-10-03T15:41:37.0306863Z copying jev/community_routing_v3.py -> build/lib/jev
2026-10-03T15:41:37.0309291Z copying jev/__init__.py -> build/lib/jev
2026-10-03T15:41:37.0311550Z copying jev/case_email_selection.py -> build/lib/jev
2026-10-03T15:41:37.0313930Z copying jev/eval_resources.py -> build/lib/jev
2026-10-03T15:41:37.0316650Z copying jev/case_citation.py -> build/lib/jev
2026-10-03T15:41:37.0319092Z copying jev/case_amount_extraction.py -> build/lib/jev
2026-10-03T15:41:37.0321502Z copying jev/eval_frontier.py -> build/lib/jev
2026-10-03T15:41:37.0323873Z copying jev/api.py -> build/lib/jev
2026-10-03T15:41:37.0326371Z copying jev/mix_data.py -> build/lib/jev
2026-10-03T15:41:37.0328587Z copying jev/data.py -> build/lib/jev
2026-10-03T15:41:37.0331179Z copying jev/frontier_controls_v8.py -> build/lib/jev
2026-10-03T15:41:37.0333751Z copying jev/train_distributed.py -> build/lib/jev
2026-10-03T15:41:37.0337002Z creating build/lib/third_party
2026-10-03T15:41:37.0338264Z copying third_party/__init__.py -> build/lib/third_party
2026-10-03T15:41:37.0341377Z creating build/lib/jev/kernels
2026-10-03T15:41:37.0342658Z copying jev/kernels/triton_tail.py -> build/lib/jev/kernels
2026-10-03T15:41:37.0345458Z copying jev/kernels/final_score.py -> build/lib/jev/kernels
2026-10-03T15:41:37.0347616Z copying jev/kernels/__init__.py -> build/lib/jev/kernels
2026-10-03T15:41:37.0350508Z creating build/lib/third_party/open_jev_fast
2026-10-03T15:41:37.0351821Z copying third_party/open_jev_fast/__init__.py -> build/lib/third_party/open_jev_fast
2026-10-03T15:41:37.0355214Z creating build/lib/third_party/open_jev_fast/src
2026-10-03T15:41:37.0356589Z copying third_party/open_jev_fast/src/fastmodel.py -> build/lib/third_party/open_jev_fast/src
2026-10-03T15:41:37.0359175Z copying third_party/open_jev_fast/src/ext.py -> build/lib/third_party/open_jev_fast/src
2026-10-03T15:41:37.0361194Z copying third_party/open_jev_fast/src/lt_ext.py -> build/lib/third_party/open_jev_fast/src
2026-10-03T15:41:37.0363287Z copying third_party/open_jev_fast/src/__init__.py -> build/lib/third_party/open_jev_fast/src
2026-10-03T15:41:37.0365103Z running egg_info
2026-10-03T15:41:37.0379472Z writing open_jev.egg-info/PKG-INFO
2026-10-03T15:41:37.0394925Z writing dependency_links to open_jev.egg-info/dependency_links.txt
2026-10-03T15:41:37.0398500Z writing entry points to open_jev.egg-info/entry_points.txt
2026-10-03T15:41:37.0406979Z writing requirements to open_jev.egg-info/requires.txt
2026-10-03T15:41:37.0408592Z writing top-level names to open_jev.egg-info/top_level.txt
2026-10-03T15:41:37.0453125Z reading manifest file 'open_jev.egg-info/SOURCES.txt'
2026-10-03T15:41:37.0474261Z adding license file 'LICENSE'
2026-10-03T15:41:37.0497733Z writing manifest file 'open_jev.egg-info/SOURCES.txt'
2026-10-03T15:41:37.0512147Z copying third_party/open_jev_fast/LICENSE -> build/lib/third_party/open_jev_fast
2026-10-03T15:41:37.0514832Z copying third_party/open_jev_fast/PROVENANCE.json -> build/lib/third_party/open_jev_fast
2026-10-03T15:41:37.0517499Z copying third_party/open_jev_fast/THIRD_PARTY_NOTICES.md -> build/lib/third_party/open_jev_fast
2026-10-03T15:41:37.0519557Z copying third_party/open_jev_fast/src/kernels.cu -> build/lib/third_party/open_jev_fast/src
2026-10-03T15:41:37.0523360Z copying third_party/open_jev_fast/src/lt.cpp -> build/lib/third_party/open_jev_fast/src
2026-10-03T15:41:37.0558135Z installing to build/bdist.linux-x86_64/wheel
2026-10-03T15:41:37.0558679Z running install
2026-10-03T15:41:37.0628007Z running install_lib
2026-10-03T15:41:37.0642245Z creating build/bdist.linux-x86_64/wheel
2026-10-03T15:41:37.0645502Z creating build/bdist.linux-x86_64/wheel/jev
2026-10-03T15:41:37.0647117Z copying build/lib/jev/temporal_windows_v5.py -> build/bdist.linux-x86_64/wheel/./jev
2026-10-03T15:41:37.0649117Z copying build/lib/jev/mailroom_audit.py -> build/bdist.linux-x86_64/wheel/./jev
2026-10-03T15:41:37.0651063Z copying build/lib/jev/ir_eval.py -> build/bdist.linux-x86_64/wheel/./jev
2026-10-03T15:41:37.0653441Z copying build/lib/jev/case_doom.py -> build/bdist.linux-x86_64/wheel/./jev
2026-10-03T15:41:37.0655741Z copying build/lib/jev/server.py -> build/bdist.linux-x86_64/wheel/./jev
2026-10-03T15:41:37.0657645Z copying build/lib/jev/painting.py -> build/bdist.linux-x86_64/wheel/./jev
2026-10-03T15:41:37.0660099Z copying build/lib/jev/mailroom_probe.py -> build/bdist.linux-x86_64/wheel/./jev
2026-10-03T15:41:37.0661709Z copying build/lib/jev/silent_failure_data.py -> build/bdist.linux-x86_64/wheel/./jev
2026-10-03T15:41:37.0664065Z copying build/lib/jev/community_diversity_v2.py -> build/bdist.linux-x86_64/wheel/./jev
2026-10-03T15:41:37.0666704Z copying build/lib/jev/boundary_controls_v7.py -> build/bdist.linux-x86_64/wheel/./jev
2026-10-03T15:41:37.0668649Z copying build/lib/jev/case_workflows.py -> build/bdist.linux-x86_64/wheel/./jev
2026-10-03T15:41:37.0670600Z copying build/lib/jev/metrics.py -> build/bdist.linux-x86_64/wheel/./jev
2026-10-03T15:41:37.0672596Z copying build/lib/jev/context_retention_data.py -> build/bdist.linux-x86_64/wheel/./jev
2026-10-03T15:41:37.0674773Z copying build/lib/jev/case_customer.py -> build/bdist.linux-x86_64/wheel/./jev
2026-10-03T15:41:37.0676703Z copying build/lib/jev/public_data.py -> build/bdist.linux-x86_64/wheel/./jev
2026-10-03T15:41:37.0678530Z copying build/lib/jev/ir_data.py -> build/bdist.linux-x86_64/wheel/./jev
2026-10-03T15:41:37.0680406Z copying build/lib/jev/game_cli.py -> build/bdist.linux-x86_64/wheel/./jev
2026-10-03T15:41:37.0682318Z copying build/lib/jev/sql_semantics_v3.py -> build/bdist.linux-x86_64/wheel/./jev
2026-10-03T15:41:37.0684921Z copying build/lib/jev/sharded_model.py -> build/bdist.linux-x86_64/wheel/./jev
2026-10-03T15:41:37.0686738Z copying build/lib/jev/community_workflow_v3.py -> build/bdist.linux-x86_64/wheel/./jev
2026-10-03T15:41:37.0688704Z copying build/lib/jev/serving.py -> build/bdist.linux-x86_64/wheel/./jev
2026-10-03T15:41:37.0690654Z copying build/lib/jev/mailroom_data.py -> build/bdist.linux-x86_64/wheel/./jev
2026-10-03T15:41:37.0692609Z copying build/lib/jev/case_entity_alignment.py -> build/bdist.linux-x86_64/wheel/./jev
2026-10-03T15:41:37.0694812Z copying build/lib/jev/case_wikiracing.py -> build/bdist.linux-x86_64/wheel/./jev
2026-10-03T15:41:37.0696765Z copying build/lib/jev/doom_control.py -> build/bdist.linux-x86_64/wheel/./jev
2026-10-03T15:41:37.0698705Z copying build/lib/jev/frontier_controls_v4.py -> build/bdist.linux-x86_64/wheel/./jev
2026-10-03T15:41:37.0700671Z copying build/lib/jev/fast_backend.py -> build/bdist.linux-x86_64/wheel/./jev
2026-10-03T15:41:37.0702787Z copying build/lib/jev/case_browser.py -> build/bdist.linux-x86_64/wheel/./jev
2026-10-03T15:41:37.0704848Z copying build/lib/jev/prefix_cache.py -> build/bdist.linux-x86_64/wheel/./jev
2026-10-03T15:41:37.0707048Z copying build/lib/jev/case_sponsor_segments.py -> build/bdist.linux-x86_64/wheel/./jev
2026-10-03T15:41:37.0708888Z copying build/lib/jev/wanli_data.py -> build/bdist.linux-x86_64/wheel/./jev
2026-10-03T15:41:37.0710740Z copying build/lib/jev/model.py -> build/bdist.linux-x86_64/wheel/./jev
2026-10-03T15:41:37.0713491Z creating build/bdist.linux-x86_64/wheel/jev/kernels
2026-10-03T15:41:37.0715253Z copying build/lib/jev/kernels/triton_tail.py -> build/bdist.linux-x86_64/wheel/./jev/kernels
2026-10-03T15:41:37.0717194Z copying build/lib/jev/kernels/final_score.py -> build/bdist.linux-x86_64/wheel/./jev/kernels
2026-10-03T15:41:37.0718971Z copying build/lib/jev/kernels/__init__.py -> build/bdist.linux-x86_64/wheel/./jev/kernels
2026-10-03T15:41:37.0720769Z copying build/lib/jev/case_drone.py -> build/bdist.linux-x86_64/wheel/./jev
2026-10-03T15:41:37.0723353Z copying build/lib/jev/case_reasoning.py -> build/bdist.linux-x86_64/wheel/./jev
2026-10-03T15:41:37.0725406Z copying build/lib/jev/case_phone_extraction.py -> build/bdist.linux-x86_64/wheel/./jev
2026-10-03T15:41:37.0727299Z copying build/lib/jev/workflows.py -> build/bdist.linux-x86_64/wheel/./jev
2026-10-03T15:41:37.0729758Z copying build/lib/jev/games.py -> build/bdist.linux-x86_64/wheel/./jev
2026-10-03T15:41:37.0732048Z copying build/lib/jev/predict.py -> build/bdist.linux-x86_64/wheel/./jev
2026-10-03T15:41:37.0733885Z copying build/lib/jev/recipes.py -> build/bdist.linux-x86_64/wheel/./jev
2026-10-03T15:41:37.0736372Z copying build/lib/jev/shared_resources.py -> build/bdist.linux-x86_64/wheel/./jev
2026-10-03T15:41:37.0738254Z copying build/lib/jev/client.py -> build/bdist.linux-x86_64/wheel/./jev
2026-10-03T15:41:37.0740088Z copying build/lib/jev/train.py -> build/bdist.linux-x86_64/wheel/./jev
2026-10-03T15:41:37.0742659Z copying build/lib/jev/community.py -> build/bdist.linux-x86_64/wheel/./jev
2026-10-03T15:41:37.0744781Z copying build/lib/jev/policy_controls_v6.py -> build/bdist.linux-x86_64/wheel/./jev
2026-10-03T15:41:37.0746792Z copying build/lib/jev/inference_initialization.py -> build/bdist.linux-x86_64/wheel/./jev
2026-10-03T15:41:37.0748759Z copying build/lib/jev/community_routing_v3.py -> build/bdist.linux-x86_64/wheel/./jev
2026-10-03T15:41:37.0750706Z copying build/lib/jev/__init__.py -> build/bdist.linux-x86_64/wheel/./jev
2026-10-03T15:41:37.0752614Z copying build/lib/jev/case_email_selection.py -> build/bdist.linux-x86_64/wheel/./jev
2026-10-03T15:41:37.0754755Z copying build/lib/jev/eval_resources.py -> build/bdist.linux-x86_64/wheel/./jev
2026-10-03T15:41:37.0756767Z copying build/lib/jev/case_citation.py -> build/bdist.linux-x86_64/wheel/./jev
2026-10-03T15:41:37.0758781Z copying build/lib/jev/case_amount_extraction.py -> build/bdist.linux-x86_64/wheel/./jev
2026-10-03T15:41:37.0760799Z copying build/lib/jev/eval_frontier.py -> build/bdist.linux-x86_64/wheel/./jev
2026-10-03T15:41:37.0762749Z copying build/lib/jev/api.py -> build/bdist.linux-x86_64/wheel/./jev
2026-10-03T15:41:37.0764895Z copying build/lib/jev/mix_data.py -> build/bdist.linux-x86_64/wheel/./jev
2026-10-03T15:41:37.0766841Z copying build/lib/jev/data.py -> build/bdist.linux-x86_64/wheel/./jev
2026-10-03T15:41:37.0768875Z copying build/lib/jev/frontier_controls_v8.py -> build/bdist.linux-x86_64/wheel/./jev
2026-10-03T15:41:37.0770902Z copying build/lib/jev/train_distributed.py -> build/bdist.linux-x86_64/wheel/./jev
2026-10-03T15:41:37.0773354Z creating build/bdist.linux-x86_64/wheel/third_party
2026-10-03T15:41:37.0775480Z creating build/bdist.linux-x86_64/wheel/third_party/open_jev_fast
2026-10-03T15:41:37.0777126Z copying build/lib/third_party/open_jev_fast/LICENSE -> build/bdist.linux-x86_64/wheel/./third_party/open_jev_fast
2026-10-03T15:41:37.0779290Z copying build/lib/third_party/open_jev_fast/PROVENANCE.json -> build/bdist.linux-x86_64/wheel/./third_party/open_jev_fast
2026-10-03T15:41:37.0781175Z creating build/bdist.linux-x86_64/wheel/third_party/open_jev_fast/src
2026-10-03T15:41:37.0782605Z copying build/lib/third_party/open_jev_fast/src/fastmodel.py -> build/bdist.linux-x86_64/wheel/./third_party/open_jev_fast/src
2026-10-03T15:41:37.0784971Z copying build/lib/third_party/open_jev_fast/src/ext.py -> build/bdist.linux-x86_64/wheel/./third_party/open_jev_fast/src
2026-10-03T15:41:37.0786892Z copying build/lib/third_party/open_jev_fast/src/lt_ext.py -> build/bdist.linux-x86_64/wheel/./third_party/open_jev_fast/src
2026-10-03T15:41:37.0788578Z copying build/lib/third_party/open_jev_fast/src/kernels.cu -> build/bdist.linux-x86_64/wheel/./third_party/open_jev_fast/src
2026-10-03T15:41:37.0791481Z copying build/lib/third_party/open_jev_fast/src/lt.cpp -> build/bdist.linux-x86_64/wheel/./third_party/open_jev_fast/src
2026-10-03T15:41:37.0793555Z copying build/lib/third_party/open_jev_fast/src/__init__.py -> build/bdist.linux-x86_64/wheel/./third_party/open_jev_fast/src
2026-10-03T15:41:37.0795362Z copying build/lib/third_party/open_jev_fast/THIRD_PARTY_NOTICES.md -> build/bdist.linux-x86_64/wheel/./third_party/open_jev_fast
2026-10-03T15:41:37.0797335Z copying build/lib/third_party/open_jev_fast/__init__.py -> build/bdist.linux-x86_64/wheel/./third_party/open_jev_fast
2026-10-03T15:41:37.0799014Z copying build/lib/third_party/__init__.py -> build/bdist.linux-x86_64/wheel/./third_party
2026-10-03T15:41:37.0800642Z running install_egg_info
2026-10-03T15:41:37.0815089Z Copying open_jev.egg-info to build/bdist.linux-x86_64/wheel/./open_jev-0.1.0.dev0-py3.14.egg-info
2026-10-03T15:41:37.0823974Z running install_scripts
2026-10-03T15:41:37.0835953Z creating build/bdist.linux-x86_64/wheel/open_jev-0.1.0.dev0.dist-info/WHEEL
2026-10-03T15:41:37.0841188Z creating '/home/runner/work/Open-Jev/Open-Jev/dist/.tmp-zpd4mc66/open_jev-0.1.0.dev0-py3-none-any.whl' and adding 'build/bdist.linux-x86_64/wheel' to it
2026-10-03T15:41:37.0845119Z adding 'jev/__init__.py'
2026-10-03T15:41:37.0849187Z adding 'jev/api.py'
2026-10-03T15:41:37.0856995Z adding 'jev/boundary_controls_v7.py'
2026-10-03T15:41:37.0866665Z adding 'jev/case_amount_extraction.py'
2026-10-03T15:41:37.0874470Z adding 'jev/case_browser.py'
2026-10-03T15:41:37.0879746Z adding 'jev/case_citation.py'
2026-10-03T15:41:37.0886544Z adding 'jev/case_customer.py'
2026-10-03T15:41:37.0892527Z adding 'jev/case_doom.py'
2026-10-03T15:41:37.0900415Z adding 'jev/case_drone.py'
2026-10-03T15:41:37.0907001Z adding 'jev/case_email_selection.py'
2026-10-03T15:41:37.0913441Z adding 'jev/case_entity_alignment.py'
2026-10-03T15:41:37.0922160Z adding 'jev/case_phone_extraction.py'
2026-10-03T15:41:37.0929374Z adding 'jev/case_reasoning.py'
2026-10-03T15:41:37.0935357Z adding 'jev/case_sponsor_segments.py'
2026-10-03T15:41:37.0941286Z adding 'jev/case_wikiracing.py'
2026-10-03T15:41:37.0948328Z adding 'jev/case_workflows.py'
2026-10-03T15:41:37.0950715Z adding 'jev/client.py'
2026-10-03T15:41:37.0960193Z adding 'jev/community.py'
2026-10-03T15:41:37.0982250Z adding 'jev/community_diversity_v2.py'
2026-10-03T15:41:37.0989647Z adding 'jev/community_routing_v3.py'
2026-10-03T15:41:37.1002034Z adding 'jev/community_workflow_v3.py'
2026-10-03T15:41:37.1008426Z adding 'jev/context_retention_data.py'
2026-10-03T15:41:37.1016932Z adding 'jev/data.py'
2026-10-03T15:41:37.1020103Z adding 'jev/doom_control.py'
2026-10-03T15:41:37.1027984Z adding 'jev/eval_frontier.py'
2026-10-03T15:41:37.1034178Z adding 'jev/eval_resources.py'
2026-10-03T15:41:37.1038523Z adding 'jev/fast_backend.py'
2026-10-03T15:41:37.1043341Z adding 'jev/frontier_controls_v4.py'
2026-10-03T15:41:37.1052914Z adding 'jev/frontier_controls_v8.py'
2026-10-03T15:41:37.1056610Z adding 'jev/game_cli.py'
2026-10-03T15:41:37.1072711Z adding 'jev/games.py'
2026-10-03T15:41:37.1077251Z adding 'jev/inference_initialization.py'
2026-10-03T15:41:37.1081779Z adding 'jev/ir_data.py'
2026-10-03T15:41:37.1087534Z adding 'jev/ir_eval.py'
2026-10-03T15:41:37.1093589Z adding 'jev/mailroom_audit.py'
2026-10-03T15:41:37.1100617Z adding 'jev/mailroom_data.py'
2026-10-03T15:41:37.1104492Z adding 'jev/mailroom_probe.py'
2026-10-03T15:41:37.1108711Z adding 'jev/metrics.py'
2026-10-03T15:41:37.1111259Z adding 'jev/mix_data.py'
2026-10-03T15:41:37.1117166Z adding 'jev/model.py'
2026-10-03T15:41:37.1122552Z adding 'jev/painting.py'
2026-10-03T15:41:37.1127898Z adding 'jev/policy_controls_v6.py'
2026-10-03T15:41:37.1130657Z adding 'jev/predict.py'
2026-10-03T15:41:37.1137020Z adding 'jev/prefix_cache.py'
2026-10-03T15:41:37.1140326Z adding 'jev/public_data.py'
2026-10-03T15:41:37.1145765Z adding 'jev/recipes.py'
2026-10-03T15:41:37.1149307Z adding 'jev/server.py'
2026-10-03T15:41:37.1153095Z adding 'jev/serving.py'
2026-10-03T15:41:37.1158304Z adding 'jev/sharded_model.py'
2026-10-03T15:41:37.1166545Z adding 'jev/shared_resources.py'
2026-10-03T15:41:37.1172483Z adding 'jev/silent_failure_data.py'
2026-10-03T15:41:37.1183129Z adding 'jev/sql_semantics_v3.py'
2026-10-03T15:41:37.1186958Z adding 'jev/temporal_windows_v5.py'
2026-10-03T15:41:37.1197511Z adding 'jev/train.py'
2026-10-03T15:41:37.1209345Z adding 'jev/train_distributed.py'
2026-10-03T15:41:37.1213260Z adding 'jev/wanli_data.py'
2026-10-03T15:41:37.1222116Z adding 'jev/workflows.py'
2026-10-03T15:41:37.1225028Z adding 'jev/kernels/__init__.py'
2026-10-03T15:41:37.1227810Z adding 'jev/kernels/final_score.py'
2026-10-03T15:41:37.1230363Z adding 'jev/kernels/triton_tail.py'
2026-10-03T15:41:37.1233945Z adding 'open_jev-0.1.0.dev0.dist-info/licenses/LICENSE'
2026-10-03T15:41:37.1236337Z adding 'third_party/__init__.py'
2026-10-03T15:41:37.1239098Z adding 'third_party/open_jev_fast/LICENSE'
2026-10-03T15:41:37.1241561Z adding 'third_party/open_jev_fast/PROVENANCE.json'
2026-10-03T15:41:37.1245564Z adding 'third_party/open_jev_fast/THIRD_PARTY_NOTICES.md'
2026-10-03T15:41:37.1247178Z adding 'third_party/open_jev_fast/__init__.py'
2026-10-03T15:41:37.1249787Z adding 'third_party/open_jev_fast/src/__init__.py'
2026-10-03T15:41:37.1252792Z adding 'third_party/open_jev_fast/src/ext.py'
2026-10-03T15:41:37.1263358Z adding 'third_party/open_jev_fast/src/fastmodel.py'
2026-10-03T15:41:37.1315143Z adding 'third_party/open_jev_fast/src/kernels.cu'
2026-10-03T15:41:37.1320843Z adding 'third_party/open_jev_fast/src/lt.cpp'
2026-10-03T15:41:37.1323235Z adding 'third_party/open_jev_fast/src/lt_ext.py'
2026-10-03T15:41:37.1335048Z adding 'open_jev-0.1.0.dev0.dist-info/METADATA'
2026-10-03T15:41:37.1336901Z adding 'open_jev-0.1.0.dev0.dist-info/WHEEL'
2026-10-03T15:41:37.1338854Z adding 'open_jev-0.1.0.dev0.dist-info/entry_points.txt'
2026-10-03T15:41:37.1340100Z adding 'open_jev-0.1.0.dev0.dist-info/top_level.txt'
2026-10-03T15:41:37.1345207Z adding 'open_jev-0.1.0.dev0.dist-info/RECORD'
2026-10-03T15:41:37.1348316Z removing build/bdist.linux-x86_64/wheel
2026-10-03T15:41:37.1745423Z Successfully built open_jev-0.1.0.dev0-py3-none-any.whl
2026-10-03T15:41:37.1970330Z ##[group]Run python - <<'PY'
2026-10-03T15:41:37.1970664Z [36;1mpython - <<'PY'[0m
2026-10-03T15:41:37.1970916Z [36;1mfrom pathlib import Path[0m
2026-10-03T15:41:37.1971185Z [36;1mfrom zipfile import ZipFile[0m
2026-10-03T15:41:37.1971474Z [36;1mwheel = next(Path('dist').glob('*.whl'))[0m
2026-10-03T15:41:37.1971768Z [36;1mrequired = {[0m
2026-10-03T15:41:37.1972017Z [36;1m    'jev/kernels/triton_tail.py',[0m
2026-10-03T15:41:37.1972354Z [36;1m    'third_party/open_jev_fast/src/fastmodel.py',[0m
2026-10-03T15:41:37.1972706Z [36;1m    'third_party/open_jev_fast/src/kernels.cu',[0m
2026-10-03T15:41:37.1973040Z [36;1m    'third_party/open_jev_fast/src/lt.cpp',[0m
2026-10-03T15:41:37.1973639Z [36;1m    'third_party/open_jev_fast/LICENSE',[0m
2026-10-03T15:41:37.1973988Z [36;1m    'third_party/open_jev_fast/PROVENANCE.json',[0m
2026-10-03T15:41:37.1974354Z [36;1m    'third_party/open_jev_fast/THIRD_PARTY_NOTICES.md',[0m
2026-10-03T15:41:37.1974690Z [36;1m}[0m
2026-10-03T15:41:37.1974900Z [36;1mwith ZipFile(wheel) as package:[0m
2026-10-03T15:41:37.1975333Z [36;1m    assert required <= set(package.namelist()), required - set(package.namelist())[0m
2026-10-03T15:41:37.1975758Z [36;1mPY[0m
2026-10-03T15:41:37.2038733Z shell: /usr/bin/bash -e {0}
2026-10-03T15:41:37.2038977Z env:
2026-10-03T15:41:37.2039242Z   pythonLocation: /opt/hostedtoolcache/Python/3.14.7/x64
2026-10-03T15:41:37.2039683Z   PKG_CONFIG_PATH: /opt/hostedtoolcache/Python/3.14.7/x64/lib/pkgconfig
2026-10-03T15:41:37.2040099Z   Python_ROOT_DIR: /opt/hostedtoolcache/Python/3.14.7/x64
2026-10-03T15:41:37.2040470Z   Python2_ROOT_DIR: /opt/hostedtoolcache/Python/3.14.7/x64
2026-10-03T15:41:37.2040854Z   Python3_ROOT_DIR: /opt/hostedtoolcache/Python/3.14.7/x64
2026-10-03T15:41:37.2041230Z   LD_LIBRARY_PATH: /opt/hostedtoolcache/Python/3.14.7/x64/lib
2026-10-03T15:41:37.2041544Z ##[endgroup]
2026-10-03T15:41:37.2561393Z Post job cleanup.
2026-10-03T15:41:37.3778150Z (node:16371) [DEP0040] DeprecationWarning: The `punycode` module is deprecated. Please use a userland alternative instead.
2026-10-03T15:41:37.3778936Z (Use `node --trace-deprecation ...` to show where the warning was created)
2026-10-03T15:41:37.4009014Z Post job cleanup.
2026-10-03T15:41:37.4896456Z [command]/usr/bin/git version
2026-10-03T15:41:37.4940709Z git version 2.55.0
2026-10-03T15:41:37.4989330Z Temporarily overriding HOME='/home/runner/work/_temp/c96d0ea8-1623-48db-a275-efd78d6372cf' before making global git config changes
2026-10-03T15:41:37.4990974Z Adding repository directory to the temporary git global config as a safe directory
2026-10-03T15:41:37.5005919Z [command]/usr/bin/git config --global --add safe.directory /home/runner/work/Open-Jev/Open-Jev
2026-10-03T15:41:37.5081211Z [command]/usr/bin/git config --local --name-only --get-regexp core\.sshCommand
2026-10-03T15:41:37.5127053Z [command]/usr/bin/git submodule foreach --recursive sh -c "git config --local --name-only --get-regexp 'core\.sshCommand' && git config --local --unset-all 'core.sshCommand' || :"
2026-10-03T15:41:37.5515574Z [command]/usr/bin/git config --local --name-only --get-regexp http\.https\:\/\/github\.com\/\.extraheader
2026-10-03T15:41:37.5520021Z http.https://github.com/.extraheader
2026-10-03T15:41:37.5537602Z [command]/usr/bin/git config --local --unset-all http.https://github.com/.extraheader
2026-10-03T15:41:37.5589055Z [command]/usr/bin/git submodule foreach --recursive sh -c "git config --local --name-only --get-regexp 'http\.https\:\/\/github\.com\/\.extraheader' && git config --local --unset-all 'http.https://github.com/.extraheader' || :"
2026-10-03T15:41:37.5928832Z [command]/usr/bin/git config --local --name-only --get-regexp ^includeIf\.gitdir:
2026-10-03T15:41:37.6014324Z [command]/usr/bin/git submodule foreach --recursive git config --local --show-origin --name-only --get-regexp remote.origin.url
2026-10-03T15:41:37.6395350Z Cleaning up orphan processes
2026-10-03T15:41:37.6687262Z ##[warning]Node.js 20 is deprecated. The following actions target Node.js 20 but are being forced to run on Node.js 24: actions/checkout@v4, actions/setup-python@v5. For more information see: https://github.blog/changelog/2025-09-19-deprecation-of-node-20-on-github-actions-runners/
